"id","man","fcode","anio","fuente","I01","I02","I03","I04","I05","I06","poblacion_total","poblacion_65_mas","total_viviendas","viviendas_sin_electricidad","viviendas_sin_agua_entubada","total_hogares","hogares_hacinamiento","hogares_nbi","pct_pob_65","pct_sin_elec","pct_sin_agua","pct_hacinamiento","pct_nbi"
92740,"090650040005001","BB004","2021","CPV","09","06","50","040","005","001",193,5,58,0,0,52,0,0,2.59067357512953,0,0,0,0
92741,"090650035009005","BB004","2021","CPV",NA,NA,NA,NA,NA,NA,0,0,0,0,0,0,0,0,NA,NA,NA,NA,NA
92742,"090650036005015","BB004","2021","CPV","09","06","50","036","005","015",22,0,7,0,0,5,0,0,0,0,0,0,0
92743,"090650040008003","BB004","2021","CPV","09","06","50","040","008","003",133,11,42,0,0,39,0,0,8.27067669172932,0,0,0,0
92746,"090650035009003","BB004","2021","CPV","09","06","50","035","009","003",35,0,9,1,0,9,0,1,0,11.1111111111111,0,0,11.1111111111111
92747,"090650009008006","BB004","2021","CPV","09","06","50","009","008","006",62,5,18,0,0,17,4,5,8.06451612903226,0,0,23.5294117647059,29.4117647058824
92827,"090650032011011","BB004","2021","CPV",NA,NA,NA,NA,NA,NA,0,0,0,0,0,0,0,0,NA,NA,NA,NA,NA
92828,"090650032011012","BB004","2021","CPV","09","06","50","032","011","012",17,0,6,0,0,5,0,0,0,0,0,0,0
92829,"090650034003012","BB004","2021","CPV","09","06","50","034","003","012",11,1,3,0,0,3,0,1,9.09090909090909,0,0,0,33.3333333333333
92830,"090650032011014","BB004","2021","CPV","09","06","50","032","011","014",19,0,7,0,0,6,0,0,0,0,0,0,0
92831,"090650046007003","BB004","2021","CPV","09","06","50","046","007","003",70,1,31,0,0,23,0,0,1.42857142857143,0,0,0,0
92832,"090650034003004","BB004","2021","CPV",NA,NA,NA,NA,NA,NA,0,0,0,0,0,0,0,0,NA,NA,NA,NA,NA
92833,"090650034007004","BB004","2021","CPV","09","06","50","034","007","004",27,3,15,0,0,12,0,0,11.1111111111111,0,0,0,0
92834,"090650026007007","BB004","2021","CPV","09","06","50","026","007","007",43,3,18,0,0,15,0,0,6.97674418604651,0,0,0,0
92835,"090650023007002","BB004","2021","CPV","09","06","50","023","007","002",88,5,25,0,0,23,0,0,5.68181818181818,0,0,0,0
92836,"090650029002003","BB004","2021","CPV","09","06","50","029","002","003",82,8,28,0,0,26,0,0,9.75609756097561,0,0,0,0
92837,"090650026007002","BB004","2021","CPV",NA,NA,NA,NA,NA,NA,0,0,0,0,0,0,0,0,NA,NA,NA,NA,NA
92838,"090650023007005","BB004","2021","CPV","09","06","50","023","007","005",48,6,19,0,0,16,0,2,12.5,0,0,0,12.5
92839,"090650023004005","BB004","2021","CPV","09","06","50","023","004","005",70,3,25,0,0,20,0,0,4.28571428571429,0,0,0,0
92840,"090650026007003","BB004","2021","CPV",NA,NA,NA,NA,NA,NA,0,0,0,0,0,0,0,0,NA,NA,NA,NA,NA
92841,"090650026007008","BB004","2021","CPV",NA,NA,NA,NA,NA,NA,0,0,0,0,0,0,0,0,NA,NA,NA,NA,NA
92842,"090650031001021","BB004","2021","CPV",NA,NA,NA,NA,NA,NA,0,0,0,0,0,0,0,0,NA,NA,NA,NA,NA
92843,"090650036004012","BB004","2021","CPV","09","06","50","036","004","012",57,3,23,0,0,21,0,0,5.26315789473684,0,0,0,0
92844,"090650036004001","BB004","2021","CPV","09","06","50","036","004","001",10,3,7,0,0,5,0,0,30,0,0,0,0
92845,"090650036004003","BB004","2021","CPV",NA,NA,NA,NA,NA,NA,0,0,0,0,0,0,0,0,NA,NA,NA,NA,NA
92846,"090650036004011","BB004","2021","CPV","09","06","50","036","004","011",35,4,16,0,0,14,0,1,11.4285714285714,0,0,0,7.14285714285714
92847,"090650039003001","BB004","2021","CPV","09","06","50","039","003","001",190,9,60,0,0,47,0,0,4.73684210526316,0,0,0,0
92848,"090650025002005","BB004","2021","CPV","09","06","50","025","002","005",67,8,22,0,0,19,0,1,11.9402985074627,0,0,0,5.26315789473684
92849,"090650018005001","BB004","2021","CPV","09","06","50","018","005","001",116,5,34,0,0,30,0,1,4.31034482758621,0,0,0,3.33333333333333
92850,"090650039003002","BB004","2021","CPV","09","06","50","039","003","002",213,5,60,0,0,52,0,0,2.34741784037559,0,0,0,0
92851,"090650036004005","BB004","2021","CPV","09","06","50","036","004","005",19,5,9,0,0,7,0,0,26.3157894736842,0,0,0,0
92852,"090650036004002","BB004","2021","CPV",NA,NA,NA,NA,NA,NA,0,0,0,0,0,0,0,0,NA,NA,NA,NA,NA
92853,"090650036004019","BB004","2021","CPV","09","06","50","036","004","019",15,1,6,0,0,6,0,0,6.66666666666667,0,0,0,0
92854,"090650035004005","BB004","2021","CPV","09","06","50","035","004","005",128,14,40,1,1,35,2,4,10.9375,2.5,2.5,5.71428571428571,11.4285714285714
92855,"090650036004006","BB004","2021","CPV","09","06","50","036","004","006",22,2,8,0,0,7,0,0,9.09090909090909,0,0,0,0
92856,"090650036004004","BB004","2021","CPV","09","06","50","036","004","004",35,4,15,0,0,11,0,0,11.4285714285714,0,0,0,0
92857,"090650036004008","BB004","2021","CPV","09","06","50","036","004","008",26,3,8,0,0,7,0,1,11.5384615384615,0,0,0,14.2857142857143
92858,"090650036004009","BB004","2021","CPV","09","06","50","036","004","009",23,3,8,0,0,7,0,0,13.0434782608696,0,0,0,0
92859,"090650037007007","BB004","2021","CPV","09","06","50","037","007","007",22,3,7,0,0,7,0,0,13.6363636363636,0,0,0,0
92860,"090650035004004","BB004","2021","CPV","09","06","50","035","004","004",107,10,41,0,0,35,0,1,9.34579439252336,0,0,0,2.85714285714286
92861,"090650041004005","BB004","2021","CPV","09","06","50","041","004","005",60,3,18,0,0,13,0,0,5,0,0,0,0
92862,"090650037007010","BB004","2021","CPV","09","06","50","037","007","010",79,5,23,0,0,19,0,0,6.32911392405063,0,0,0,0
92863,"090650037007006","BB004","2021","CPV","09","06","50","037","007","006",39,2,8,0,0,8,0,1,5.12820512820513,0,0,0,12.5
92864,"090650034003010","BB004","2021","CPV","09","06","50","034","003","010",95,8,43,0,0,29,1,1,8.42105263157895,0,0,3.44827586206897,3.44827586206897
92865,"090650034006003","BB004","2021","CPV","09","06","50","034","006","003",54,6,32,0,0,21,0,0,11.1111111111111,0,0,0,0
92866,"090650037007015","BB004","2021","CPV",NA,NA,NA,NA,NA,NA,0,0,0,0,0,0,0,0,NA,NA,NA,NA,NA
92867,"090650012004001","BB004","2021","CPV",NA,NA,NA,NA,NA,NA,0,0,0,0,0,0,0,0,NA,NA,NA,NA,NA
92868,"090650013003009","BB004","2021","CPV","09","06","50","013","003","009",78,0,21,0,0,19,4,5,0,0,0,21.0526315789474,26.3157894736842
92869,"090650012001005","BB004","2021","CPV","09","06","50","012","001","005",150,22,62,0,6,58,3,14,14.6666666666667,0,9.67741935483871,5.17241379310345,24.1379310344828
92870,"090650012001006","BB004","2021","CPV","09","06","50","012","001","006",54,8,23,0,0,17,2,2,14.8148148148148,0,0,11.7647058823529,11.7647058823529
92871,"090650013007007","BB004","2021","CPV","09","06","50","013","007","007",16,1,4,0,0,5,0,0,6.25,0,0,0,0
92872,"090650012001003","BB004","2021","CPV","09","06","50","012","001","003",65,11,33,0,0,22,1,2,16.9230769230769,0,0,4.54545454545455,9.09090909090909
92873,"090650035004002","BB004","2021","CPV",NA,NA,NA,NA,NA,NA,0,0,0,0,0,0,0,0,NA,NA,NA,NA,NA
92874,"090650037007005","BB004","2021","CPV","09","06","50","037","007","005",5,2,3,0,0,3,0,0,40,0,0,0,0
92875,"090650043003002","BB004","2021","CPV","09","06","50","043","003","002",91,13,33,0,0,30,0,0,14.2857142857143,0,0,0,0
92876,"090650024003003","BB004","2021","CPV","09","06","50","024","003","003",70,10,26,0,0,17,0,0,14.2857142857143,0,0,0,0
92877,"090650041004002","BB004","2021","CPV","09","06","50","041","004","002",63,6,18,0,0,18,0,0,9.52380952380952,0,0,0,0
92878,"090650041004001","BB004","2021","CPV","09","06","50","041","004","001",55,3,21,0,0,17,0,1,5.45454545454545,0,0,0,5.88235294117647
92879,"090650023004003","BB004","2021","CPV",NA,NA,NA,NA,NA,NA,0,0,0,0,0,0,0,0,NA,NA,NA,NA,NA
92880,"090650023004004","BB004","2021","CPV","09","06","50","023","004","004",83,3,25,0,0,21,0,0,3.6144578313253,0,0,0,0
92881,"090650030003004","BB004","2021","CPV","09","06","50","030","003","004",49,5,19,0,0,17,0,0,10.2040816326531,0,0,0,0
92882,"090650030003003","BB004","2021","CPV","09","06","50","030","003","003",43,1,18,0,0,13,0,1,2.32558139534884,0,0,0,7.69230769230769
92883,"090650043004001","BB004","2021","CPV","09","06","50","043","004","001",71,8,28,0,0,24,0,1,11.2676056338028,0,0,0,4.16666666666667
92884,"090650043003001","BB004","2021","CPV","09","06","50","043","003","001",341,49,129,0,0,107,0,4,14.3695014662757,0,0,0,3.73831775700935
92885,"090650037003006","BB004","2021","CPV","09","06","50","037","003","006",14,1,6,0,0,5,0,0,7.14285714285714,0,0,0,0
92886,"090650037003007","BB004","2021","CPV",NA,NA,NA,NA,NA,NA,0,0,0,0,0,0,0,0,NA,NA,NA,NA,NA
92887,"090650034006001","BB004","2021","CPV","09","06","50","034","006","001",67,1,28,0,0,22,0,0,1.49253731343284,0,0,0,0
92888,"090650041004006","BB004","2021","CPV","09","06","50","041","004","006",60,7,26,0,0,20,0,3,11.6666666666667,0,0,0,15
92889,"090650030009009","BB004","2021","CPV","09","06","50","030","009","009",132,7,43,0,0,38,0,1,5.3030303030303,0,0,0,2.63157894736842
92890,"090650034006004","BB004","2021","CPV","09","06","50","034","006","004",69,4,31,0,0,23,0,0,5.79710144927536,0,0,0,0
92891,"090650014008003","BB004","2021","CPV","09","06","50","014","008","003",61,1,25,0,0,20,0,0,1.63934426229508,0,0,0,0
92892,"090650014009005","BB004","2021","CPV","09","06","50","014","009","005",52,4,18,0,0,13,0,0,7.69230769230769,0,0,0,0
92893,"090650034012001","BB004","2021","CPV","09","06","50","034","012","001",37,3,17,0,0,11,0,1,8.10810810810811,0,0,0,9.09090909090909
92894,"090650014008004","BB004","2021","CPV","09","06","50","014","008","004",95,7,23,0,0,23,0,0,7.36842105263158,0,0,0,0
92895,"090650036005002","BB004","2021","CPV",NA,NA,NA,NA,NA,NA,0,0,0,0,0,0,0,0,NA,NA,NA,NA,NA
92896,"090650014009003","BB004","2021","CPV","09","06","50","014","009","003",45,2,17,0,0,15,0,0,4.44444444444444,0,0,0,0
92897,"090650014009001","BB004","2021","CPV","09","06","50","014","009","001",99,0,30,0,0,29,0,0,0,0,0,0,0
92898,"090650034009013","BB004","2021","CPV",NA,NA,NA,NA,NA,NA,0,0,0,0,0,0,0,0,NA,NA,NA,NA,NA
92899,"090650040008002","BB004","2021","CPV","09","06","50","040","008","002",134,7,38,0,0,35,0,0,5.22388059701492,0,0,0,0
92900,"090650040008001","BB004","2021","CPV","09","06","50","040","008","001",65,3,24,0,0,21,0,0,4.61538461538462,0,0,0,0
92901,"090650037004006","BB004","2021","CPV",NA,NA,NA,NA,NA,NA,0,0,0,0,0,0,0,0,NA,NA,NA,NA,NA
92902,"090650037004013","BB004","2021","CPV","09","06","50","037","004","013",26,3,11,0,0,8,0,0,11.5384615384615,0,0,0,0
92903,"090650015001002","BB004","2021","CPV","09","06","50","015","001","002",155,7,52,0,0,49,0,1,4.51612903225806,0,0,0,2.04081632653061
92904,"090650037004022","BB004","2021","CPV",NA,NA,NA,NA,NA,NA,0,0,0,0,0,0,0,0,NA,NA,NA,NA,NA
92905,"090650036005014","BB004","2021","CPV","09","06","50","036","005","014",11,3,3,0,0,3,0,0,27.2727272727273,0,0,0,0
92906,"090650014009004","BB004","2021","CPV","09","06","50","014","009","004",91,3,33,0,0,29,0,0,3.2967032967033,0,0,0,0
92907,"090650037005003","BB004","2021","CPV","09","06","50","037","005","003",19,5,7,0,0,5,0,1,26.3157894736842,0,0,0,20
92908,"090650037005016","BB004","2021","CPV","09","06","50","037","005","016",92,10,29,0,0,26,0,3,10.8695652173913,0,0,0,11.5384615384615
92909,"090650014010003","BB004","2021","CPV","09","06","50","014","010","003",115,3,37,0,0,33,0,5,2.60869565217391,0,0,0,15.1515151515152
92910,"090650036005005","BB004","2021","CPV","09","06","50","036","005","005",26,1,11,0,0,11,0,0,3.84615384615385,0,0,0,0
92911,"090650034009021","BB004","2021","CPV","09","06","50","034","009","021",3,0,5,0,0,2,0,0,0,0,0,0,0
92912,"090650036005016","BB004","2021","CPV",NA,NA,NA,NA,NA,NA,0,0,0,0,0,0,0,0,NA,NA,NA,NA,NA
92913,"090650037005015","BB004","2021","CPV","09","06","50","037","005","015",14,1,3,0,0,3,0,0,7.14285714285714,0,0,0,0
92914,"090650037005004","BB004","2021","CPV","09","06","50","037","005","004",7,0,2,0,0,2,0,0,0,0,0,0,0
92915,"090650035009006","BB004","2021","CPV","09","06","50","035","009","006",72,6,30,0,4,22,5,13,8.33333333333333,0,13.3333333333333,22.7272727272727,59.0909090909091
92916,"090650037004019","BB004","2021","CPV","09","06","50","037","004","019",39,4,11,0,0,10,0,0,10.2564102564103,0,0,0,0
92917,"090650014009002","BB004","2021","CPV","09","06","50","014","009","002",56,3,19,0,0,16,0,0,5.35714285714286,0,0,0,0
92918,"090650014010001","BB004","2021","CPV","09","06","50","014","010","001",67,1,24,0,0,23,0,0,1.49253731343284,0,0,0,0
92919,"090650034009015","BB004","2021","CPV","09","06","50","034","009","015",36,3,17,0,0,11,0,0,8.33333333333333,0,0,0,0
92920,"090650014010004","BB004","2021","CPV","09","06","50","014","010","004",73,3,22,0,0,19,0,1,4.10958904109589,0,0,0,5.26315789473684
92921,"090650037004023","BB004","2021","CPV","09","06","50","037","004","023",8,2,9,0,0,4,0,0,25,0,0,0,0
92922,"090650034012004","BB004","2021","CPV","09","06","50","034","012","004",29,2,13,0,0,7,0,0,6.89655172413793,0,0,0,0
92923,"090650037005010","BB004","2021","CPV","09","06","50","037","005","010",27,1,15,0,0,8,0,0,3.7037037037037,0,0,0,0
92924,"090650037005011","BB004","2021","CPV","09","06","50","037","005","011",10,0,2,0,0,2,0,0,0,0,0,0,0
92925,"090650037005013","BB004","2021","CPV","09","06","50","037","005","013",49,3,15,0,0,13,0,0,6.12244897959184,0,0,0,0
92926,"090650037005006","BB004","2021","CPV","09","06","50","037","005","006",23,2,6,0,0,5,0,0,8.69565217391304,0,0,0,0
92927,"090650037005017","BB004","2021","CPV","09","06","50","037","005","017",34,5,10,0,0,9,0,0,14.7058823529412,0,0,0,0
92928,"090650037005018","BB004","2021","CPV","09","06","50","037","005","018",35,4,12,0,0,10,0,0,11.4285714285714,0,0,0,0
92929,"090650035006003","BB004","2021","CPV","09","06","50","035","006","003",110,4,37,0,0,36,0,2,3.63636363636364,0,0,0,5.55555555555556
92930,"090650035006002","BB004","2021","CPV","09","06","50","035","006","002",94,10,35,0,0,32,0,1,10.6382978723404,0,0,0,3.125
92931,"090650031009004","BB004","2021","CPV","09","06","50","031","009","004",33,3,9,0,0,9,0,0,9.09090909090909,0,0,0,0
92932,"090650027001001","BB004","2021","CPV","09","06","50","027","001","001",0,0,4,0,0,0,0,0,NA,0,0,NA,NA
92933,"090650027001003","BB004","2021","CPV",NA,NA,NA,NA,NA,NA,0,0,0,0,0,0,0,0,NA,NA,NA,NA,NA
92934,"090650031009003","BB004","2021","CPV","09","06","50","031","009","003",48,3,20,0,0,12,0,0,6.25,0,0,0,0
92935,"090650036005001","BB004","2021","CPV","09","06","50","036","005","001",55,8,22,0,0,20,0,3,14.5454545454545,0,0,0,15
92936,"090650036005013","BB004","2021","CPV","09","06","50","036","005","013",1,0,1,0,0,1,0,0,0,0,0,0,0
92937,"090650037005012","BB004","2021","CPV","09","06","50","037","005","012",18,3,3,0,0,3,0,0,16.6666666666667,0,0,0,0
92938,"090650036005003","BB004","2021","CPV","09","06","50","036","005","003",16,0,5,0,0,5,0,0,0,0,0,0,0
92939,"090650036008007","BB004","2021","CPV","09","06","50","036","008","007",137,7,68,0,0,48,2,4,5.10948905109489,0,0,4.16666666666667,8.33333333333333
92940,"090650036008004","BB004","2021","CPV","09","06","50","036","008","004",79,6,18,0,0,18,1,1,7.59493670886076,0,0,5.55555555555556,5.55555555555556
92941,"090650036008001","BB004","2021","CPV","09","06","50","036","008","001",4,1,2,0,0,2,0,0,25,0,0,0,0
92942,"090650036008003","BB004","2021","CPV","09","06","50","036","008","003",105,7,37,0,0,36,0,2,6.66666666666667,0,0,0,5.55555555555556
92943,"090650037003002","BB004","2021","CPV","09","06","50","037","003","002",86,6,35,0,0,27,0,1,6.97674418604651,0,0,0,3.7037037037037
92944,"090650041007002","BB004","2021","CPV","09","06","50","041","007","002",104,4,44,0,0,28,0,0,3.84615384615385,0,0,0,0
92945,"090650036008002","BB004","2021","CPV",NA,NA,NA,NA,NA,NA,0,0,0,0,0,0,0,0,NA,NA,NA,NA,NA
92946,"090650037003005","BB004","2021","CPV","09","06","50","037","003","005",55,1,14,0,0,13,0,0,1.81818181818182,0,0,0,0
92947,"090650044010006","BB004","2021","CPV","09","06","50","044","010","006",5,0,2,0,0,2,0,1,0,0,0,0,50
92948,"090650044010005","BB004","2021","CPV","09","06","50","044","010","005",64,7,51,0,0,40,0,2,10.9375,0,0,0,5
92949,"090650044010003","BB004","2021","CPV","09","06","50","044","010","003",57,7,28,0,0,26,0,1,12.280701754386,0,0,0,3.84615384615385
92950,"090650044010001","BB004","2021","CPV","09","06","50","044","010","001",48,5,20,0,0,17,0,3,10.4166666666667,0,0,0,17.6470588235294
92951,"090650041007004","BB004","2021","CPV","09","06","50","041","007","004",41,5,17,0,0,13,0,0,12.1951219512195,0,0,0,0
92952,"090650037004024","BB004","2021","CPV",NA,NA,NA,NA,NA,NA,0,0,0,0,0,0,0,0,NA,NA,NA,NA,NA
92953,"090650034012003","BB004","2021","CPV","09","06","50","034","012","003",44,6,15,0,0,13,0,1,13.6363636363636,0,0,0,7.69230769230769
92954,"090650033003004","BB004","2021","CPV","09","06","50","033","003","004",151,11,46,0,0,41,0,2,7.28476821192053,0,0,0,4.8780487804878
92955,"090650037003001","BB004","2021","CPV","09","06","50","037","003","001",105,2,39,0,0,34,0,2,1.9047619047619,0,0,0,5.88235294117647
92956,"090650036008005","BB004","2021","CPV","09","06","50","036","008","005",69,10,21,0,0,19,1,1,14.4927536231884,0,0,5.26315789473684,5.26315789473684
92957,"090650038008003","BB004","2021","CPV","09","06","50","038","008","003",102,9,39,0,0,33,0,3,8.82352941176471,0,0,0,9.09090909090909
92958,"090650038007003","BB004","2021","CPV","09","06","50","038","007","003",146,11,54,0,0,44,0,0,7.53424657534247,0,0,0,0
92959,"090650044005003","BB004","2021","CPV","09","06","50","044","005","003",92,3,40,0,0,32,0,0,3.26086956521739,0,0,0,0
92960,"090650044005002","BB004","2021","CPV","09","06","50","044","005","002",90,4,42,0,0,33,0,0,4.44444444444444,0,0,0,0
92961,"090650045004001","BB004","2021","CPV","09","06","50","045","004","001",178,6,58,0,0,49,1,3,3.37078651685393,0,0,2.04081632653061,6.12244897959184
92962,"090650035008004","BB004","2021","CPV","09","06","50","035","008","004",44,6,16,0,0,13,0,0,13.6363636363636,0,0,0,0
92963,"090650037004025","BB004","2021","CPV","09","06","50","037","004","025",139,7,47,0,0,37,0,0,5.03597122302158,0,0,0,0
92964,"090650040007005","BB004","2021","CPV","09","06","50","040","007","005",70,11,29,0,0,21,1,1,15.7142857142857,0,0,4.76190476190476,4.76190476190476
92965,"090650038008001","BB004","2021","CPV","09","06","50","038","008","001",151,10,50,0,0,42,0,2,6.62251655629139,0,0,0,4.76190476190476
92966,"090650037004007","BB004","2021","CPV","09","06","50","037","004","007",7,1,2,0,0,2,0,0,14.2857142857143,0,0,0,0
92967,"090650037006008","BB004","2021","CPV","09","06","50","037","006","008",32,3,13,0,0,9,0,2,9.375,0,0,0,22.2222222222222
92968,"090650037006001","BB004","2021","CPV","09","06","50","037","006","001",19,3,6,0,0,5,0,1,15.7894736842105,0,0,0,20
92969,"090650040007004","BB004","2021","CPV","09","06","50","040","007","004",79,4,31,0,0,25,0,0,5.06329113924051,0,0,0,0
92970,"090650045004002","BB004","2021","CPV","09","06","50","045","004","002",139,7,43,0,0,39,0,0,5.03597122302158,0,0,0,0
92971,"090650044010004","BB004","2021","CPV","09","06","50","044","010","004",13,0,4,0,0,4,0,0,0,0,0,0,0
92972,"090650036008006","BB004","2021","CPV","09","06","50","036","008","006",135,11,76,1,0,52,2,3,8.14814814814815,1.31578947368421,0,3.84615384615385,5.76923076923077
92973,"090650036001004","BB004","2021","CPV","09","06","50","036","001","004",148,13,46,0,0,44,0,0,8.78378378378378,0,0,0,0
92974,"090650044010002","BB004","2021","CPV","09","06","50","044","010","002",68,7,24,1,0,20,1,1,10.2941176470588,4.16666666666667,0,5,5
92975,"090650036001002","BB004","2021","CPV","09","06","50","036","001","002",6,0,3,0,0,2,0,0,0,0,0,0,0
92976,"090650036001003","BB004","2021","CPV","09","06","50","036","001","003",13,2,5,0,0,5,0,0,15.3846153846154,0,0,0,0
92977,"090650037004020","BB004","2021","CPV","09","06","50","037","004","020",18,3,3,0,0,3,0,0,16.6666666666667,0,0,0,0
92978,"090650036001001","BB004","2021","CPV",NA,NA,NA,NA,NA,NA,0,0,0,0,0,0,0,0,NA,NA,NA,NA,NA
92979,"090650037004005","BB004","2021","CPV","09","06","50","037","004","005",8,1,3,0,0,3,0,0,12.5,0,0,0,0
92980,"090650037004004","BB004","2021","CPV","09","06","50","037","004","004",14,0,6,0,0,4,0,0,0,0,0,0,0
92981,"090650040009001","BB004","2021","CPV","09","06","50","040","009","001",134,8,47,0,0,40,0,0,5.97014925373134,0,0,0,0
92982,"090650040002003","BB004","2021","CPV","09","06","50","040","002","003",179,6,60,0,0,50,0,1,3.35195530726257,0,0,0,2
92983,"090650036008008","BB004","2021","CPV",NA,NA,NA,NA,NA,NA,0,0,0,0,0,0,0,0,NA,NA,NA,NA,NA
92984,"090650040002002","BB004","2021","CPV","09","06","50","040","002","002",166,7,53,0,0,44,0,1,4.21686746987952,0,0,0,2.27272727272727
92985,"090650043005003","BB004","2021","CPV","09","06","50","043","005","003",71,4,27,0,0,23,0,0,5.63380281690141,0,0,0,0
92986,"090650043001004","BB004","2021","CPV","09","06","50","043","001","004",74,9,26,0,0,21,0,0,12.1621621621622,0,0,0,0
92987,"090650036007005","BB004","2021","CPV","09","06","50","036","007","005",186,13,59,0,0,51,6,8,6.98924731182796,0,0,11.7647058823529,15.6862745098039
92988,"090650042007007","BB004","2021","CPV","09","06","50","042","007","007",20,3,6,0,0,6,0,0,15,0,0,0,0
92989,"090650033007005","BB004","2021","CPV","09","06","50","033","007","005",45,8,17,0,0,14,0,1,17.7777777777778,0,0,0,7.14285714285714
92990,"090650037006009","BB004","2021","CPV","09","06","50","037","006","009",67,11,23,0,0,19,0,0,16.4179104477612,0,0,0,0
92991,"090650036008009","BB004","2021","CPV",NA,NA,NA,NA,NA,NA,0,0,0,0,0,0,0,0,NA,NA,NA,NA,NA
92992,"090650043001002","BB004","2021","CPV","09","06","50","043","001","002",72,3,22,0,0,19,0,0,4.16666666666667,0,0,0,0
92993,"090650042007002","BB004","2021","CPV",NA,NA,NA,NA,NA,NA,0,0,0,0,0,0,0,0,NA,NA,NA,NA,NA
92994,"090650043001005","BB004","2021","CPV",NA,NA,NA,NA,NA,NA,0,0,0,0,0,0,0,0,NA,NA,NA,NA,NA
92995,"090650042007005","BB004","2021","CPV","09","06","50","042","007","005",57,0,17,0,0,17,0,0,0,0,0,0,0
92996,"090650041002004","BB004","2021","CPV","09","06","50","041","002","004",92,12,35,0,0,33,0,0,13.0434782608696,0,0,0,0
92997,"090650044005001","BB004","2021","CPV","09","06","50","044","005","001",84,7,46,0,0,32,0,0,8.33333333333333,0,0,0,0
92998,"090650042007003","BB004","2021","CPV","09","06","50","042","007","003",132,6,39,0,0,37,0,1,4.54545454545455,0,0,0,2.7027027027027
92999,"090650034002003","BB004","2021","CPV","09","06","50","034","002","003",40,3,18,0,0,14,0,1,7.5,0,0,0,7.14285714285714
93000,"090650044007003","BB004","2021","CPV","09","06","50","044","007","003",100,6,39,0,0,34,0,2,6,0,0,0,5.88235294117647
93001,"090650036006005","BB004","2021","CPV","09","06","50","036","006","005",94,4,18,0,0,19,3,3,4.25531914893617,0,0,15.7894736842105,15.7894736842105
93002,"090650033007004","BB004","2021","CPV","09","06","50","033","007","004",49,7,21,0,0,18,1,1,14.2857142857143,0,0,5.55555555555556,5.55555555555556
93003,"090650040007007","BB004","2021","CPV",NA,NA,NA,NA,NA,NA,0,0,0,0,0,0,0,0,NA,NA,NA,NA,NA
93004,"090650037006002","BB004","2021","CPV","09","06","50","037","006","002",56,9,12,0,0,11,0,0,16.0714285714286,0,0,0,0
93005,"090650043005005","BB004","2021","CPV","09","06","50","043","005","005",87,4,27,0,0,24,1,1,4.59770114942529,0,0,4.16666666666667,4.16666666666667
93006,"090650037004017","BB004","2021","CPV",NA,NA,NA,NA,NA,NA,0,0,0,0,0,0,0,0,NA,NA,NA,NA,NA
93007,"090650037003003","BB004","2021","CPV","09","06","50","037","003","003",62,2,21,0,0,18,0,1,3.2258064516129,0,0,0,5.55555555555556
93008,"090650037004018","BB004","2021","CPV","09","06","50","037","004","018",20,6,6,0,0,5,0,1,30,0,0,0,20
93009,"090650036001006","BB004","2021","CPV","09","06","50","036","001","006",74,9,49,0,0,38,0,1,12.1621621621622,0,0,0,2.63157894736842
93010,"090650037004016","BB004","2021","CPV","09","06","50","037","004","016",44,7,16,0,0,13,0,0,15.9090909090909,0,0,0,0
93011,"090650037006004","BB004","2021","CPV","09","06","50","037","006","004",30,3,12,0,0,9,0,2,10,0,0,0,22.2222222222222
93012,"090650036008010","BB004","2021","CPV",NA,NA,NA,NA,NA,NA,0,0,0,0,0,0,0,0,NA,NA,NA,NA,NA
93013,"090650037006007","BB004","2021","CPV","09","06","50","037","006","007",39,7,11,0,0,10,0,1,17.9487179487179,0,0,0,10
93014,"090650040007002","BB004","2021","CPV",NA,NA,NA,NA,NA,NA,0,0,0,0,0,0,0,0,NA,NA,NA,NA,NA
93015,"090650040007003","BB004","2021","CPV","09","06","50","040","007","003",100,2,29,0,0,25,0,0,2,0,0,0,0
93016,"090650043005004","BB004","2021","CPV","09","06","50","043","005","004",73,10,27,0,0,23,0,0,13.6986301369863,0,0,0,0
93017,"090650043001006","BB004","2021","CPV","09","06","50","043","001","006",75,5,26,0,0,22,0,0,6.66666666666667,0,0,0,0
93018,"090650037006006","BB004","2021","CPV","09","06","50","037","006","006",16,2,4,0,0,4,0,1,12.5,0,0,0,25
93019,"090650010008008","BB004","2021","CPV","09","06","50","010","008","008",78,8,24,2,2,24,4,11,10.2564102564103,8.33333333333333,8.33333333333333,16.6666666666667,45.8333333333333
93020,"090650006004022","BB004","2021","CPV","09","06","50","006","004","022",0,0,1,0,0,0,0,0,NA,0,0,NA,NA
93021,"090650010008004","BB004","2021","CPV","09","06","50","010","008","004",10,0,10,1,2,3,2,3,0,10,20,66.6666666666667,100
93022,"090650006007001","BB004","2021","CPV","09","06","50","006","007","001",232,26,77,5,6,69,16,31,11.2068965517241,6.49350649350649,7.79220779220779,23.1884057971014,44.9275362318841
93023,"090650008009004","BB004","2021","CPV","09","06","50","008","009","004",25,1,8,0,0,6,1,1,4,0,0,16.6666666666667,16.6666666666667
93024,"090650008009005","BB004","2021","CPV","09","06","50","008","009","005",34,1,9,1,2,11,3,7,2.94117647058824,11.1111111111111,22.2222222222222,27.2727272727273,63.6363636363636
93025,"090650007001006","BB004","2021","CPV","09","06","50","007","001","006",104,15,44,0,0,32,3,9,14.4230769230769,0,0,9.375,28.125
93026,"090650007001004","BB004","2021","CPV","09","06","50","007","001","004",56,5,33,0,2,20,3,10,8.92857142857143,0,6.06060606060606,15,50
93027,"090650008010001","BB004","2021","CPV","09","06","50","008","010","001",25,1,16,1,0,10,1,1,4,6.25,0,10,10
93028,"090650008010006","BB004","2021","CPV","09","06","50","008","010","006",64,0,22,0,1,20,4,7,0,0,4.54545454545455,20,35
93029,"090650013004009","BB004","2021","CPV","09","06","50","013","004","009",40,1,14,1,0,12,2,6,2.5,7.14285714285714,0,16.6666666666667,50
93030,"090650008001011","BB004","2021","CPV",NA,NA,NA,NA,NA,NA,0,0,0,0,0,0,0,0,NA,NA,NA,NA,NA
93031,"090650009009002","BB004","2021","CPV","09","06","50","009","009","002",66,7,19,0,1,18,2,5,10.6060606060606,0,5.26315789473684,11.1111111111111,27.7777777777778
93032,"090650013004008","BB004","2021","CPV","09","06","50","013","004","008",16,0,9,1,2,7,0,2,0,11.1111111111111,22.2222222222222,0,28.5714285714286
93033,"090650006004015","BB004","2021","CPV","09","06","50","006","004","015",14,1,4,0,0,4,0,2,7.14285714285714,0,0,0,50
93034,"090650006004026","BB004","2021","CPV","09","06","50","006","004","026",0,0,2,0,0,0,0,0,NA,0,0,NA,NA
93035,"090650013007004","BB004","2021","CPV","09","06","50","013","007","004",71,2,22,1,0,22,2,8,2.8169014084507,4.54545454545455,0,9.09090909090909,36.3636363636364
93036,"090650013007009","BB004","2021","CPV","09","06","50","013","007","009",69,12,19,2,3,21,2,7,17.3913043478261,10.5263157894737,15.7894736842105,9.52380952380952,33.3333333333333
93037,"090650012007006","BB004","2021","CPV","09","06","50","012","007","006",97,10,35,1,2,27,4,10,10.3092783505155,2.85714285714286,5.71428571428571,14.8148148148148,37.037037037037
93038,"090650013007006","BB004","2021","CPV","09","06","50","013","007","006",62,5,21,1,0,19,4,11,8.06451612903226,4.76190476190476,0,21.0526315789474,57.8947368421053
93039,"090650006004013","BB004","2021","CPV","09","06","50","006","004","013",7,0,2,0,0,2,1,2,0,0,0,50,100
93040,"090650010008010","BB004","2021","CPV","09","06","50","010","008","010",25,0,10,0,0,8,2,2,0,0,0,25,25
93041,"090650012004004","BB004","2021","CPV","09","06","50","012","004","004",103,9,37,0,0,27,2,4,8.7378640776699,0,0,7.40740740740741,14.8148148148148
93042,"090650012004006","BB004","2021","CPV",NA,NA,NA,NA,NA,NA,0,0,0,0,0,0,0,0,NA,NA,NA,NA,NA
93043,"090650009008003","BB004","2021","CPV",NA,NA,NA,NA,NA,NA,0,0,0,0,0,0,0,0,NA,NA,NA,NA,NA
93044,"090650007001002","BB004","2021","CPV","09","06","50","007","001","002",23,4,9,0,0,8,0,3,17.3913043478261,0,0,0,37.5
93045,"090650006007006","BB004","2021","CPV","09","06","50","006","007","006",41,2,14,0,0,11,1,1,4.8780487804878,0,0,9.09090909090909,9.09090909090909
93046,"090650009008007","BB004","2021","CPV","09","06","50","009","008","007",28,0,9,2,0,7,2,5,0,22.2222222222222,0,28.5714285714286,71.4285714285714
93047,"090650009008005","BB004","2021","CPV","09","06","50","009","008","005",75,13,24,0,1,20,2,4,17.3333333333333,0,4.16666666666667,10,20
93048,"090650010008012","BB004","2021","CPV",NA,NA,NA,NA,NA,NA,0,0,0,0,0,0,0,0,NA,NA,NA,NA,NA
93049,"090650012003002","BB004","2021","CPV","09","06","50","012","003","002",140,23,51,0,2,46,4,8,16.4285714285714,0,3.92156862745098,8.69565217391304,17.3913043478261
93050,"090650013007005","BB004","2021","CPV","09","06","50","013","007","005",46,4,17,0,0,15,0,4,8.69565217391304,0,0,0,26.6666666666667
93051,"090650013003003","BB004","2021","CPV","09","06","50","013","003","003",71,8,24,1,0,20,1,4,11.2676056338028,4.16666666666667,0,5,20
93052,"090650007003001","BB004","2021","CPV","09","06","50","007","003","001",0,0,1,0,0,0,0,0,NA,0,0,NA,NA
93053,"090650012007008","BB004","2021","CPV","09","06","50","012","007","008",80,4,25,1,3,22,5,10,5,4,12,22.7272727272727,45.4545454545455
93054,"090650013003002","BB004","2021","CPV",NA,NA,NA,NA,NA,NA,0,0,0,0,0,0,0,0,NA,NA,NA,NA,NA
93055,"090650012004002","BB004","2021","CPV","09","06","50","012","004","002",156,21,55,0,0,51,5,8,13.4615384615385,0,0,9.80392156862745,15.6862745098039
93056,"090650012004005","BB004","2021","CPV","09","06","50","012","004","005",46,6,13,0,0,10,2,2,13.0434782608696,0,0,20,20
93057,"090650009009005","BB004","2021","CPV","09","06","50","009","009","005",107,12,38,2,3,32,4,8,11.214953271028,5.26315789473684,7.89473684210526,12.5,25
93058,"090650009009003","BB004","2021","CPV","09","06","50","009","009","003",46,3,18,2,3,15,1,8,6.52173913043478,11.1111111111111,16.6666666666667,6.66666666666667,53.3333333333333
93059,"090650043001001","BB004","2021","CPV","09","06","50","043","001","001",71,6,20,0,0,18,0,0,8.45070422535211,0,0,0,0
93060,"090650036001005","BB004","2021","CPV","09","06","50","036","001","005",67,4,24,0,0,19,0,0,5.97014925373134,0,0,0,0
93061,"090650033003002","BB004","2021","CPV","09","06","50","033","003","002",156,11,54,1,0,44,0,0,7.05128205128205,1.85185185185185,0,0,0
93062,"090650044010007","BB004","2021","CPV","09","06","50","044","010","007",88,10,23,0,1,22,4,11,11.3636363636364,0,4.34782608695652,18.1818181818182,50
93063,"090650036004013","BB004","2021","CPV",NA,NA,NA,NA,NA,NA,0,0,0,0,0,0,0,0,NA,NA,NA,NA,NA
93064,"090650045006005","BB004","2021","CPV",NA,NA,NA,NA,NA,NA,0,0,0,0,0,0,0,0,NA,NA,NA,NA,NA
93065,"090650009002002","BB004","2021","CPV","09","06","50","009","002","002",110,16,47,1,1,39,0,6,14.5454545454545,2.12765957446809,2.12765957446809,0,15.3846153846154
93066,"090650009002001","BB004","2021","CPV","09","06","50","009","002","001",57,4,17,0,0,15,6,10,7.01754385964912,0,0,40,66.6666666666667
93067,"090650007003003","BB004","2021","CPV","09","06","50","007","003","003",47,3,15,0,0,14,2,2,6.38297872340426,0,0,14.2857142857143,14.2857142857143
93068,"090650008010004","BB004","2021","CPV","09","06","50","008","010","004",138,12,45,2,1,42,9,16,8.69565217391304,4.44444444444444,2.22222222222222,21.4285714285714,38.0952380952381
93069,"090650008009001","BB004","2021","CPV","09","06","50","008","009","001",116,16,37,1,3,31,3,7,13.7931034482759,2.7027027027027,8.10810810810811,9.67741935483871,22.5806451612903
93070,"090650008002001","BB004","2021","CPV","09","06","50","008","002","001",122,18,45,0,1,38,3,6,14.7540983606557,0,2.22222222222222,7.89473684210526,15.7894736842105
93071,"090650008009003","BB004","2021","CPV","09","06","50","008","009","003",31,1,12,0,0,9,0,1,3.2258064516129,0,0,0,11.1111111111111
93072,"090650008009002","BB004","2021","CPV","09","06","50","008","009","002",122,6,39,1,1,35,8,13,4.91803278688525,2.56410256410256,2.56410256410256,22.8571428571429,37.1428571428571
93073,"090650008001012","BB004","2021","CPV",NA,NA,NA,NA,NA,NA,0,0,0,0,0,0,0,0,NA,NA,NA,NA,NA
93074,"090650008006001","BB004","2021","CPV","09","06","50","008","006","001",132,14,48,1,0,39,3,7,10.6060606060606,2.08333333333333,0,7.69230769230769,17.9487179487179
93075,"090650010005004","BB004","2021","CPV","09","06","50","010","005","004",70,1,47,1,2,20,2,8,1.42857142857143,2.12765957446809,4.25531914893617,10,40
93076,"090650009004003","BB004","2021","CPV","09","06","50","009","004","003",93,14,29,0,0,29,5,5,15.0537634408602,0,0,17.2413793103448,17.2413793103448
93077,"090650007003006","BB004","2021","CPV","09","06","50","007","003","006",81,20,31,2,2,26,2,9,24.6913580246914,6.45161290322581,6.45161290322581,7.69230769230769,34.6153846153846
93078,"090650009009004","BB004","2021","CPV","09","06","50","009","009","004",103,9,28,2,0,26,6,10,8.7378640776699,7.14285714285714,0,23.0769230769231,38.4615384615385
93079,"090650007003007","BB004","2021","CPV","09","06","50","007","003","007",82,11,34,0,1,24,2,8,13.4146341463415,0,2.94117647058824,8.33333333333333,33.3333333333333
93080,"090650007004001","BB004","2021","CPV","09","06","50","007","004","001",148,8,34,0,0,37,10,12,5.40540540540541,0,0,27.027027027027,32.4324324324324
93081,"090650008010008","BB004","2021","CPV","09","06","50","008","010","008",12,1,7,0,0,5,0,2,8.33333333333333,0,0,0,40
93082,"090650010006002","BB004","2021","CPV","09","06","50","010","006","002",84,3,29,0,1,25,6,7,3.57142857142857,0,3.44827586206897,24,28
93083,"090650033005003","BB004","2021","CPV","09","06","50","033","005","003",74,6,24,0,0,22,0,0,8.10810810810811,0,0,0,0
93084,"090650015002003","BB004","2021","CPV","09","06","50","015","002","003",86,3,30,0,0,23,0,0,3.48837209302326,0,0,0,0
93085,"090650044008003","BB004","2021","CPV",NA,NA,NA,NA,NA,NA,0,0,0,0,0,0,0,0,NA,NA,NA,NA,NA
93086,"090650041005005","BB004","2021","CPV","09","06","50","041","005","005",74,5,24,0,0,20,0,1,6.75675675675676,0,0,0,5
93087,"090650033005004","BB004","2021","CPV","09","06","50","033","005","004",91,4,25,0,0,24,0,0,4.3956043956044,0,0,0,0
93088,"090650034010013","BB004","2021","CPV",NA,NA,NA,NA,NA,NA,0,0,0,0,0,0,0,0,NA,NA,NA,NA,NA
93089,"090650034010011","BB004","2021","CPV","09","06","50","034","010","011",18,3,5,0,0,5,0,1,16.6666666666667,0,0,0,20
93090,"090650042002004","BB004","2021","CPV","09","06","50","042","002","004",83,13,25,0,0,25,0,1,15.6626506024096,0,0,0,4
93091,"090650038011002","BB004","2021","CPV","09","06","50","038","011","002",95,6,34,0,0,30,1,3,6.31578947368421,0,0,3.33333333333333,10
93092,"090650042002001","BB004","2021","CPV","09","06","50","042","002","001",83,5,26,0,0,23,0,0,6.02409638554217,0,0,0,0
93093,"090650015008006","BB004","2021","CPV","09","06","50","015","008","006",49,2,15,0,0,14,1,1,4.08163265306122,0,0,7.14285714285714,7.14285714285714
93094,"090650044008004","BB004","2021","CPV","09","06","50","044","008","004",77,5,34,0,0,26,0,1,6.49350649350649,0,0,0,3.84615384615385
93095,"090650040006002","BB004","2021","CPV","09","06","50","040","006","002",108,5,44,0,0,35,0,4,4.62962962962963,0,0,0,11.4285714285714
93096,"090650043002005","BB004","2021","CPV","09","06","50","043","002","005",76,3,26,0,0,20,0,0,3.94736842105263,0,0,0,0
93097,"090650015004026","BB004","2021","CPV","09","06","50","015","004","026",12,0,22,0,0,3,0,1,0,0,0,0,33.3333333333333
93098,"090650041005002","BB004","2021","CPV","09","06","50","041","005","002",15,1,6,0,0,5,0,0,6.66666666666667,0,0,0,0
93099,"090650015004003","BB004","2021","CPV","09","06","50","015","004","003",66,5,31,0,0,19,0,0,7.57575757575758,0,0,0,0
93100,"090650015004001","BB004","2021","CPV","09","06","50","015","004","001",92,6,55,0,0,33,0,0,6.52173913043478,0,0,0,0
93101,"090650015003005","BB004","2021","CPV","09","06","50","015","003","005",18,1,7,0,0,7,0,0,5.55555555555556,0,0,0,0
93102,"090650015004016","BB004","2021","CPV",NA,NA,NA,NA,NA,NA,0,0,0,0,0,0,0,0,NA,NA,NA,NA,NA
93103,"090650015004010","BB004","2021","CPV","09","06","50","015","004","010",96,5,29,0,0,25,1,1,5.20833333333333,0,0,4,4
93104,"090650015004011","BB004","2021","CPV",NA,NA,NA,NA,NA,NA,0,0,0,0,0,0,0,0,NA,NA,NA,NA,NA
93105,"090650015003001","BB004","2021","CPV",NA,NA,NA,NA,NA,NA,0,0,0,0,0,0,0,0,NA,NA,NA,NA,NA
93106,"090650015004009","BB004","2021","CPV","09","06","50","015","004","009",15,1,7,0,0,5,0,0,6.66666666666667,0,0,0,0
93107,"090650042002002","BB004","2021","CPV",NA,NA,NA,NA,NA,NA,0,0,0,0,0,0,0,0,NA,NA,NA,NA,NA
93108,"090650015004008","BB004","2021","CPV","09","06","50","015","004","008",75,2,32,0,0,25,0,1,2.66666666666667,0,0,0,4
93109,"090650041005007","BB004","2021","CPV","09","06","50","041","005","007",144,20,51,0,0,44,0,0,13.8888888888889,0,0,0,0
93110,"090650015008010","BB004","2021","CPV","09","06","50","015","008","010",50,1,20,0,0,16,0,0,2,0,0,0,0
93111,"090650015003002","BB004","2021","CPV",NA,NA,NA,NA,NA,NA,0,0,0,0,0,0,0,0,NA,NA,NA,NA,NA
93112,"090650015003003","BB004","2021","CPV","09","06","50","015","003","003",27,0,22,0,0,9,0,0,0,0,0,0,0
93113,"090650015004007","BB004","2021","CPV","09","06","50","015","004","007",23,0,11,0,0,6,0,0,0,0,0,0,0
93114,"090650015003008","BB004","2021","CPV","09","06","50","015","003","008",45,3,19,0,0,15,0,0,6.66666666666667,0,0,0,0
93115,"090650015004018","BB004","2021","CPV","09","06","50","015","004","018",2,0,1,0,0,1,0,0,0,0,0,0,0
93116,"090650015004017","BB004","2021","CPV","09","06","50","015","004","017",3,0,2,0,0,1,0,0,0,0,0,0,0
93117,"090650015003010","BB004","2021","CPV","09","06","50","015","003","010",1,0,1,0,0,1,0,0,0,0,0,0,0
93118,"090650015008005","BB004","2021","CPV","09","06","50","015","008","005",13,0,4,0,0,4,0,0,0,0,0,0,0
93119,"090650015006001","BB004","2021","CPV","09","06","50","015","006","001",66,5,20,0,0,16,0,1,7.57575757575758,0,0,0,6.25
93120,"090650015005003","BB004","2021","CPV",NA,NA,NA,NA,NA,NA,0,0,0,0,0,0,0,0,NA,NA,NA,NA,NA
93121,"090650015001001","BB004","2021","CPV","09","06","50","015","001","001",146,6,48,0,0,41,0,2,4.10958904109589,0,0,0,4.8780487804878
93122,"090650015003006","BB004","2021","CPV","09","06","50","015","003","006",127,4,43,0,0,35,0,0,3.1496062992126,0,0,0,0
93123,"090650038011001","BB004","2021","CPV","09","06","50","038","011","001",104,3,45,0,0,40,0,2,2.88461538461538,0,0,0,5
93124,"090650043004002","BB004","2021","CPV","09","06","50","043","004","002",46,6,16,0,0,14,0,2,13.0434782608696,0,0,0,14.2857142857143
93125,"090650040006003","BB004","2021","CPV","09","06","50","040","006","003",143,8,42,0,0,40,0,1,5.59440559440559,0,0,0,2.5
93126,"090650045003004","BB004","2021","CPV","09","06","50","045","003","004",109,8,36,0,0,31,0,0,7.3394495412844,0,0,0,0
93127,"090650015008008","BB004","2021","CPV","09","06","50","015","008","008",35,1,16,0,0,12,0,0,2.85714285714286,0,0,0,0
93128,"090650015003009","BB004","2021","CPV","09","06","50","015","003","009",0,0,5,0,0,0,0,0,NA,0,0,NA,NA
93129,"090650043004004","BB004","2021","CPV","09","06","50","043","004","004",64,9,21,0,0,19,0,0,14.0625,0,0,0,0
93130,"090650014010002","BB004","2021","CPV","09","06","50","014","010","002",80,2,25,0,0,21,0,0,2.5,0,0,0,0
93131,"090650015004006","BB004","2021","CPV","09","06","50","015","004","006",55,2,26,0,0,14,0,1,3.63636363636364,0,0,0,7.14285714285714
93132,"090650014008002","BB004","2021","CPV","09","06","50","014","008","002",58,0,24,0,0,21,0,0,0,0,0,0,0
93133,"090650015008003","BB004","2021","CPV","09","06","50","015","008","003",26,1,10,0,0,9,0,0,3.84615384615385,0,0,0,0
93134,"090650015008004","BB004","2021","CPV","09","06","50","015","008","004",18,0,7,0,0,6,0,0,0,0,0,0,0
93135,"090650015007003","BB004","2021","CPV","09","06","50","015","007","003",7,0,23,0,0,4,0,0,0,0,0,0,0
93136,"090650015008007","BB004","2021","CPV","09","06","50","015","008","007",56,4,16,0,0,15,0,0,7.14285714285714,0,0,0,0
93137,"090650015003004","BB004","2021","CPV","09","06","50","015","003","004",38,1,17,0,0,11,0,0,2.63157894736842,0,0,0,0
93138,"090650015003007","BB004","2021","CPV","09","06","50","015","003","007",57,2,40,0,0,19,0,0,3.50877192982456,0,0,0,0
93139,"090650015004002","BB004","2021","CPV","09","06","50","015","004","002",42,2,20,0,0,14,0,1,4.76190476190476,0,0,0,7.14285714285714
93140,"090650015004025","BB004","2021","CPV","09","06","50","015","004","025",0,0,6,0,0,0,0,0,NA,0,0,NA,NA
93141,"090650015007002","BB004","2021","CPV","09","06","50","015","007","002",99,2,61,0,0,41,0,1,2.02020202020202,0,0,0,2.4390243902439
93142,"090650015008009","BB004","2021","CPV","09","06","50","015","008","009",45,0,21,0,0,17,0,0,0,0,0,0,0
93143,"090650015006002","BB004","2021","CPV","09","06","50","015","006","002",9,1,34,0,0,3,0,0,11.1111111111111,0,0,0,0
93144,"090650015007001","BB004","2021","CPV","09","06","50","015","007","001",111,3,71,0,0,46,0,2,2.7027027027027,0,0,0,4.34782608695652
93145,"090650015004015","BB004","2021","CPV","09","06","50","015","004","015",21,3,16,0,0,8,0,1,14.2857142857143,0,0,0,12.5
93146,"090650015006004","BB004","2021","CPV","09","06","50","015","006","004",32,0,19,0,0,13,0,1,0,0,0,0,7.69230769230769
93147,"090650033007001","BB004","2021","CPV","09","06","50","033","007","001",40,2,16,0,0,13,0,0,5,0,0,0,0
93148,"090650035008003","BB004","2021","CPV","09","06","50","035","008","003",40,6,16,0,0,11,0,0,15,0,0,0,0
93149,"090650036006015","BB004","2021","CPV",NA,NA,NA,NA,NA,NA,0,0,0,0,0,0,0,0,NA,NA,NA,NA,NA
93150,"090650035008002","BB004","2021","CPV",NA,NA,NA,NA,NA,NA,0,0,0,0,0,0,0,0,NA,NA,NA,NA,NA
93151,"090650030006008","BB004","2021","CPV","09","06","50","030","006","008",0,0,6,0,0,0,0,0,NA,0,0,NA,NA
93152,"090650030006002","BB004","2021","CPV","09","06","50","030","006","002",34,7,26,0,0,13,1,1,20.5882352941176,0,0,7.69230769230769,7.69230769230769
93153,"090650036006012","BB004","2021","CPV","09","06","50","036","006","012",10,0,5,0,0,4,0,0,0,0,0,0,0
93154,"090650030006005","BB004","2021","CPV","09","06","50","030","006","005",0,0,6,0,0,0,0,0,NA,0,0,NA,NA
93155,"090650036006010","BB004","2021","CPV","09","06","50","036","006","010",82,7,33,0,0,22,1,3,8.53658536585366,0,0,4.54545454545455,13.6363636363636
93156,"090650045003002","BB004","2021","CPV","09","06","50","045","003","002",97,3,37,0,0,28,0,0,3.09278350515464,0,0,0,0
93157,"090650036006001","BB004","2021","CPV","09","06","50","036","006","001",2,1,2,0,0,2,0,0,50,0,0,0,0
93158,"090650036006002","BB004","2021","CPV",NA,NA,NA,NA,NA,NA,0,0,0,0,0,0,0,0,NA,NA,NA,NA,NA
93159,"090650036006006","BB004","2021","CPV","09","06","50","036","006","006",126,16,41,0,0,42,5,7,12.6984126984127,0,0,11.9047619047619,16.6666666666667
93160,"090650036006011","BB004","2021","CPV","09","06","50","036","006","011",19,3,3,0,0,3,0,0,15.7894736842105,0,0,0,0
93161,"090650036006003","BB004","2021","CPV","09","06","50","036","006","003",263,20,74,0,0,77,9,14,7.60456273764259,0,0,11.6883116883117,18.1818181818182
93162,"090650036006007","BB004","2021","CPV","09","06","50","036","006","007",71,6,23,0,0,21,2,2,8.45070422535211,0,0,9.52380952380952,9.52380952380952
93163,"090650040007008","BB004","2021","CPV",NA,NA,NA,NA,NA,NA,0,0,0,0,0,0,0,0,NA,NA,NA,NA,NA
93164,"090650033007006","BB004","2021","CPV","09","06","50","033","007","006",41,1,14,0,0,12,0,0,2.4390243902439,0,0,0,0
93165,"090650035008006","BB004","2021","CPV",NA,NA,NA,NA,NA,NA,0,0,0,0,0,0,0,0,NA,NA,NA,NA,NA
93166,"090650043005002","BB004","2021","CPV","09","06","50","043","005","002",83,9,26,0,0,25,0,0,10.8433734939759,0,0,0,0
93167,"090650034002002","BB004","2021","CPV","09","06","50","034","002","002",171,17,60,0,0,54,0,10,9.94152046783626,0,0,0,18.5185185185185
93168,"090650034002001","BB004","2021","CPV","09","06","50","034","002","001",50,2,20,0,0,19,0,2,4,0,0,0,10.5263157894737
93169,"090650042007001","BB004","2021","CPV","09","06","50","042","007","001",67,2,18,0,0,17,0,0,2.98507462686567,0,0,0,0
93170,"090650033007002","BB004","2021","CPV","09","06","50","033","007","002",23,1,8,0,0,7,0,0,4.34782608695652,0,0,0,0
93171,"090650041002003","BB004","2021","CPV","09","06","50","041","002","003",112,2,40,0,0,34,0,1,1.78571428571429,0,0,0,2.94117647058824
93172,"090650030006003","BB004","2021","CPV","09","06","50","030","006","003",22,2,20,0,0,8,0,0,9.09090909090909,0,0,0,0
93173,"090650030006001","BB004","2021","CPV","09","06","50","030","006","001",0,0,3,0,0,0,0,0,NA,0,0,NA,NA
93174,"090650041002002","BB004","2021","CPV","09","06","50","041","002","002",114,11,43,0,0,34,0,2,9.64912280701754,0,0,0,5.88235294117647
93175,"090650035008005","BB004","2021","CPV","09","06","50","035","008","005",52,0,17,0,0,13,0,2,0,0,0,0,15.3846153846154
93176,"090650033007007","BB004","2021","CPV","09","06","50","033","007","007",92,7,33,0,0,27,0,1,7.60869565217391,0,0,0,3.7037037037037
93177,"090650030006006","BB004","2021","CPV","09","06","50","030","006","006",0,0,6,0,0,0,0,0,NA,0,0,NA,NA
93178,"090650037006003","BB004","2021","CPV","09","06","50","037","006","003",62,4,22,0,0,17,0,0,6.45161290322581,0,0,0,0
93179,"090650036007006","BB004","2021","CPV",NA,NA,NA,NA,NA,NA,0,0,0,0,0,0,0,0,NA,NA,NA,NA,NA
93180,"090650018009003","BB004","2021","CPV","09","06","50","018","009","003",124,10,36,0,0,33,0,0,8.06451612903226,0,0,0,0
93181,"090650018009002","BB004","2021","CPV","09","06","50","018","009","002",96,3,27,0,0,24,0,0,3.125,0,0,0,0
93182,"090650033005002","BB004","2021","CPV","09","06","50","033","005","002",77,6,24,0,0,22,0,0,7.79220779220779,0,0,0,0
93183,"090650044007004","BB004","2021","CPV","09","06","50","044","007","004",98,8,38,0,0,31,0,0,8.16326530612245,0,0,0,0
93184,"090650033007003","BB004","2021","CPV","09","06","50","033","007","003",54,4,15,0,0,15,0,0,7.40740740740741,0,0,0,0
93185,"090650018009004","BB004","2021","CPV","09","06","50","018","009","004",119,3,34,0,0,30,0,1,2.52100840336134,0,0,0,3.33333333333333
93186,"090650039005003","BB004","2021","CPV","09","06","50","039","005","003",91,6,34,0,0,29,0,0,6.59340659340659,0,0,0,0
93187,"090650015002004","BB004","2021","CPV","09","06","50","015","002","004",29,2,13,0,0,8,0,1,6.89655172413793,0,0,0,12.5
93188,"090650015004013","BB004","2021","CPV","09","06","50","015","004","013",0,0,8,0,0,0,0,0,NA,0,0,NA,NA
93189,"090650015004021","BB004","2021","CPV","09","06","50","015","004","021",0,0,1,0,0,0,0,0,NA,0,0,NA,NA
93190,"090650015004022","BB004","2021","CPV","09","06","50","015","004","022",0,0,6,0,0,0,0,0,NA,0,0,NA,NA
93191,"090650020005001","BB004","2021","CPV","09","06","50","020","005","001",182,11,59,0,0,51,0,1,6.04395604395604,0,0,0,1.96078431372549
93192,"090650020005004","BB004","2021","CPV",NA,NA,NA,NA,NA,NA,0,0,0,0,0,0,0,0,NA,NA,NA,NA,NA
93193,"090650015002002","BB004","2021","CPV","09","06","50","015","002","002",68,4,27,0,0,22,0,0,5.88235294117647,0,0,0,0
93194,"090650020005005","BB004","2021","CPV","09","06","50","020","005","005",45,6,16,0,0,14,0,0,13.3333333333333,0,0,0,0
93195,"090650043004005","BB004","2021","CPV","09","06","50","043","004","005",67,8,25,0,0,19,0,0,11.9402985074627,0,0,0,0
93196,"090650036006013","BB004","2021","CPV","09","06","50","036","006","013",63,2,19,0,2,18,2,3,3.17460317460317,0,10.5263157894737,11.1111111111111,16.6666666666667
93197,"090650036007003","BB004","2021","CPV",NA,NA,NA,NA,NA,NA,0,0,0,0,0,0,0,0,NA,NA,NA,NA,NA
93198,"090650036006009","BB004","2021","CPV","09","06","50","036","006","009",39,13,14,1,0,12,0,1,33.3333333333333,7.14285714285714,0,0,8.33333333333333
93199,"090650040009003","BB004","2021","CPV","09","06","50","040","009","003",51,5,20,0,0,18,0,1,9.80392156862745,0,0,0,5.55555555555556
93200,"090650042004004","BB004","2021","CPV","09","06","50","042","004","004",85,9,26,0,0,24,0,2,10.5882352941176,0,0,0,8.33333333333333
93201,"090650043005001","BB004","2021","CPV","09","06","50","043","005","001",63,2,29,0,0,21,0,0,3.17460317460317,0,0,0,0
93202,"090650036006004","BB004","2021","CPV","09","06","50","036","006","004",82,2,30,0,0,27,1,7,2.4390243902439,0,0,3.7037037037037,25.9259259259259
93203,"090650036007008","BB004","2021","CPV","09","06","50","036","007","008",192,10,61,3,2,60,10,27,5.20833333333333,4.91803278688525,3.27868852459016,16.6666666666667,45
93204,"090650037006005","BB004","2021","CPV","09","06","50","037","006","005",6,0,5,0,0,2,0,0,0,0,0,0,0
93205,"090650036007004","BB004","2021","CPV","09","06","50","036","007","004",189,9,55,2,1,55,8,10,4.76190476190476,3.63636363636364,1.81818181818182,14.5454545454545,18.1818181818182
93206,"090650036007002","BB004","2021","CPV",NA,NA,NA,NA,NA,NA,0,0,0,0,0,0,0,0,NA,NA,NA,NA,NA
93207,"090650042007006","BB004","2021","CPV","09","06","50","042","007","006",48,2,15,0,0,14,0,0,4.16666666666667,0,0,0,0
93208,"090650036006014","BB004","2021","CPV",NA,NA,NA,NA,NA,NA,0,0,0,0,0,0,0,0,NA,NA,NA,NA,NA
93209,"090650039005004","BB004","2021","CPV","09","06","50","039","005","004",117,3,34,0,0,32,0,1,2.56410256410256,0,0,0,3.125
93210,"090650034002004","BB004","2021","CPV","09","06","50","034","002","004",55,4,28,0,0,28,0,21,7.27272727272727,0,0,0,75
95259,"090650026003027","BB004","2021","CPV","09","06","50","026","003","027",18,1,16,0,0,5,0,0,5.55555555555556,0,0,0,0
95260,"090650032010002","BB004","2021","CPV","09","06","50","032","010","002",19,5,5,0,1,5,1,4,26.3157894736842,0,20,20,80
95261,"090650030002009","BB004","2021","CPV","09","06","50","030","002","009",37,2,12,0,0,11,0,0,5.40540540540541,0,0,0,0
95262,"090650022006008","BB004","2021","CPV","09","06","50","022","006","008",56,1,20,0,0,16,0,0,1.78571428571429,0,0,0,0
95263,"090650026004005","BB004","2021","CPV","09","06","50","026","004","005",46,5,14,0,0,13,0,0,10.8695652173913,0,0,0,0
95264,"090650026004001","BB004","2021","CPV","09","06","50","026","004","001",82,4,25,0,0,24,0,0,4.8780487804878,0,0,0,0
95265,"090650027007001","BB004","2021","CPV",NA,NA,NA,NA,NA,NA,0,0,0,0,0,0,0,0,NA,NA,NA,NA,NA
95266,"090650027007003","BB004","2021","CPV","09","06","50","027","007","003",58,4,13,0,0,14,3,4,6.89655172413793,0,0,21.4285714285714,28.5714285714286
95267,"090650027007002","BB004","2021","CPV","09","06","50","027","007","002",125,6,33,0,0,33,8,10,4.8,0,0,24.2424242424242,30.3030303030303
95268,"090650014005002","BB004","2021","CPV","09","06","50","014","005","002",79,3,33,0,0,26,0,1,3.79746835443038,0,0,0,3.84615384615385
95269,"090650033002003","BB004","2021","CPV","09","06","50","033","002","003",57,6,23,0,0,18,0,1,10.5263157894737,0,0,0,5.55555555555556
95270,"090650033002004","BB004","2021","CPV","09","06","50","033","002","004",58,4,21,0,0,18,0,0,6.89655172413793,0,0,0,0
95271,"090650030002007","BB004","2021","CPV","09","06","50","030","002","007",27,3,10,0,0,8,0,0,11.1111111111111,0,0,0,0
95272,"090650030002010","BB004","2021","CPV","09","06","50","030","002","010",37,1,10,0,0,10,0,1,2.7027027027027,0,0,0,10
95273,"090650014007002","BB004","2021","CPV","09","06","50","014","007","002",80,10,27,0,0,25,0,0,12.5,0,0,0,0
95274,"090650014007005","BB004","2021","CPV","09","06","50","014","007","005",68,1,21,0,0,21,0,0,1.47058823529412,0,0,0,0
95275,"090650032009001","BB004","2021","CPV",NA,NA,NA,NA,NA,NA,0,0,0,0,0,0,0,0,NA,NA,NA,NA,NA
95276,"090650032010001","BB004","2021","CPV","09","06","50","032","010","001",28,2,14,0,1,10,0,3,7.14285714285714,0,7.14285714285714,0,30
95277,"090650032009005","BB004","2021","CPV","09","06","50","032","009","005",94,7,33,0,0,26,1,1,7.4468085106383,0,0,3.84615384615385,3.84615384615385
95278,"090650032009004","BB004","2021","CPV","09","06","50","032","009","004",143,11,48,0,1,42,0,1,7.69230769230769,0,2.08333333333333,0,2.38095238095238
95279,"090650032010005","BB004","2021","CPV","09","06","50","032","010","005",95,0,31,0,0,27,0,2,0,0,0,0,7.40740740740741
95280,"090650030002008","BB004","2021","CPV",NA,NA,NA,NA,NA,NA,0,0,0,0,0,0,0,0,NA,NA,NA,NA,NA
95281,"090650032010003","BB004","2021","CPV","09","06","50","032","010","003",87,10,34,0,1,29,3,12,11.4942528735632,0,2.94117647058824,10.3448275862069,41.3793103448276
95282,"090650032010004","BB004","2021","CPV","09","06","50","032","010","004",114,4,52,0,0,38,0,0,3.50877192982456,0,0,0,0
95283,"090650026003028","BB004","2021","CPV","09","06","50","026","003","028",6,0,4,0,0,2,0,0,0,0,0,0,0
95284,"090650026004004","BB004","2021","CPV","09","06","50","026","004","004",60,4,20,0,0,19,0,0,6.66666666666667,0,0,0,0
95285,"090650027007007","BB004","2021","CPV",NA,NA,NA,NA,NA,NA,0,0,0,0,0,0,0,0,NA,NA,NA,NA,NA
95286,"090650027007009","BB004","2021","CPV","09","06","50","027","007","009",289,16,100,0,3,102,2,9,5.5363321799308,0,3,1.96078431372549,8.82352941176471
95287,"090650026003024","BB004","2021","CPV","09","06","50","026","003","024",14,0,20,0,0,4,0,0,0,0,0,0,0
95288,"090650032011009","BB004","2021","CPV","09","06","50","032","011","009",2,0,1,0,0,1,0,0,0,0,0,0,0
95289,"090650026004011","BB004","2021","CPV","09","06","50","026","004","011",47,3,18,0,0,15,0,0,6.38297872340426,0,0,0,0
95290,"090650026004007","BB004","2021","CPV","09","06","50","026","004","007",46,0,16,0,0,15,0,1,0,0,0,0,6.66666666666667
95291,"090650014006002","BB004","2021","CPV","09","06","50","014","006","002",37,3,18,0,0,13,1,1,8.10810810810811,0,0,7.69230769230769,7.69230769230769
95292,"090650014001002","BB004","2021","CPV","09","06","50","014","001","002",91,0,26,0,0,26,0,0,0,0,0,0,0
95293,"090650043007005","BB004","2021","CPV",NA,NA,NA,NA,NA,NA,0,0,0,0,0,0,0,0,NA,NA,NA,NA,NA
95294,"090650043007003","BB004","2021","CPV","09","06","50","043","007","003",65,6,31,0,0,23,0,1,9.23076923076923,0,0,0,4.34782608695652
95295,"090650039001003","BB004","2021","CPV","09","06","50","039","001","003",136,9,41,0,0,35,0,0,6.61764705882353,0,0,0,0
95296,"090650038001002","BB004","2021","CPV","09","06","50","038","001","002",99,7,37,0,0,31,0,3,7.07070707070707,0,0,0,9.67741935483871
95297,"090650014002001","BB004","2021","CPV","09","06","50","014","002","001",43,0,12,0,0,12,0,0,0,0,0,0,0
95298,"090650014002003","BB004","2021","CPV","09","06","50","014","002","003",104,3,41,0,0,34,0,0,2.88461538461538,0,0,0,0
95299,"090650040004004","BB004","2021","CPV",NA,NA,NA,NA,NA,NA,0,0,0,0,0,0,0,0,NA,NA,NA,NA,NA
95300,"090650040004003","BB004","2021","CPV","09","06","50","040","004","003",185,11,61,0,0,54,0,0,5.94594594594595,0,0,0,0
95301,"090650034008010","BB004","2021","CPV","09","06","50","034","008","010",0,0,1,0,0,0,0,0,NA,0,0,NA,NA
95302,"090650034008009","BB004","2021","CPV","09","06","50","034","008","009",20,0,8,0,0,6,0,2,0,0,0,0,33.3333333333333
95303,"090650014002007","BB004","2021","CPV",NA,NA,NA,NA,NA,NA,0,0,0,0,0,0,0,0,NA,NA,NA,NA,NA
95304,"090650043007004","BB004","2021","CPV","09","06","50","043","007","004",183,31,61,0,0,55,2,6,16.9398907103825,0,0,3.63636363636364,10.9090909090909
95305,"090650034008011","BB004","2021","CPV","09","06","50","034","008","011",15,1,8,0,0,4,0,0,6.66666666666667,0,0,0,0
95306,"090650042006004","BB004","2021","CPV","09","06","50","042","006","004",74,10,22,0,0,22,0,0,13.5135135135135,0,0,0,0
95307,"090650039007003","BB004","2021","CPV","09","06","50","039","007","003",106,9,38,0,0,32,0,3,8.49056603773585,0,0,0,9.375
95308,"090650014006005","BB004","2021","CPV","09","06","50","014","006","005",90,3,31,0,0,28,0,1,3.33333333333333,0,0,0,3.57142857142857
95309,"090650014002002","BB004","2021","CPV","09","06","50","014","002","002",88,2,30,0,0,28,0,0,2.27272727272727,0,0,0,0
95310,"090650014002006","BB004","2021","CPV","09","06","50","014","002","006",65,2,20,0,0,16,0,1,3.07692307692308,0,0,0,6.25
95311,"090650014002005","BB004","2021","CPV","09","06","50","014","002","005",48,2,18,0,0,16,0,1,4.16666666666667,0,0,0,6.25
95312,"090650014001004","BB004","2021","CPV","09","06","50","014","001","004",84,5,27,0,0,25,0,1,5.95238095238095,0,0,0,4
95313,"090650014005003","BB004","2021","CPV","09","06","50","014","005","003",68,5,21,0,0,19,0,1,7.35294117647059,0,0,0,5.26315789473684
95314,"090650014001006","BB004","2021","CPV","09","06","50","014","001","006",47,2,18,0,0,16,0,0,4.25531914893617,0,0,0,0
95315,"090650014006006","BB004","2021","CPV","09","06","50","014","006","006",80,7,26,0,0,23,0,0,8.75,0,0,0,0
95316,"090650041003004","BB004","2021","CPV","09","06","50","041","003","004",61,3,19,0,0,17,0,1,4.91803278688525,0,0,0,5.88235294117647
95317,"090650041003002","BB004","2021","CPV","09","06","50","041","003","002",61,3,18,0,0,15,1,1,4.91803278688525,0,0,6.66666666666667,6.66666666666667
95318,"090650014008001","BB004","2021","CPV","09","06","50","014","008","001",95,5,28,0,0,26,0,1,5.26315789473684,0,0,0,3.84615384615385
95319,"090650014007004","BB004","2021","CPV","09","06","50","014","007","004",53,1,24,0,0,18,0,1,1.88679245283019,0,0,0,5.55555555555556
95320,"090650014002004","BB004","2021","CPV","09","06","50","014","002","004",123,3,39,0,0,33,0,0,2.4390243902439,0,0,0,0
95321,"090650041003003","BB004","2021","CPV","09","06","50","041","003","003",61,4,18,0,0,16,0,0,6.55737704918033,0,0,0,0
95322,"090650039001005","BB004","2021","CPV",NA,NA,NA,NA,NA,NA,0,0,0,0,0,0,0,0,NA,NA,NA,NA,NA
95323,"090650025006003","BB004","2021","CPV","09","06","50","025","006","003",175,17,57,2,0,49,0,1,9.71428571428571,3.50877192982456,0,0,2.04081632653061
95324,"090650022006003","BB004","2021","CPV","09","06","50","022","006","003",62,5,22,0,0,17,0,0,8.06451612903226,0,0,0,0
95325,"090650025004002","BB004","2021","CPV","09","06","50","025","004","002",53,2,20,0,0,15,0,0,3.77358490566038,0,0,0,0
95326,"090650025010004","BB004","2021","CPV",NA,NA,NA,NA,NA,NA,0,0,0,0,0,0,0,0,NA,NA,NA,NA,NA
95327,"090650025004006","BB004","2021","CPV","09","06","50","025","004","006",76,12,25,0,0,21,0,1,15.7894736842105,0,0,0,4.76190476190476
95328,"090650028010005","BB004","2021","CPV",NA,NA,NA,NA,NA,NA,0,0,0,0,0,0,0,0,NA,NA,NA,NA,NA
95329,"090650026006007","BB004","2021","CPV","09","06","50","026","006","007",83,8,24,0,0,19,0,0,9.63855421686747,0,0,0,0
95330,"090650030006007","BB004","2021","CPV","09","06","50","030","006","007",0,0,6,0,0,0,0,0,NA,0,0,NA,NA
95331,"090650025007001","BB004","2021","CPV","09","06","50","025","007","001",164,30,56,0,0,44,1,3,18.2926829268293,0,0,2.27272727272727,6.81818181818182
95332,"090650026006008","BB004","2021","CPV",NA,NA,NA,NA,NA,NA,0,0,0,0,0,0,0,0,NA,NA,NA,NA,NA
95333,"090650025006006","BB004","2021","CPV",NA,NA,NA,NA,NA,NA,0,0,0,0,0,0,0,0,NA,NA,NA,NA,NA
95334,"090650025007003","BB004","2021","CPV","09","06","50","025","007","003",123,11,37,0,0,33,0,0,8.94308943089431,0,0,0,0
95335,"090650025003001","BB004","2021","CPV","09","06","50","025","003","001",399,64,136,0,0,119,0,3,16.0401002506266,0,0,0,2.52100840336134
95336,"090650025004001","BB004","2021","CPV",NA,NA,NA,NA,NA,NA,0,0,0,0,0,0,0,0,NA,NA,NA,NA,NA
95337,"090650025004007","BB004","2021","CPV","09","06","50","025","004","007",52,4,21,0,0,17,0,0,7.69230769230769,0,0,0,0
95338,"090650022006007","BB004","2021","CPV","09","06","50","022","006","007",53,6,18,0,0,14,0,0,11.3207547169811,0,0,0,0
95339,"090650009007004","BB004","2021","CPV","09","06","50","009","007","004",62,5,20,0,1,17,5,7,8.06451612903226,0,5,29.4117647058824,41.1764705882353
95340,"090650012002004","BB004","2021","CPV","09","06","50","012","002","004",111,15,43,0,0,32,3,6,13.5135135135135,0,0,9.375,18.75
95341,"090650002003009","BB004","2021","CPV","09","06","50","002","003","009",33,0,11,1,0,11,1,2,0,9.09090909090909,0,9.09090909090909,18.1818181818182
95342,"090650006009005","BB004","2021","CPV","09","06","50","006","009","005",30,0,8,0,0,10,0,0,0,0,0,0,0
95343,"090650002003002","BB004","2021","CPV","09","06","50","002","003","002",83,3,32,2,0,26,6,16,3.6144578313253,6.25,0,23.0769230769231,61.5384615384615
95344,"090650002003010","BB004","2021","CPV","09","06","50","002","003","010",24,2,9,0,1,10,2,3,8.33333333333333,0,11.1111111111111,20,30
95345,"090650002009005","BB004","2021","CPV","09","06","50","002","009","005",99,3,29,4,0,27,6,14,3.03030303030303,13.7931034482759,0,22.2222222222222,51.8518518518518
95346,"090650002003001","BB004","2021","CPV",NA,NA,NA,NA,NA,NA,0,0,0,0,0,0,0,0,NA,NA,NA,NA,NA
95347,"090650022006004","BB004","2021","CPV","09","06","50","022","006","004",83,10,21,0,0,21,0,0,12.0481927710843,0,0,0,0
95348,"090650028004001","BB004","2021","CPV","09","06","50","028","004","001",135,12,47,0,0,38,0,0,8.88888888888889,0,0,0,0
95349,"090650014003003","BB004","2021","CPV","09","06","50","014","003","003",106,4,40,0,0,35,0,1,3.77358490566038,0,0,0,2.85714285714286
95350,"090650026006009","BB004","2021","CPV",NA,NA,NA,NA,NA,NA,0,0,0,0,0,0,0,0,NA,NA,NA,NA,NA
95351,"090650027009004","BB004","2021","CPV",NA,NA,NA,NA,NA,NA,0,0,0,0,0,0,0,0,NA,NA,NA,NA,NA
95352,"090650013003007","BB004","2021","CPV","09","06","50","013","003","007",83,5,27,2,6,26,6,11,6.02409638554217,7.40740740740741,22.2222222222222,23.0769230769231,42.3076923076923
95353,"090650022006002","BB004","2021","CPV","09","06","50","022","006","002",66,9,20,0,0,18,0,0,13.6363636363636,0,0,0,0
95354,"090650022006001","BB004","2021","CPV","09","06","50","022","006","001",79,6,21,0,0,22,1,2,7.59493670886076,0,0,4.54545454545455,9.09090909090909
95355,"090650026006006","BB004","2021","CPV","09","06","50","026","006","006",53,2,35,0,0,15,0,0,3.77358490566038,0,0,0,0
95356,"090650027009006","BB004","2021","CPV","09","06","50","027","009","006",70,0,19,0,1,17,1,3,0,0,5.26315789473684,5.88235294117647,17.6470588235294
95357,"090650022007005","BB004","2021","CPV","09","06","50","022","007","005",129,8,42,0,0,37,0,0,6.2015503875969,0,0,0,0
95358,"090650026006003","BB004","2021","CPV","09","06","50","026","006","003",80,5,34,0,0,21,0,0,6.25,0,0,0,0
95359,"090650027009001","BB004","2021","CPV","09","06","50","027","009","001",42,4,19,0,2,14,0,3,9.52380952380952,0,10.5263157894737,0,21.4285714285714
95360,"090650026003005","BB004","2021","CPV",NA,NA,NA,NA,NA,NA,0,0,0,0,0,0,0,0,NA,NA,NA,NA,NA
95361,"090650027009002","BB004","2021","CPV","09","06","50","027","009","002",128,12,41,0,0,36,4,7,9.375,0,0,11.1111111111111,19.4444444444444
95362,"090650027009005","BB004","2021","CPV","09","06","50","027","009","005",82,4,41,0,0,25,1,2,4.8780487804878,0,0,4,8
95363,"090650029004003","BB004","2021","CPV","09","06","50","029","004","003",155,11,46,0,0,43,0,0,7.09677419354839,0,0,0,0
95364,"090650029004001","BB004","2021","CPV","09","06","50","029","004","001",134,15,49,0,0,44,0,0,11.1940298507463,0,0,0,0
95365,"090650030002006","BB004","2021","CPV","09","06","50","030","002","006",34,2,10,0,0,8,0,0,5.88235294117647,0,0,0,0
95366,"090650026003025","BB004","2021","CPV","09","06","50","026","003","025",30,3,18,0,0,10,0,0,10,0,0,0,0
95367,"090650030002005","BB004","2021","CPV","09","06","50","030","002","005",39,1,11,0,0,10,0,0,2.56410256410256,0,0,0,0
95368,"090650026006012","BB004","2021","CPV","09","06","50","026","006","012",0,0,3,0,0,0,0,0,NA,0,0,NA,NA
95369,"090650029004002","BB004","2021","CPV","09","06","50","029","004","002",84,2,25,0,0,25,0,0,2.38095238095238,0,0,0,0
95370,"090650030002011","BB004","2021","CPV","09","06","50","030","002","011",36,1,10,0,0,10,0,0,2.77777777777778,0,0,0,0
95371,"090650026003023","BB004","2021","CPV","09","06","50","026","003","023",42,5,27,0,0,12,0,0,11.9047619047619,0,0,0,0
95372,"090650026003022","BB004","2021","CPV","09","06","50","026","003","022",32,0,10,0,0,8,0,0,0,0,0,0,0
95373,"090650028010002","BB004","2021","CPV","09","06","50","028","010","002",103,5,35,0,2,25,4,6,4.85436893203883,0,5.71428571428571,16,24
95374,"090650026006005","BB004","2021","CPV","09","06","50","026","006","005",30,1,16,0,0,8,0,0,3.33333333333333,0,0,0,0
95375,"090650022002004","BB004","2021","CPV","09","06","50","022","002","004",120,9,39,0,0,34,0,1,7.5,0,0,0,2.94117647058824
95376,"090650028010003","BB004","2021","CPV","09","06","50","028","010","003",53,6,19,0,0,15,4,5,11.3207547169811,0,0,26.6666666666667,33.3333333333333
95377,"090650026006010","BB004","2021","CPV",NA,NA,NA,NA,NA,NA,0,0,0,0,0,0,0,0,NA,NA,NA,NA,NA
95378,"090650022002003","BB004","2021","CPV","09","06","50","022","002","003",116,13,43,0,0,37,1,1,11.2068965517241,0,0,2.7027027027027,2.7027027027027
95379,"090650026003004","BB004","2021","CPV",NA,NA,NA,NA,NA,NA,0,0,0,0,0,0,0,0,NA,NA,NA,NA,NA
95380,"090650026003016","BB004","2021","CPV",NA,NA,NA,NA,NA,NA,0,0,0,0,0,0,0,0,NA,NA,NA,NA,NA
95381,"090650027009003","BB004","2021","CPV",NA,NA,NA,NA,NA,NA,0,0,0,0,0,0,0,0,NA,NA,NA,NA,NA
95382,"090650026003003","BB004","2021","CPV",NA,NA,NA,NA,NA,NA,0,0,0,0,0,0,0,0,NA,NA,NA,NA,NA
95383,"090650026003002","BB004","2021","CPV",NA,NA,NA,NA,NA,NA,0,0,0,0,0,0,0,0,NA,NA,NA,NA,NA
95384,"090650026003001","BB004","2021","CPV",NA,NA,NA,NA,NA,NA,0,0,0,0,0,0,0,0,NA,NA,NA,NA,NA
95385,"090650026003008","BB004","2021","CPV",NA,NA,NA,NA,NA,NA,0,0,0,0,0,0,0,0,NA,NA,NA,NA,NA
95386,"090650026003009","BB004","2021","CPV",NA,NA,NA,NA,NA,NA,0,0,0,0,0,0,0,0,NA,NA,NA,NA,NA
95387,"090650029003005","BB004","2021","CPV","09","06","50","029","003","005",66,7,24,0,0,20,0,3,10.6060606060606,0,0,0,15
95388,"090650029006002","BB004","2021","CPV","09","06","50","029","006","002",105,6,55,0,0,41,0,2,5.71428571428571,0,0,0,4.8780487804878
95389,"090650014005004","BB004","2021","CPV","09","06","50","014","005","004",61,2,15,0,0,14,0,0,3.27868852459016,0,0,0,0
95390,"090650014005001","BB004","2021","CPV","09","06","50","014","005","001",105,5,37,0,0,29,0,1,4.76190476190476,0,0,0,3.44827586206897
95391,"090650014006001","BB004","2021","CPV",NA,NA,NA,NA,NA,NA,0,0,0,0,0,0,0,0,NA,NA,NA,NA,NA
95392,"090650014006007","BB004","2021","CPV","09","06","50","014","006","007",69,5,23,0,0,19,0,0,7.2463768115942,0,0,0,0
95393,"090650028001001","BB004","2021","CPV","09","06","50","028","001","001",183,27,76,0,0,67,0,12,14.7540983606557,0,0,0,17.910447761194
95394,"090650029003006","BB004","2021","CPV",NA,NA,NA,NA,NA,NA,0,0,0,0,0,0,0,0,NA,NA,NA,NA,NA
95395,"090650026006004","BB004","2021","CPV","09","06","50","026","006","004",70,0,29,0,0,23,0,0,0,0,0,0,0
95396,"090650014007003","BB004","2021","CPV","09","06","50","014","007","003",64,1,24,0,0,20,0,0,1.5625,0,0,0,0
95397,"090650032006005","BB004","2021","CPV","09","06","50","032","006","005",31,2,9,0,0,8,0,0,6.45161290322581,0,0,0,0
95398,"090650032006003","BB004","2021","CPV","09","06","50","032","006","003",36,2,9,0,0,8,1,1,5.55555555555556,0,0,12.5,12.5
95399,"090650029006001","BB004","2021","CPV","09","06","50","029","006","001",84,9,36,0,0,31,1,3,10.7142857142857,0,0,3.2258064516129,9.67741935483871
95400,"090650022007003","BB004","2021","CPV","09","06","50","022","007","003",59,7,20,0,0,14,0,1,11.864406779661,0,0,0,7.14285714285714
95401,"090650014003002","BB004","2021","CPV","09","06","50","014","003","002",128,5,46,0,0,41,0,1,3.90625,0,0,0,2.4390243902439
95402,"090650014006004","BB004","2021","CPV","09","06","50","014","006","004",68,4,24,0,0,22,0,0,5.88235294117647,0,0,0,0
95403,"090650918002011","BB004","2021","CPV","09","06","50","918","002","011",28,5,11,1,0,10,1,7,17.8571428571429,9.09090909090909,0,10,70
95404,"090650007008005","BB004","2021","CPV","09","06","50","007","008","005",31,1,13,1,0,9,0,0,3.2258064516129,7.69230769230769,0,0,0
95405,"090650015002006","BB004","2021","CPV",NA,NA,NA,NA,NA,NA,0,0,0,0,0,0,0,0,NA,NA,NA,NA,NA
95406,"090650015001006","BB004","2021","CPV",NA,NA,NA,NA,NA,NA,0,0,0,0,0,0,0,0,NA,NA,NA,NA,NA
95407,"090650006004009","BB004","2021","CPV","09","06","50","006","004","009",16,1,6,2,2,6,1,3,6.25,33.3333333333333,33.3333333333333,16.6666666666667,50
95408,"090650007008003","BB004","2021","CPV","09","06","50","007","008","003",27,2,10,0,0,10,1,2,7.40740740740741,0,0,10,20
95409,"090650918002006","BB004","2021","CPV","09","06","50","918","002","006",18,1,5,0,1,5,1,5,5.55555555555556,0,20,20,100
95410,"090650013001006","BB004","2021","CPV","09","06","50","013","001","006",69,6,19,1,2,16,4,8,8.69565217391304,5.26315789473684,10.5263157894737,25,50
95411,"090650015001005","BB004","2021","CPV","09","06","50","015","001","005",0,0,2,0,0,0,0,0,NA,0,0,NA,NA
95412,"090650015001003","BB004","2021","CPV","09","06","50","015","001","003",119,1,43,0,0,40,0,0,0.840336134453782,0,0,0,0
95413,"090650014003004","BB004","2021","CPV","09","06","50","014","003","004",33,3,13,0,0,11,0,0,9.09090909090909,0,0,0,0
95414,"090650015001004","BB004","2021","CPV","09","06","50","015","001","004",60,2,30,0,0,23,0,1,3.33333333333333,0,0,0,4.34782608695652
95415,"090650015002001","BB004","2021","CPV","09","06","50","015","002","001",137,7,56,0,0,42,0,1,5.10948905109489,0,0,0,2.38095238095238
95416,"090650015002005","BB004","2021","CPV","09","06","50","015","002","005",75,3,30,0,0,24,0,0,4,0,0,0,0
95417,"090650918002007","BB004","2021","CPV","09","06","50","918","002","007",20,1,5,0,0,5,0,3,5,0,0,0,60
95418,"090650014003005","BB004","2021","CPV",NA,NA,NA,NA,NA,NA,0,0,0,0,0,0,0,0,NA,NA,NA,NA,NA
95419,"090650014004003","BB004","2021","CPV","09","06","50","014","004","003",119,5,36,0,0,31,1,1,4.20168067226891,0,0,3.2258064516129,3.2258064516129
95420,"090650014004004","BB004","2021","CPV","09","06","50","014","004","004",110,6,40,0,0,34,0,0,5.45454545454545,0,0,0,0
95421,"090650037007004","BB004","2021","CPV","09","06","50","037","007","004",22,4,10,0,0,7,0,0,18.1818181818182,0,0,0,0
95422,"090650037007001","BB004","2021","CPV","09","06","50","037","007","001",12,2,4,0,0,4,0,0,16.6666666666667,0,0,0,0
95423,"090650032002004","BB004","2021","CPV","09","06","50","032","002","004",46,4,23,0,0,15,1,1,8.69565217391304,0,0,6.66666666666667,6.66666666666667
95424,"090650024006003","BB004","2021","CPV","09","06","50","024","006","003",124,12,43,0,0,38,0,4,9.67741935483871,0,0,0,10.5263157894737
95425,"090650014005005","BB004","2021","CPV",NA,NA,NA,NA,NA,NA,0,0,0,0,0,0,0,0,NA,NA,NA,NA,NA
95426,"090650037007012","BB004","2021","CPV","09","06","50","037","007","012",59,8,16,0,0,16,0,0,13.5593220338983,0,0,0,0
95427,"090650032006004","BB004","2021","CPV","09","06","50","032","006","004",19,2,11,0,0,7,0,1,10.5263157894737,0,0,0,14.2857142857143
95428,"090650037002002","BB004","2021","CPV",NA,NA,NA,NA,NA,NA,0,0,0,0,0,0,0,0,NA,NA,NA,NA,NA
95429,"090650022006005","BB004","2021","CPV","09","06","50","022","006","005",64,5,19,0,0,17,0,1,7.8125,0,0,0,5.88235294117647
95430,"090650022006006","BB004","2021","CPV","09","06","50","022","006","006",59,5,19,0,0,19,0,0,8.47457627118644,0,0,0,0
95431,"090650037007021","BB004","2021","CPV","09","06","50","037","007","021",1,0,2,0,0,1,0,0,0,0,0,0,0
95432,"090650037007002","BB004","2021","CPV","09","06","50","037","007","002",46,2,15,0,0,15,0,1,4.34782608695652,0,0,0,6.66666666666667
95433,"090650037007019","BB004","2021","CPV",NA,NA,NA,NA,NA,NA,0,0,0,0,0,0,0,0,NA,NA,NA,NA,NA
95434,"090650037007020","BB004","2021","CPV",NA,NA,NA,NA,NA,NA,0,0,0,0,0,0,0,0,NA,NA,NA,NA,NA
95435,"090650024002011","BB004","2021","CPV","09","06","50","024","002","011",76,5,25,0,0,22,0,0,6.57894736842105,0,0,0,0
95436,"090650024005002","BB004","2021","CPV","09","06","50","024","005","002",72,9,23,0,0,22,2,2,12.5,0,0,9.09090909090909,9.09090909090909
95437,"090650024006001","BB004","2021","CPV","09","06","50","024","006","001",91,14,33,0,0,27,0,0,15.3846153846154,0,0,0,0
95438,"090650024002012","BB004","2021","CPV",NA,NA,NA,NA,NA,NA,0,0,0,0,0,0,0,0,NA,NA,NA,NA,NA
95439,"090650026006014","BB004","2021","CPV","09","06","50","026","006","014",24,2,15,0,0,5,0,1,8.33333333333333,0,0,0,20
95440,"090650032002003","BB004","2021","CPV","09","06","50","032","002","003",71,0,26,0,0,22,0,0,0,0,0,0,0
95441,"090650024007002","BB004","2021","CPV","09","06","50","024","007","002",374,37,121,0,0,106,0,3,9.89304812834225,0,0,0,2.83018867924528
95442,"090650024006005","BB004","2021","CPV",NA,NA,NA,NA,NA,NA,0,0,0,0,0,0,0,0,NA,NA,NA,NA,NA
95443,"090650024002002","BB004","2021","CPV","09","06","50","024","002","002",38,6,14,0,0,12,0,0,15.7894736842105,0,0,0,0
95444,"090650024002009","BB004","2021","CPV","09","06","50","024","002","009",74,6,25,0,0,22,0,0,8.10810810810811,0,0,0,0
95445,"090650014004001","BB004","2021","CPV","09","06","50","014","004","001",108,4,36,0,0,30,0,0,3.7037037037037,0,0,0,0
95446,"090650024002003","BB004","2021","CPV","09","06","50","024","002","003",40,4,15,0,0,14,0,0,10,0,0,0,0
95447,"090650024005001","BB004","2021","CPV","09","06","50","024","005","001",20,4,5,0,0,5,0,0,20,0,0,0,0
95448,"090650032002002","BB004","2021","CPV","09","06","50","032","002","002",81,7,27,0,0,24,0,0,8.64197530864197,0,0,0,0
95449,"090650024002007","BB004","2021","CPV","09","06","50","024","002","007",40,3,14,0,0,14,0,4,7.5,0,0,0,28.5714285714286
95450,"090650024003001","BB004","2021","CPV","09","06","50","024","003","001",277,42,105,0,0,86,0,0,15.1624548736462,0,0,0,0
95451,"090650918002003","BB004","2021","CPV",NA,NA,NA,NA,NA,NA,0,0,0,0,0,0,0,0,NA,NA,NA,NA,NA
95452,"090650918002013","BB004","2021","CPV","09","06","50","918","002","013",18,3,4,0,0,4,1,4,16.6666666666667,0,0,25,100
95453,"090650004006002","BB004","2021","CPV","09","06","50","004","006","002",174,27,60,0,3,48,4,9,15.5172413793103,0,5,8.33333333333333,18.75
95454,"090650915001009","BB004","2021","CPV",NA,NA,NA,NA,NA,NA,0,0,0,0,0,0,0,0,NA,NA,NA,NA,NA
95455,"090650918001008","BB004","2021","CPV","09","06","50","918","001","008",30,3,10,0,1,9,3,9,10,0,10,33.3333333333333,100
95456,"090650915001003","BB004","2021","CPV","09","06","50","915","001","003",0,0,1,0,0,0,0,0,NA,0,0,NA,NA
95457,"090650918002010","BB004","2021","CPV","09","06","50","918","002","010",59,7,15,3,5,17,5,17,11.864406779661,20,33.3333333333333,29.4117647058824,100
95458,"090650013001001","BB004","2021","CPV","09","06","50","013","001","001",50,3,21,0,0,16,3,4,6,0,0,18.75,25
95459,"090650001006004","BB004","2021","CPV","09","06","50","001","006","004",12,0,3,1,1,3,0,2,0,33.3333333333333,33.3333333333333,0,66.6666666666667
95460,"090650915001010","BB004","2021","CPV","09","06","50","915","001","010",29,4,11,1,0,10,0,7,13.7931034482759,9.09090909090909,0,0,70
95461,"090650915002005","BB004","2021","CPV","09","06","50","915","002","005",85,9,33,9,4,31,4,30,10.5882352941176,27.2727272727273,12.1212121212121,12.9032258064516,96.7741935483871
95462,"090650001001005","BB004","2021","CPV","09","06","50","001","001","005",214,22,67,7,0,68,14,35,10.2803738317757,10.4477611940298,0,20.5882352941176,51.4705882352941
95463,"090650918002009","BB004","2021","CPV","09","06","50","918","002","009",43,5,14,2,2,14,3,14,11.6279069767442,14.2857142857143,14.2857142857143,21.4285714285714,100
95464,"090650915001001","BB004","2021","CPV","09","06","50","915","001","001",24,1,6,0,0,6,2,5,4.16666666666667,0,0,33.3333333333333,83.3333333333333
95465,"090650001006002","BB004","2021","CPV","09","06","50","001","006","002",57,5,23,2,2,20,2,13,8.7719298245614,8.69565217391304,8.69565217391304,10,65
95466,"090650915001004","BB004","2021","CPV","09","06","50","915","001","004",73,3,18,2,2,25,4,24,4.10958904109589,11.1111111111111,11.1111111111111,16,96
95467,"090650042006005","BB004","2021","CPV","09","06","50","042","006","005",60,10,20,0,0,19,0,0,16.6666666666667,0,0,0,0
95468,"090650046004005","BB004","2021","CPV","09","06","50","046","004","005",126,7,52,0,0,42,0,4,5.55555555555556,0,0,0,9.52380952380952
95469,"090650034008006","BB004","2021","CPV","09","06","50","034","008","006",17,1,8,0,0,5,0,0,5.88235294117647,0,0,0,0
95470,"090650042006003","BB004","2021","CPV","09","06","50","042","006","003",76,4,22,0,0,21,0,0,5.26315789473684,0,0,0,0
95471,"090650041003001","BB004","2021","CPV","09","06","50","041","003","001",98,11,36,0,0,29,0,0,11.2244897959184,0,0,0,0
95472,"090650034008016","BB004","2021","CPV",NA,NA,NA,NA,NA,NA,0,0,0,0,0,0,0,0,NA,NA,NA,NA,NA
95473,"090650043007001","BB004","2021","CPV","09","06","50","043","007","001",71,8,27,0,0,21,1,2,11.2676056338028,0,0,4.76190476190476,9.52380952380952
95474,"090650033002002","BB004","2021","CPV","09","06","50","033","002","002",66,8,21,0,0,18,0,3,12.1212121212121,0,0,0,16.6666666666667
95475,"090650915001008","BB004","2021","CPV","09","06","50","915","001","008",32,2,10,3,6,10,2,9,6.25,30,60,20,90
95476,"090650915001002","BB004","2021","CPV","09","06","50","915","001","002",16,2,8,1,2,6,0,5,12.5,12.5,25,0,83.3333333333333
95477,"090650918002002","BB004","2021","CPV","09","06","50","918","002","002",61,5,15,1,1,17,2,15,8.19672131147541,6.66666666666667,6.66666666666667,11.7647058823529,88.2352941176471
95478,"090650042003001","BB004","2021","CPV","09","06","50","042","003","001",72,5,26,0,0,20,1,3,6.94444444444444,0,0,5,15
95479,"090650034008012","BB004","2021","CPV","09","06","50","034","008","012",5,0,3,0,0,2,0,0,0,0,0,0,0
95480,"090650918001007","BB004","2021","CPV","09","06","50","918","001","007",35,0,7,2,0,9,3,8,0,28.5714285714286,0,33.3333333333333,88.8888888888889
95481,"090650006004019","BB004","2021","CPV","09","06","50","006","004","019",30,3,12,2,0,12,1,8,10,16.6666666666667,0,8.33333333333333,66.6666666666667
95482,"090650006004004","BB004","2021","CPV",NA,NA,NA,NA,NA,NA,0,0,0,0,0,0,0,0,NA,NA,NA,NA,NA
95483,"090650918001006","BB004","2021","CPV","09","06","50","918","001","006",4,0,1,1,1,1,0,1,0,100,100,0,100
95484,"090650006004002","BB004","2021","CPV","09","06","50","006","004","002",16,1,4,1,0,5,1,2,6.25,25,0,20,40
95485,"090650918002001","BB004","2021","CPV","09","06","50","918","002","001",1,0,1,0,0,1,0,1,0,0,0,0,100
95486,"090650008003006","BB004","2021","CPV","09","06","50","008","003","006",57,5,24,2,0,20,0,2,8.7719298245614,8.33333333333333,0,0,10
95487,"090650918001011","BB004","2021","CPV","09","06","50","918","001","011",25,0,10,0,2,8,0,8,0,0,20,0,100
95488,"090650006002004","BB004","2021","CPV","09","06","50","006","002","004",71,5,29,1,1,21,5,9,7.04225352112676,3.44827586206897,3.44827586206897,23.8095238095238,42.8571428571429
95489,"090650918001001","BB004","2021","CPV","09","06","50","918","001","001",125,14,35,3,1,36,6,36,11.2,8.57142857142857,2.85714285714286,16.6666666666667,100
95490,"090650006004016","BB004","2021","CPV",NA,NA,NA,NA,NA,NA,0,0,0,0,0,0,0,0,NA,NA,NA,NA,NA
95491,"090650918003006","BB004","2021","CPV","09","06","50","918","003","006",74,2,20,0,0,22,5,17,2.7027027027027,0,0,22.7272727272727,77.2727272727273
95492,"090650918002012","BB004","2021","CPV","09","06","50","918","002","012",99,12,34,0,0,36,6,33,12.1212121212121,0,0,16.6666666666667,91.6666666666667
95493,"090650007008002","BB004","2021","CPV","09","06","50","007","008","002",67,11,32,0,0,24,4,5,16.4179104477612,0,0,16.6666666666667,20.8333333333333
95494,"090650006004020","BB004","2021","CPV","09","06","50","006","004","020",9,1,4,0,1,3,0,1,11.1111111111111,0,25,0,33.3333333333333
95495,"090650918002005","BB004","2021","CPV",NA,NA,NA,NA,NA,NA,0,0,0,0,0,0,0,0,NA,NA,NA,NA,NA
95496,"090650006004023","BB004","2021","CPV","09","06","50","006","004","023",37,5,10,0,1,11,1,4,13.5135135135135,0,10,9.09090909090909,36.3636363636364
95497,"090650918003005","BB004","2021","CPV","09","06","50","918","003","005",53,3,17,5,3,18,5,18,5.66037735849057,29.4117647058824,17.6470588235294,27.7777777777778,100
95498,"090650005005004","BB004","2021","CPV",NA,NA,NA,NA,NA,NA,0,0,0,0,0,0,0,0,NA,NA,NA,NA,NA
95499,"090650915001007","BB004","2021","CPV","09","06","50","915","001","007",24,1,9,0,0,9,1,6,4.16666666666667,0,0,11.1111111111111,66.6666666666667
95500,"090650006004025","BB004","2021","CPV",NA,NA,NA,NA,NA,NA,0,0,0,0,0,0,0,0,NA,NA,NA,NA,NA
95501,"090650918001005","BB004","2021","CPV","09","06","50","918","001","005",64,12,20,2,5,23,2,19,18.75,10,25,8.69565217391304,82.6086956521739
95502,"090650004002001","BB004","2021","CPV","09","06","50","004","002","001",9,3,6,1,0,4,0,1,33.3333333333333,16.6666666666667,0,0,25
95503,"090650005005003","BB004","2021","CPV",NA,NA,NA,NA,NA,NA,0,0,0,0,0,0,0,0,NA,NA,NA,NA,NA
95504,"090650915001005","BB004","2021","CPV","09","06","50","915","001","005",61,6,20,1,0,19,2,19,9.83606557377049,5,0,10.5263157894737,100
95505,"090650006004010","BB004","2021","CPV","09","06","50","006","004","010",49,1,14,0,2,14,5,11,2.04081632653061,0,14.2857142857143,35.7142857142857,78.5714285714286
95506,"090650918003018","BB004","2021","CPV","09","06","50","918","003","018",14,2,3,0,1,6,0,6,14.2857142857143,0,33.3333333333333,0,100
95507,"090650006004008","BB004","2021","CPV","09","06","50","006","004","008",38,3,9,0,0,11,2,4,7.89473684210526,0,0,18.1818181818182,36.3636363636364
95508,"090650918001010","BB004","2021","CPV","09","06","50","918","001","010",4,0,1,0,0,2,0,0,0,0,0,0,0
95509,"090650005005015","BB004","2021","CPV","09","06","50","005","005","015",11,1,7,0,0,4,0,1,9.09090909090909,0,0,0,25
95510,"090650918001004","BB004","2021","CPV","09","06","50","918","001","004",30,0,9,0,4,9,2,9,0,0,44.4444444444444,22.2222222222222,100
95511,"090650006004027","BB004","2021","CPV","09","06","50","006","004","027",0,0,1,0,0,0,0,0,NA,0,0,NA,NA
95512,"090650918003019","BB004","2021","CPV","09","06","50","918","003","019",17,1,5,0,0,5,2,4,5.88235294117647,0,0,40,80
95513,"090650023002002","BB004","2021","CPV",NA,NA,NA,NA,NA,NA,0,0,0,0,0,0,0,0,NA,NA,NA,NA,NA
95514,"090650025010012","BB004","2021","CPV",NA,NA,NA,NA,NA,NA,0,0,0,0,0,0,0,0,NA,NA,NA,NA,NA
95515,"090650024001004","BB004","2021","CPV","09","06","50","024","001","004",11,2,2,0,0,2,0,0,18.1818181818182,0,0,0,0
95516,"090650024001003","BB004","2021","CPV",NA,NA,NA,NA,NA,NA,0,0,0,0,0,0,0,0,NA,NA,NA,NA,NA
95517,"090650024001005","BB004","2021","CPV","09","06","50","024","001","005",38,1,14,0,0,8,0,0,2.63157894736842,0,0,0,0
95518,"090650035005001","BB004","2021","CPV","09","06","50","035","005","001",438,41,168,0,0,141,1,6,9.36073059360731,0,0,0.709219858156028,4.25531914893617
95519,"090650038005003","BB004","2021","CPV","09","06","50","038","005","003",122,6,36,0,0,33,0,0,4.91803278688525,0,0,0,0
95520,"090650027006005","BB004","2021","CPV","09","06","50","027","006","005",58,9,27,0,0,22,0,1,15.5172413793103,0,0,0,4.54545454545455
95521,"090650025010011","BB004","2021","CPV","09","06","50","025","010","011",0,0,1,0,0,0,0,0,NA,0,0,NA,NA
95522,"090650025010007","BB004","2021","CPV",NA,NA,NA,NA,NA,NA,0,0,0,0,0,0,0,0,NA,NA,NA,NA,NA
95523,"090650025009005","BB004","2021","CPV","09","06","50","025","009","005",61,8,21,0,0,18,0,0,13.1147540983607,0,0,0,0
95524,"090650025010010","BB004","2021","CPV",NA,NA,NA,NA,NA,NA,0,0,0,0,0,0,0,0,NA,NA,NA,NA,NA
95525,"090650028004005","BB004","2021","CPV","09","06","50","028","004","005",30,3,13,0,0,10,0,0,10,0,0,0,0
95526,"090650026003019","BB004","2021","CPV",NA,NA,NA,NA,NA,NA,0,0,0,0,0,0,0,0,NA,NA,NA,NA,NA
95527,"090650025010008","BB004","2021","CPV",NA,NA,NA,NA,NA,NA,0,0,0,0,0,0,0,0,NA,NA,NA,NA,NA
95528,"090650025010009","BB004","2021","CPV",NA,NA,NA,NA,NA,NA,0,0,0,0,0,0,0,0,NA,NA,NA,NA,NA
95529,"090650032012005","BB004","2021","CPV","09","06","50","032","012","005",51,3,25,0,0,16,0,1,5.88235294117647,0,0,0,6.25
95530,"090650023008002","BB004","2021","CPV","09","06","50","023","008","002",81,9,28,0,0,21,0,1,11.1111111111111,0,0,0,4.76190476190476
95531,"090650033001005","BB004","2021","CPV","09","06","50","033","001","005",35,3,16,0,0,11,0,0,8.57142857142857,0,0,0,0
95532,"090650033001004","BB004","2021","CPV","09","06","50","033","001","004",26,0,9,0,0,6,0,0,0,0,0,0,0
95533,"090650024007003","BB004","2021","CPV","09","06","50","024","007","003",4,2,3,0,0,2,0,0,50,0,0,0,0
95534,"090650026003013","BB004","2021","CPV",NA,NA,NA,NA,NA,NA,0,0,0,0,0,0,0,0,NA,NA,NA,NA,NA
95535,"090650023008006","BB004","2021","CPV","09","06","50","023","008","006",74,7,27,0,0,20,0,1,9.45945945945946,0,0,0,5
95536,"090650023002005","BB004","2021","CPV","09","06","50","023","002","005",86,9,26,0,0,23,0,1,10.4651162790698,0,0,0,4.34782608695652
95537,"090650033001003","BB004","2021","CPV","09","06","50","033","001","003",12,1,9,0,0,5,0,0,8.33333333333333,0,0,0,0
95538,"090650033001002","BB004","2021","CPV","09","06","50","033","001","002",34,3,11,0,0,9,0,0,8.82352941176471,0,0,0,0
95539,"090650035001001","BB004","2021","CPV","09","06","50","035","001","001",242,29,94,0,0,70,2,3,11.9834710743802,0,0,2.85714285714286,4.28571428571429
95540,"090650035006001","BB004","2021","CPV","09","06","50","035","006","001",169,19,65,1,0,54,0,2,11.2426035502959,1.53846153846154,0,0,3.7037037037037
95541,"090650023008004","BB004","2021","CPV","09","06","50","023","008","004",59,5,20,0,0,17,0,0,8.47457627118644,0,0,0,0
95542,"090650033001001","BB004","2021","CPV","09","06","50","033","001","001",4,0,1,0,0,1,0,0,0,0,0,0,0
95543,"090650033001007","BB004","2021","CPV","09","06","50","033","001","007",35,0,17,0,0,10,0,1,0,0,0,0,10
95544,"090650033001006","BB004","2021","CPV","09","06","50","033","001","006",50,4,16,0,0,14,0,0,8,0,0,0,0
95545,"090650032003001","BB004","2021","CPV","09","06","50","032","003","001",31,3,10,0,9,9,2,9,9.67741935483871,0,90,22.2222222222222,100
95546,"090650028005003","BB004","2021","CPV","09","06","50","028","005","003",148,16,41,0,1,38,0,1,10.8108108108108,0,2.4390243902439,0,2.63157894736842
95547,"090650028004003","BB004","2021","CPV","09","06","50","028","004","003",89,7,23,0,0,22,1,2,7.86516853932584,0,0,4.54545454545455,9.09090909090909
95548,"090650028005002","BB004","2021","CPV","09","06","50","028","005","002",82,10,36,0,0,27,0,1,12.1951219512195,0,0,0,3.7037037037037
95549,"090650021007003","BB004","2021","CPV","09","06","50","021","007","003",50,5,17,0,0,15,0,0,10,0,0,0,0
95550,"090650028004006","BB004","2021","CPV","09","06","50","028","004","006",28,0,13,0,0,10,0,0,0,0,0,0,0
95551,"090650026003018","BB004","2021","CPV",NA,NA,NA,NA,NA,NA,0,0,0,0,0,0,0,0,NA,NA,NA,NA,NA
95552,"090650026004002","BB004","2021","CPV","09","06","50","026","004","002",46,2,16,0,0,15,0,0,4.34782608695652,0,0,0,0
95553,"090650021007002","BB004","2021","CPV","09","06","50","021","007","002",52,3,19,0,0,17,0,0,5.76923076923077,0,0,0,0
95554,"090650021009001","BB004","2021","CPV","09","06","50","021","009","001",61,3,21,0,0,17,0,1,4.91803278688525,0,0,0,5.88235294117647
95555,"090650021008002","BB004","2021","CPV","09","06","50","021","008","002",94,9,40,0,0,30,0,1,9.57446808510638,0,0,0,3.33333333333333
95556,"090650021005006","BB004","2021","CPV","09","06","50","021","005","006",82,6,28,0,0,25,0,0,7.31707317073171,0,0,0,0
95557,"090650026004006","BB004","2021","CPV","09","06","50","026","004","006",44,0,12,0,0,11,0,0,0,0,0,0,0
95558,"090650026004003","BB004","2021","CPV","09","06","50","026","004","003",65,2,20,0,0,20,0,0,3.07692307692308,0,0,0,0
95559,"090650021005001","BB004","2021","CPV","09","06","50","021","005","001",41,2,11,0,0,11,0,0,4.8780487804878,0,0,0,0
95560,"090650021005005","BB004","2021","CPV","09","06","50","021","005","005",129,5,41,0,0,36,0,1,3.87596899224806,0,0,0,2.77777777777778
95561,"090650021003001","BB004","2021","CPV",NA,NA,NA,NA,NA,NA,0,0,0,0,0,0,0,0,NA,NA,NA,NA,NA
95562,"090650028004004","BB004","2021","CPV",NA,NA,NA,NA,NA,NA,0,0,0,0,0,0,0,0,NA,NA,NA,NA,NA
95563,"090650025010002","BB004","2021","CPV","09","06","50","025","010","002",2,2,2,0,1,2,0,2,100,0,50,0,100
95564,"090650025008002","BB004","2021","CPV","09","06","50","025","008","002",86,3,30,0,0,27,0,0,3.48837209302326,0,0,0,0
95565,"090650025009001","BB004","2021","CPV","09","06","50","025","009","001",121,12,43,0,0,35,0,0,9.91735537190083,0,0,0,0
95566,"090650025010005","BB004","2021","CPV","09","06","50","025","010","005",154,21,51,0,22,49,5,34,13.6363636363636,0,43.1372549019608,10.2040816326531,69.3877551020408
95567,"090650025008004","BB004","2021","CPV","09","06","50","025","008","004",105,15,37,0,0,29,0,0,14.2857142857143,0,0,0,0
95568,"090650021003002","BB004","2021","CPV","09","06","50","021","003","002",133,11,41,0,0,35,0,0,8.27067669172932,0,0,0,0
95569,"090650024001002","BB004","2021","CPV","09","06","50","024","001","002",62,1,15,0,0,14,0,0,1.61290322580645,0,0,0,0
95570,"090650026003011","BB004","2021","CPV",NA,NA,NA,NA,NA,NA,0,0,0,0,0,0,0,0,NA,NA,NA,NA,NA
95571,"090650026003014","BB004","2021","CPV",NA,NA,NA,NA,NA,NA,0,0,0,0,0,0,0,0,NA,NA,NA,NA,NA
95572,"090650026003017","BB004","2021","CPV",NA,NA,NA,NA,NA,NA,0,0,0,0,0,0,0,0,NA,NA,NA,NA,NA
95573,"090650026003020","BB004","2021","CPV",NA,NA,NA,NA,NA,NA,0,0,0,0,0,0,0,0,NA,NA,NA,NA,NA
95574,"090650026004009","BB004","2021","CPV","09","06","50","026","004","009",38,0,11,0,0,10,0,0,0,0,0,0,0
95575,"090650026003030","BB004","2021","CPV",NA,NA,NA,NA,NA,NA,0,0,0,0,0,0,0,0,NA,NA,NA,NA,NA
95576,"090650028004002","BB004","2021","CPV","09","06","50","028","004","002",94,4,34,0,0,27,0,1,4.25531914893617,0,0,0,3.7037037037037
95577,"090650024006002","BB004","2021","CPV","09","06","50","024","006","002",126,17,48,0,0,38,0,2,13.4920634920635,0,0,0,5.26315789473684
95578,"090650030002004","BB004","2021","CPV","09","06","50","030","002","004",35,1,10,0,0,9,0,0,2.85714285714286,0,0,0,0
95579,"090650030002003","BB004","2021","CPV","09","06","50","030","002","003",33,4,10,0,0,10,0,0,12.1212121212121,0,0,0,0
95580,"090650028010004","BB004","2021","CPV","09","06","50","028","010","004",8,1,3,0,0,2,0,1,12.5,0,0,0,50
95581,"090650030002002","BB004","2021","CPV","09","06","50","030","002","002",38,1,10,0,0,9,0,0,2.63157894736842,0,0,0,0
95582,"090650014003001","BB004","2021","CPV","09","06","50","014","003","001",119,4,46,0,0,36,0,1,3.36134453781513,0,0,0,2.77777777777778
95583,"090650014004002","BB004","2021","CPV","09","06","50","014","004","002",83,2,33,0,0,29,0,0,2.40963855421687,0,0,0,0
95584,"090650035002005","BB004","2021","CPV",NA,NA,NA,NA,NA,NA,0,0,0,0,0,0,0,0,NA,NA,NA,NA,NA
95585,"090650035002006","BB004","2021","CPV","09","06","50","035","002","006",32,5,12,0,0,8,0,0,15.625,0,0,0,0
95586,"090650035003001","BB004","2021","CPV","09","06","50","035","003","001",294,23,88,0,0,76,0,0,7.82312925170068,0,0,0,0
95587,"090650035002002","BB004","2021","CPV","09","06","50","035","002","002",93,9,41,0,0,32,0,0,9.67741935483871,0,0,0,0
95588,"090650035009004","BB004","2021","CPV","09","06","50","035","009","004",427,33,125,3,4,121,21,38,7.72833723653396,2.4,3.2,17.3553719008264,31.404958677686
95589,"090650028010001","BB004","2021","CPV","09","06","50","028","010","001",222,16,77,0,0,63,8,13,7.20720720720721,0,0,12.6984126984127,20.6349206349206
95590,"090650035009001","BB004","2021","CPV",NA,NA,NA,NA,NA,NA,0,0,0,0,0,0,0,0,NA,NA,NA,NA,NA
95591,"090650035009007","BB004","2021","CPV","09","06","50","035","009","007",50,5,17,0,0,14,0,0,10,0,0,0,0
95592,"090650038008002","BB004","2021","CPV","09","06","50","038","008","002",94,5,33,0,0,30,0,0,5.31914893617021,0,0,0,0
95593,"090650038012005","BB004","2021","CPV","09","06","50","038","012","005",99,9,47,0,0,41,0,2,9.09090909090909,0,0,0,4.8780487804878
95594,"090650038011004","BB004","2021","CPV","09","06","50","038","011","004",24,1,11,0,0,10,0,0,4.16666666666667,0,0,0,0
95595,"090650037003004","BB004","2021","CPV","09","06","50","037","003","004",95,15,39,0,0,33,0,1,15.7894736842105,0,0,0,3.03030303030303
95596,"090650037004010","BB004","2021","CPV",NA,NA,NA,NA,NA,NA,0,0,0,0,0,0,0,0,NA,NA,NA,NA,NA
95597,"090650037004011","BB004","2021","CPV",NA,NA,NA,NA,NA,NA,0,0,0,0,0,0,0,0,NA,NA,NA,NA,NA
95598,"090650038009003","BB004","2021","CPV","09","06","50","038","009","003",58,7,34,0,0,27,0,2,12.0689655172414,0,0,0,7.40740740740741
95599,"090650037004002","BB004","2021","CPV",NA,NA,NA,NA,NA,NA,0,0,0,0,0,0,0,0,NA,NA,NA,NA,NA
95600,"090650029006003","BB004","2021","CPV","09","06","50","029","006","003",71,9,38,2,0,34,0,3,12.6760563380282,5.26315789473684,0,0,8.82352941176471
95601,"090650037005014","BB004","2021","CPV","09","06","50","037","005","014",28,2,9,0,0,8,0,0,7.14285714285714,0,0,0,0
95602,"090650032002006","BB004","2021","CPV","09","06","50","032","002","006",64,1,20,0,0,17,0,0,1.5625,0,0,0,0
95603,"090650032002001","BB004","2021","CPV","09","06","50","032","002","001",60,2,22,0,0,19,0,0,3.33333333333333,0,0,0,0
95604,"090650037002005","BB004","2021","CPV","09","06","50","037","002","005",105,3,53,0,0,42,0,7,2.85714285714286,0,0,0,16.6666666666667
95605,"090650037002004","BB004","2021","CPV","09","06","50","037","002","004",24,0,9,0,0,6,0,0,0,0,0,0,0
95606,"090650038007002","BB004","2021","CPV","09","06","50","038","007","002",95,8,29,0,0,27,0,2,8.42105263157895,0,0,0,7.40740740740741
95607,"090650037002001","BB004","2021","CPV",NA,NA,NA,NA,NA,NA,0,0,0,0,0,0,0,0,NA,NA,NA,NA,NA
95608,"090650023008003","BB004","2021","CPV","09","06","50","023","008","003",81,7,24,0,0,24,0,1,8.64197530864197,0,0,0,4.16666666666667
95609,"090650032003009","BB004","2021","CPV","09","06","50","032","003","009",42,1,16,0,0,14,0,1,2.38095238095238,0,0,0,7.14285714285714
95610,"090650025008006","BB004","2021","CPV",NA,NA,NA,NA,NA,NA,0,0,0,0,0,0,0,0,NA,NA,NA,NA,NA
95611,"090650023008001","BB004","2021","CPV","09","06","50","023","008","001",51,5,20,0,0,17,0,0,9.80392156862745,0,0,0,0
95612,"090650032003007","BB004","2021","CPV","09","06","50","032","003","007",77,1,27,0,0,22,0,0,1.2987012987013,0,0,0,0
95613,"090650038006003","BB004","2021","CPV","09","06","50","038","006","003",127,7,40,0,0,35,0,2,5.51181102362205,0,0,0,5.71428571428571
95614,"090650032003002","BB004","2021","CPV","09","06","50","032","003","002",50,1,17,1,9,15,3,11,2,5.88235294117647,52.9411764705882,20,73.3333333333333
95615,"090650032003010","BB004","2021","CPV","09","06","50","032","003","010",63,3,24,0,0,19,0,1,4.76190476190476,0,0,0,5.26315789473684
95616,"090650027001010","BB004","2021","CPV",NA,NA,NA,NA,NA,NA,0,0,0,0,0,0,0,0,NA,NA,NA,NA,NA
95617,"090650026003021","BB004","2021","CPV","09","06","50","026","003","021",5,0,12,0,0,2,0,0,0,0,0,0,0
95618,"090650024007001","BB004","2021","CPV","09","06","50","024","007","001",12,1,4,0,0,3,0,0,8.33333333333333,0,0,0,0
95619,"090650027001011","BB004","2021","CPV",NA,NA,NA,NA,NA,NA,0,0,0,0,0,0,0,0,NA,NA,NA,NA,NA
95620,"090650024007004","BB004","2021","CPV","09","06","50","024","007","004",6,1,2,0,0,2,0,0,16.6666666666667,0,0,0,0
95621,"090650028005005","BB004","2021","CPV","09","06","50","028","005","005",16,2,6,0,0,6,1,1,12.5,0,0,16.6666666666667,16.6666666666667
95622,"090650026003007","BB004","2021","CPV",NA,NA,NA,NA,NA,NA,0,0,0,0,0,0,0,0,NA,NA,NA,NA,NA
95623,"090650032003005","BB004","2021","CPV",NA,NA,NA,NA,NA,NA,0,0,0,0,0,0,0,0,NA,NA,NA,NA,NA
95624,"090650035007004","BB004","2021","CPV","09","06","50","035","007","004",40,5,14,0,0,11,0,0,12.5,0,0,0,0
95625,"090650027006001","BB004","2021","CPV","09","06","50","027","006","001",38,4,19,0,0,16,0,0,10.5263157894737,0,0,0,0
95626,"090650038002004","BB004","2021","CPV","09","06","50","038","002","004",58,7,25,0,0,21,0,1,12.0689655172414,0,0,0,4.76190476190476
95627,"090650035007005","BB004","2021","CPV","09","06","50","035","007","005",130,8,44,0,0,36,0,2,6.15384615384615,0,0,0,5.55555555555556
95628,"090650027001007","BB004","2021","CPV",NA,NA,NA,NA,NA,NA,0,0,0,0,0,0,0,0,NA,NA,NA,NA,NA
95629,"090650035008001","BB004","2021","CPV","09","06","50","035","008","001",359,37,117,0,0,102,0,3,10.3064066852368,0,0,0,2.94117647058824
95630,"090650027006007","BB004","2021","CPV","09","06","50","027","006","007",18,1,7,0,0,4,2,3,5.55555555555556,0,0,50,75
95631,"090650027001005","BB004","2021","CPV",NA,NA,NA,NA,NA,NA,0,0,0,0,0,0,0,0,NA,NA,NA,NA,NA
95632,"090650026003012","BB004","2021","CPV",NA,NA,NA,NA,NA,NA,0,0,0,0,0,0,0,0,NA,NA,NA,NA,NA
95633,"090650040001005","BB004","2021","CPV","09","06","50","040","001","005",51,4,19,0,0,17,0,1,7.84313725490196,0,0,0,5.88235294117647
95634,"090650027007008","BB004","2021","CPV",NA,NA,NA,NA,NA,NA,0,0,0,0,0,0,0,0,NA,NA,NA,NA,NA
95635,"090650027007004","BB004","2021","CPV","09","06","50","027","007","004",42,1,9,0,0,11,4,5,2.38095238095238,0,0,36.3636363636364,45.4545454545455
95636,"090650027001006","BB004","2021","CPV","09","06","50","027","001","006",0,0,1,0,0,0,0,0,NA,0,0,NA,NA
95637,"090650038002001","BB004","2021","CPV","09","06","50","038","002","001",82,4,22,0,0,22,0,1,4.8780487804878,0,0,0,4.54545454545455
95638,"090650038002003","BB004","2021","CPV","09","06","50","038","002","003",131,8,42,0,0,39,0,0,6.10687022900763,0,0,0,0
95639,"090650038006001","BB004","2021","CPV","09","06","50","038","006","001",139,5,47,0,0,42,1,3,3.59712230215827,0,0,2.38095238095238,7.14285714285714
95640,"090650036002003","BB004","2021","CPV","09","06","50","036","002","003",172,13,51,0,0,47,0,2,7.55813953488372,0,0,0,4.25531914893617
95641,"090650033006005","BB004","2021","CPV","09","06","50","033","006","005",49,0,13,0,0,12,0,0,0,0,0,0,0
95642,"090650036002002","BB004","2021","CPV","09","06","50","036","002","002",139,9,44,0,0,40,0,1,6.47482014388489,0,0,0,2.5
95643,"090650036002004","BB004","2021","CPV","09","06","50","036","002","004",112,11,43,0,0,32,0,0,9.82142857142857,0,0,0,0
95644,"090650034001002","BB004","2021","CPV","09","06","50","034","001","002",116,10,32,0,0,31,0,0,8.62068965517241,0,0,0,0
95645,"090650046006003","BB004","2021","CPV","09","06","50","046","006","003",111,2,38,0,0,33,0,1,1.8018018018018,0,0,0,3.03030303030303
95646,"090650033006004","BB004","2021","CPV","09","06","50","033","006","004",96,2,36,0,0,30,0,1,2.08333333333333,0,0,0,3.33333333333333
95647,"090650034003005","BB004","2021","CPV","09","06","50","034","003","005",116,15,37,4,4,36,4,14,12.9310344827586,10.8108108108108,10.8108108108108,11.1111111111111,38.8888888888889
95648,"090650046006005","BB004","2021","CPV","09","06","50","046","006","005",83,3,34,0,0,27,0,0,3.6144578313253,0,0,0,0
95649,"090650046006002","BB004","2021","CPV",NA,NA,NA,NA,NA,NA,0,0,0,0,0,0,0,0,NA,NA,NA,NA,NA
95650,"090650037002007","BB004","2021","CPV",NA,NA,NA,NA,NA,NA,0,0,0,0,0,0,0,0,NA,NA,NA,NA,NA
95651,"090650037002006","BB004","2021","CPV","09","06","50","037","002","006",51,6,27,0,0,19,1,1,11.7647058823529,0,0,5.26315789473684,5.26315789473684
95652,"090650035001002","BB004","2021","CPV","09","06","50","035","001","002",103,15,39,0,0,33,0,6,14.5631067961165,0,0,0,18.1818181818182
95653,"090650039002003","BB004","2021","CPV","09","06","50","039","002","003",181,9,64,0,0,55,0,0,4.97237569060773,0,0,0,0
95654,"090650046006001","BB004","2021","CPV","09","06","50","046","006","001",157,6,52,0,0,43,0,3,3.82165605095541,0,0,0,6.97674418604651
95655,"090650046006004","BB004","2021","CPV","09","06","50","046","006","004",108,2,41,0,0,33,0,1,1.85185185185185,0,0,0,3.03030303030303
95656,"090650038005002","BB004","2021","CPV","09","06","50","038","005","002",74,6,26,0,0,25,0,0,8.10810810810811,0,0,0,0
95657,"090650014006003","BB004","2021","CPV","09","06","50","014","006","003",102,1,39,0,0,31,1,1,0.980392156862745,0,0,3.2258064516129,3.2258064516129
95658,"090650014007001","BB004","2021","CPV","09","06","50","014","007","001",44,3,13,0,0,12,0,0,6.81818181818182,0,0,0,0
95659,"090650035007002","BB004","2021","CPV","09","06","50","035","007","002",47,6,16,0,0,13,0,1,12.7659574468085,0,0,0,7.69230769230769
95660,"090650038005007","BB004","2021","CPV","09","06","50","038","005","007",105,11,34,0,0,32,0,1,10.4761904761905,0,0,0,3.125
95661,"090650038010001","BB004","2021","CPV","09","06","50","038","010","001",59,4,32,0,0,28,0,0,6.77966101694915,0,0,0,0
95662,"090650014010005","BB004","2021","CPV","09","06","50","014","010","005",81,4,27,0,0,21,0,0,4.93827160493827,0,0,0,0
95663,"090650035007003","BB004","2021","CPV",NA,NA,NA,NA,NA,NA,0,0,0,0,0,0,0,0,NA,NA,NA,NA,NA
95664,"090650014001003","BB004","2021","CPV","09","06","50","014","001","003",66,3,25,0,0,21,0,0,4.54545454545455,0,0,0,0
95665,"090650014001005","BB004","2021","CPV","09","06","50","014","001","005",55,1,24,0,0,17,0,2,1.81818181818182,0,0,0,11.7647058823529
95666,"090650038005004","BB004","2021","CPV",NA,NA,NA,NA,NA,NA,0,0,0,0,0,0,0,0,NA,NA,NA,NA,NA
95667,"090650036002001","BB004","2021","CPV","09","06","50","036","002","001",52,9,17,0,0,15,0,0,17.3076923076923,0,0,0,0
95668,"090650014005006","BB004","2021","CPV","09","06","50","014","005","006",122,7,39,0,0,33,0,2,5.73770491803279,0,0,0,6.06060606060606
95669,"090650014001007","BB004","2021","CPV","09","06","50","014","001","007",57,5,14,0,0,14,0,0,8.7719298245614,0,0,0,0
95670,"090650035007001","BB004","2021","CPV","09","06","50","035","007","001",73,4,26,0,0,20,0,0,5.47945205479452,0,0,0,0
95671,"090650014001001","BB004","2021","CPV","09","06","50","014","001","001",74,5,21,0,0,19,0,0,6.75675675675676,0,0,0,0
95672,"090650030011001","BB004","2021","CPV","09","06","50","030","011","001",122,8,36,0,0,34,0,0,6.55737704918033,0,0,0,0
95673,"090650030011004","BB004","2021","CPV","09","06","50","030","011","004",79,6,23,0,0,22,0,2,7.59493670886076,0,0,0,9.09090909090909
95674,"090650027006002","BB004","2021","CPV",NA,NA,NA,NA,NA,NA,0,0,0,0,0,0,0,0,NA,NA,NA,NA,NA
95675,"090650027006004","BB004","2021","CPV","09","06","50","027","006","004",80,4,27,0,0,24,0,0,5,0,0,0,0
95676,"090650030011003","BB004","2021","CPV",NA,NA,NA,NA,NA,NA,0,0,0,0,0,0,0,0,NA,NA,NA,NA,NA
95677,"090650030011005","BB004","2021","CPV","09","06","50","030","011","005",67,5,27,0,0,22,0,0,7.46268656716418,0,0,0,0
95678,"090650026003006","BB004","2021","CPV",NA,NA,NA,NA,NA,NA,0,0,0,0,0,0,0,0,NA,NA,NA,NA,NA
95679,"090650026003010","BB004","2021","CPV",NA,NA,NA,NA,NA,NA,0,0,0,0,0,0,0,0,NA,NA,NA,NA,NA
95680,"090650015006006","BB004","2021","CPV","09","06","50","015","006","006",43,2,63,0,0,24,0,0,4.65116279069767,0,0,0,0
95681,"090650021007007","BB004","2021","CPV","09","06","50","021","007","007",75,2,28,0,0,21,0,0,2.66666666666667,0,0,0,0
95682,"090650034011007","BB004","2021","CPV","09","06","50","034","011","007",46,12,18,0,0,15,0,0,26.0869565217391,0,0,0,0
95683,"090650015004020","BB004","2021","CPV","09","06","50","015","004","020",0,0,19,0,0,0,0,0,NA,0,0,NA,NA
95684,"090650027006003","BB004","2021","CPV","09","06","50","027","006","003",83,6,26,0,0,23,0,0,7.2289156626506,0,0,0,0
95685,"090650026003015","BB004","2021","CPV",NA,NA,NA,NA,NA,NA,0,0,0,0,0,0,0,0,NA,NA,NA,NA,NA
95686,"090650023002004","BB004","2021","CPV","09","06","50","023","002","004",35,4,13,0,0,11,0,0,11.4285714285714,0,0,0,0
95687,"090650027006006","BB004","2021","CPV","09","06","50","027","006","006",29,1,9,0,0,8,0,0,3.44827586206897,0,0,0,0
95688,"090650037002009","BB004","2021","CPV","09","06","50","037","002","009",89,5,41,1,0,38,0,10,5.61797752808989,2.4390243902439,0,0,26.3157894736842
95689,"090650037002008","BB004","2021","CPV","09","06","50","037","002","008",14,2,6,0,0,4,0,0,14.2857142857143,0,0,0,0
95690,"090650034003001","BB004","2021","CPV",NA,NA,NA,NA,NA,NA,0,0,0,0,0,0,0,0,NA,NA,NA,NA,NA
95691,"090650034003003","BB004","2021","CPV","09","06","50","034","003","003",47,3,13,0,0,15,4,5,6.38297872340426,0,0,26.6666666666667,33.3333333333333
95692,"090650042005007","BB004","2021","CPV","09","06","50","042","005","007",53,7,18,0,0,16,0,0,13.2075471698113,0,0,0,0
95693,"090650042005004","BB004","2021","CPV","09","06","50","042","005","004",73,3,26,0,0,19,0,0,4.10958904109589,0,0,0,0
95694,"090650038002002","BB004","2021","CPV","09","06","50","038","002","002",89,7,42,0,0,34,0,11,7.86516853932584,0,0,0,32.3529411764706
95695,"090650035001003","BB004","2021","CPV","09","06","50","035","001","003",29,1,10,0,0,9,0,0,3.44827586206897,0,0,0,0
95696,"090650033006002","BB004","2021","CPV","09","06","50","033","006","002",54,9,20,0,0,17,0,1,16.6666666666667,0,0,0,5.88235294117647
95697,"090650034002005","BB004","2021","CPV","09","06","50","034","002","005",28,3,12,0,0,11,0,1,10.7142857142857,0,0,0,9.09090909090909
95698,"090650028003003","BB004","2021","CPV","09","06","50","028","003","003",70,9,26,0,0,22,0,0,12.8571428571429,0,0,0,0
95699,"090650028003001","BB004","2021","CPV","09","06","50","028","003","001",56,1,23,0,0,18,0,0,1.78571428571429,0,0,0,0
95700,"090650034003002","BB004","2021","CPV","09","06","50","034","003","002",19,0,5,0,0,6,0,1,0,0,0,0,16.6666666666667
95701,"090650034003006","BB004","2021","CPV",NA,NA,NA,NA,NA,NA,0,0,0,0,0,0,0,0,NA,NA,NA,NA,NA
95702,"090650034002006","BB004","2021","CPV","09","06","50","034","002","006",13,4,5,0,0,4,0,1,30.7692307692308,0,0,0,25
95703,"090650033006003","BB004","2021","CPV","09","06","50","033","006","003",39,3,13,0,0,11,0,0,7.69230769230769,0,0,0,0
95704,"090650040004002","BB004","2021","CPV","09","06","50","040","004","002",56,5,16,0,0,14,1,1,8.92857142857143,0,0,7.14285714285714,7.14285714285714
95705,"090650042003002","BB004","2021","CPV","09","06","50","042","003","002",87,2,24,0,0,20,0,0,2.29885057471264,0,0,0,0
95706,"090650035002007","BB004","2021","CPV","09","06","50","035","002","007",44,3,16,0,0,14,1,2,6.81818181818182,0,0,7.14285714285714,14.2857142857143
95707,"090650046005002","BB004","2021","CPV","09","06","50","046","005","002",171,8,63,0,0,50,0,2,4.67836257309941,0,0,0,4
95708,"090650041006005","BB004","2021","CPV","09","06","50","041","006","005",157,21,47,0,0,39,0,1,13.3757961783439,0,0,0,2.56410256410256
95709,"090650041005001","BB004","2021","CPV","09","06","50","041","005","001",14,3,7,1,0,6,0,1,21.4285714285714,14.2857142857143,0,0,16.6666666666667
95710,"090650046004002","BB004","2021","CPV","09","06","50","046","004","002",24,0,11,0,0,8,0,0,0,0,0,0,0
95711,"090650039006003","BB004","2021","CPV",NA,NA,NA,NA,NA,NA,0,0,0,0,0,0,0,0,NA,NA,NA,NA,NA
95712,"090650046004006","BB004","2021","CPV","09","06","50","046","004","006",151,7,60,0,0,47,0,3,4.63576158940397,0,0,0,6.38297872340426
95713,"090650039007002","BB004","2021","CPV","09","06","50","039","007","002",117,8,40,0,0,34,0,0,6.83760683760684,0,0,0,0
95714,"090650044003002","BB004","2021","CPV","09","06","50","044","003","002",84,6,37,0,0,28,0,2,7.14285714285714,0,0,0,7.14285714285714
95715,"090650044003003","BB004","2021","CPV","09","06","50","044","003","003",76,1,40,0,0,23,0,0,1.31578947368421,0,0,0,0
95716,"090650042006006","BB004","2021","CPV","09","06","50","042","006","006",80,0,26,0,0,25,0,1,0,0,0,0,4
95717,"090650045005002","BB004","2021","CPV","09","06","50","045","005","002",168,6,58,0,0,47,0,1,3.57142857142857,0,0,0,2.12765957446809
95718,"090650043007002","BB004","2021","CPV","09","06","50","043","007","002",50,1,17,0,0,16,0,1,2,0,0,0,6.25
95719,"090650039001004","BB004","2021","CPV","09","06","50","039","001","004",134,9,39,0,0,34,0,1,6.71641791044776,0,0,0,2.94117647058824
95720,"090650042005001","BB004","2021","CPV","09","06","50","042","005","001",0,0,2,0,0,0,0,0,NA,0,0,NA,NA
95721,"090650021007008","BB004","2021","CPV","09","06","50","021","007","008",42,4,13,0,0,13,0,1,9.52380952380952,0,0,0,7.69230769230769
95722,"090650041006004","BB004","2021","CPV",NA,NA,NA,NA,NA,NA,0,0,0,0,0,0,0,0,NA,NA,NA,NA,NA
95723,"090650042005006","BB004","2021","CPV","09","06","50","042","005","006",75,10,24,0,0,23,0,0,13.3333333333333,0,0,0,0
95724,"090650021003004","BB004","2021","CPV","09","06","50","021","003","004",75,5,21,0,0,19,0,0,6.66666666666667,0,0,0,0
95725,"090650021004004","BB004","2021","CPV","09","06","50","021","004","004",52,3,20,0,0,16,0,0,5.76923076923077,0,0,0,0
95726,"090650021007009","BB004","2021","CPV","09","06","50","021","007","009",33,2,9,0,0,8,0,0,6.06060606060606,0,0,0,0
95727,"090650021008001","BB004","2021","CPV","09","06","50","021","008","001",91,3,30,0,0,23,0,0,3.2967032967033,0,0,0,0
95728,"090650041007001","BB004","2021","CPV","09","06","50","041","007","001",104,6,35,0,0,29,0,8,5.76923076923077,0,0,0,27.5862068965517
95729,"090650041006002","BB004","2021","CPV",NA,NA,NA,NA,NA,NA,0,0,0,0,0,0,0,0,NA,NA,NA,NA,NA
95730,"090650041006003","BB004","2021","CPV",NA,NA,NA,NA,NA,NA,0,0,0,0,0,0,0,0,NA,NA,NA,NA,NA
95731,"090650041006001","BB004","2021","CPV","09","06","50","041","006","001",152,15,48,0,0,44,0,2,9.86842105263158,0,0,0,4.54545454545455
95732,"090650025008003","BB004","2021","CPV","09","06","50","025","008","003",103,7,33,0,0,30,0,0,6.79611650485437,0,0,0,0
95733,"090650025008001","BB004","2021","CPV","09","06","50","025","008","001",66,8,31,0,0,24,0,0,12.1212121212121,0,0,0,0
95734,"090650042005003","BB004","2021","CPV","09","06","50","042","005","003",14,2,5,0,0,4,0,0,14.2857142857143,0,0,0,0
95735,"090650042005002","BB004","2021","CPV","09","06","50","042","005","002",27,0,8,0,0,7,0,0,0,0,0,0,0
95736,"090650037004008","BB004","2021","CPV",NA,NA,NA,NA,NA,NA,0,0,0,0,0,0,0,0,NA,NA,NA,NA,NA
95737,"090650037004014","BB004","2021","CPV","09","06","50","037","004","014",2,1,1,0,0,1,0,0,50,0,0,0,0
95738,"090650037004003","BB004","2021","CPV","09","06","50","037","004","003",4,0,1,0,0,1,0,0,0,0,0,0,0
95739,"090650037004001","BB004","2021","CPV",NA,NA,NA,NA,NA,NA,0,0,0,0,0,0,0,0,NA,NA,NA,NA,NA
95740,"090650038006004","BB004","2021","CPV","09","06","50","038","006","004",51,2,19,0,0,17,0,4,3.92156862745098,0,0,0,23.5294117647059
95741,"090650038009001","BB004","2021","CPV","09","06","50","038","009","001",50,9,19,0,0,15,0,0,18,0,0,0,0
95742,"090650037004015","BB004","2021","CPV",NA,NA,NA,NA,NA,NA,0,0,0,0,0,0,0,0,NA,NA,NA,NA,NA
95743,"090650037004012","BB004","2021","CPV","09","06","50","037","004","012",11,1,5,0,0,4,0,0,9.09090909090909,0,0,0,0
95744,"090650038005006","BB004","2021","CPV","09","06","50","038","005","006",95,4,36,0,0,29,0,5,4.21052631578947,0,0,0,17.2413793103448
95745,"090650035001004","BB004","2021","CPV",NA,NA,NA,NA,NA,NA,0,0,0,0,0,0,0,0,NA,NA,NA,NA,NA
95746,"090650038001001","BB004","2021","CPV","09","06","50","038","001","001",89,11,34,1,0,27,0,0,12.3595505617978,2.94117647058824,0,0,0
95747,"090650038001003","BB004","2021","CPV","09","06","50","038","001","003",174,9,55,0,0,47,0,5,5.17241379310345,0,0,0,10.6382978723404
95748,"090650038007001","BB004","2021","CPV","09","06","50","038","007","001",84,8,29,0,0,27,0,0,9.52380952380952,0,0,0,0
95749,"090650037004009","BB004","2021","CPV",NA,NA,NA,NA,NA,NA,0,0,0,0,0,0,0,0,NA,NA,NA,NA,NA
95750,"090650031009002","BB004","2021","CPV","09","06","50","031","009","002",51,4,21,0,0,17,0,1,7.84313725490196,0,0,0,5.88235294117647
95751,"090650038005005","BB004","2021","CPV","09","06","50","038","005","005",102,7,38,0,0,31,0,0,6.86274509803922,0,0,0,0
95752,"090650042006002","BB004","2021","CPV","09","06","50","042","006","002",56,14,21,0,0,18,0,1,25,0,0,0,5.55555555555556
95753,"090650042005008","BB004","2021","CPV",NA,NA,NA,NA,NA,NA,0,0,0,0,0,0,0,0,NA,NA,NA,NA,NA
95754,"090650017010005","BB004","2021","CPV","09","06","50","017","010","005",46,2,20,0,0,16,0,0,4.34782608695652,0,0,0,0
95755,"090650017009004","BB004","2021","CPV","09","06","50","017","009","004",67,7,24,0,0,21,0,1,10.4477611940298,0,0,0,4.76190476190476
95756,"090650035002003","BB004","2021","CPV","09","06","50","035","002","003",68,6,26,0,0,23,0,4,8.82352941176471,0,0,0,17.3913043478261
95757,"090650035002004","BB004","2021","CPV","09","06","50","035","002","004",40,10,12,0,0,12,0,0,25,0,0,0,0
95758,"090650041003005","BB004","2021","CPV","09","06","50","041","003","005",91,7,36,0,0,28,0,2,7.69230769230769,0,0,0,7.14285714285714
95759,"090650041002001","BB004","2021","CPV","09","06","50","041","002","001",97,5,31,0,0,28,0,0,5.15463917525773,0,0,0,0
95760,"090650039002001","BB004","2021","CPV","09","06","50","039","002","001",81,9,30,0,0,27,0,0,11.1111111111111,0,0,0,0
95761,"090650039002002","BB004","2021","CPV","09","06","50","039","002","002",60,7,20,0,0,18,0,1,11.6666666666667,0,0,0,5.55555555555556
95762,"090650039004003","BB004","2021","CPV","09","06","50","039","004","003",150,12,63,0,0,52,0,1,8,0,0,0,1.92307692307692
95763,"090650039001002","BB004","2021","CPV","09","06","50","039","001","002",133,16,40,0,0,37,0,0,12.0300751879699,0,0,0,0
95764,"090650042005005","BB004","2021","CPV","09","06","50","042","005","005",89,4,27,0,0,24,0,0,4.49438202247191,0,0,0,0
95765,"090650039001001","BB004","2021","CPV",NA,NA,NA,NA,NA,NA,0,0,0,0,0,0,0,0,NA,NA,NA,NA,NA
95766,"090650025010006","BB004","2021","CPV","09","06","50","025","010","006",10,2,6,0,5,5,1,5,20,0,83.3333333333333,20,100
95767,"090650041006006","BB004","2021","CPV","09","06","50","041","006","006",85,10,23,0,0,20,0,0,11.7647058823529,0,0,0,0
95768,"090650034009012","BB004","2021","CPV",NA,NA,NA,NA,NA,NA,0,0,0,0,0,0,0,0,NA,NA,NA,NA,NA
95769,"090650045006002","BB004","2021","CPV","09","06","50","045","006","002",105,8,42,0,0,33,0,0,7.61904761904762,0,0,0,0
95770,"090650037004021","BB004","2021","CPV","09","06","50","037","004","021",3,0,1,0,0,1,0,0,0,0,0,0,0
95771,"090650037001004","BB004","2021","CPV","09","06","50","037","001","004",48,6,15,0,0,11,0,0,12.5,0,0,0,0
95772,"090650034012005","BB004","2021","CPV","09","06","50","034","012","005",17,5,7,0,0,5,0,0,29.4117647058824,0,0,0,0
95773,"090650034011010","BB004","2021","CPV","09","06","50","034","011","010",27,3,16,0,0,9,0,0,11.1111111111111,0,0,0,0
95774,"090650038009002","BB004","2021","CPV","09","06","50","038","009","002",147,12,69,0,0,52,0,3,8.16326530612245,0,0,0,5.76923076923077
95775,"090650041007003","BB004","2021","CPV","09","06","50","041","007","003",98,8,26,0,0,25,0,1,8.16326530612245,0,0,0,4
95776,"090650006007003","BB004","2021","CPV","09","06","50","006","007","003",47,3,15,0,0,16,1,3,6.38297872340426,0,0,6.25,18.75
95777,"090650034011005","BB004","2021","CPV",NA,NA,NA,NA,NA,NA,0,0,0,0,0,0,0,0,NA,NA,NA,NA,NA
95778,"090650010008011","BB004","2021","CPV",NA,NA,NA,NA,NA,NA,0,0,0,0,0,0,0,0,NA,NA,NA,NA,NA
95779,"090650010008007","BB004","2021","CPV","09","06","50","010","008","007",51,2,13,2,2,12,4,8,3.92156862745098,15.3846153846154,15.3846153846154,33.3333333333333,66.6666666666667
95780,"090650007004002","BB004","2021","CPV","09","06","50","007","004","002",68,10,23,1,1,24,3,6,14.7058823529412,4.34782608695652,4.34782608695652,12.5,25
95781,"090650034012002","BB004","2021","CPV","09","06","50","034","012","002",38,7,19,0,0,14,0,0,18.4210526315789,0,0,0,0
95782,"090650034011004","BB004","2021","CPV","09","06","50","034","011","004",56,6,23,0,0,15,0,1,10.7142857142857,0,0,0,6.66666666666667
95783,"090650010008003","BB004","2021","CPV","09","06","50","010","008","003",9,0,3,0,2,3,0,3,0,0,66.6666666666667,0,100
95784,"090650015004005","BB004","2021","CPV","09","06","50","015","004","005",43,2,24,0,0,13,0,1,4.65116279069767,0,0,0,7.69230769230769
95785,"090650015005002","BB004","2021","CPV","09","06","50","015","005","002",77,1,31,0,0,25,1,1,1.2987012987013,0,0,4,4
95786,"090650015004023","BB004","2021","CPV","09","06","50","015","004","023",0,0,9,0,0,0,0,0,NA,0,0,NA,NA
95787,"090650015005004","BB004","2021","CPV",NA,NA,NA,NA,NA,NA,0,0,0,0,0,0,0,0,NA,NA,NA,NA,NA
95788,"090650015004014","BB004","2021","CPV","09","06","50","015","004","014",6,0,13,0,0,2,0,0,0,0,0,0,0
95789,"090650045006006","BB004","2021","CPV",NA,NA,NA,NA,NA,NA,0,0,0,0,0,0,0,0,NA,NA,NA,NA,NA
95790,"090650015005005","BB004","2021","CPV","09","06","50","015","005","005",74,2,31,0,0,22,0,1,2.7027027027027,0,0,0,4.54545454545455
95791,"090650015005006","BB004","2021","CPV","09","06","50","015","005","006",39,4,18,0,0,14,0,0,10.2564102564103,0,0,0,0
95792,"090650036004016","BB004","2021","CPV","09","06","50","036","004","016",30,3,8,0,0,8,0,0,10,0,0,0,0
95793,"090650015004004","BB004","2021","CPV","09","06","50","015","004","004",49,3,23,0,0,16,0,0,6.12244897959184,0,0,0,0
95794,"090650034011001","BB004","2021","CPV","09","06","50","034","011","001",52,4,28,0,0,22,0,1,7.69230769230769,0,0,0,4.54545454545455
95795,"090650015003011","BB004","2021","CPV","09","06","50","015","003","011",36,2,15,0,0,10,0,0,5.55555555555556,0,0,0,0
95796,"090650034011003","BB004","2021","CPV","09","06","50","034","011","003",43,10,24,0,0,20,0,0,23.2558139534884,0,0,0,0
95797,"090650015004019","BB004","2021","CPV","09","06","50","015","004","019",21,1,16,0,0,6,0,0,4.76190476190476,0,0,0,0
95798,"090650015004012","BB004","2021","CPV","09","06","50","015","004","012",20,1,17,0,0,7,0,0,5,0,0,0,0
95799,"090650036004017","BB004","2021","CPV","09","06","50","036","004","017",22,5,10,0,0,10,0,0,22.7272727272727,0,0,0,0
95800,"090650009008002","BB004","2021","CPV","09","06","50","009","008","002",22,5,8,0,0,6,1,2,22.7272727272727,0,0,16.6666666666667,33.3333333333333
95801,"090650008005001","BB004","2021","CPV","09","06","50","008","005","001",85,9,27,1,1,27,2,6,10.5882352941176,3.7037037037037,3.7037037037037,7.40740740740741,22.2222222222222
95802,"090650009003002","BB004","2021","CPV","09","06","50","009","003","002",74,7,27,1,3,18,2,9,9.45945945945946,3.7037037037037,11.1111111111111,11.1111111111111,50
95803,"090650009003004","BB004","2021","CPV","09","06","50","009","003","004",60,7,25,0,0,18,3,3,11.6666666666667,0,0,16.6666666666667,16.6666666666667
95804,"090650012002005","BB004","2021","CPV","09","06","50","012","002","005",125,16,33,0,0,30,4,4,12.8,0,0,13.3333333333333,13.3333333333333
95805,"090650007004005","BB004","2021","CPV","09","06","50","007","004","005",40,8,17,1,0,13,2,5,20,5.88235294117647,0,15.3846153846154,38.4615384615385
95806,"090650007004006","BB004","2021","CPV","09","06","50","007","004","006",80,8,18,0,0,19,3,5,10,0,0,15.7894736842105,26.3157894736842
95807,"090650002002001","BB004","2021","CPV","09","06","50","002","002","001",173,3,54,0,0,44,7,12,1.73410404624277,0,0,15.9090909090909,27.2727272727273
95808,"090650036005007","BB004","2021","CPV","09","06","50","036","005","007",25,2,8,0,0,8,0,0,8,0,0,0,0
95809,"090650009003001","BB004","2021","CPV","09","06","50","009","003","001",78,11,23,0,0,17,2,3,14.1025641025641,0,0,11.7647058823529,17.6470588235294
95810,"090650009008001","BB004","2021","CPV","09","06","50","009","008","001",88,9,33,3,2,25,2,8,10.2272727272727,9.09090909090909,6.06060606060606,8,32
95811,"090650034009003","BB004","2021","CPV","09","06","50","034","009","003",14,2,8,0,0,4,0,0,14.2857142857143,0,0,0,0
95812,"090650009009001","BB004","2021","CPV","09","06","50","009","009","001",128,14,49,0,0,34,6,9,10.9375,0,0,17.6470588235294,26.4705882352941
95813,"090650006007002","BB004","2021","CPV",NA,NA,NA,NA,NA,NA,0,0,0,0,0,0,0,0,NA,NA,NA,NA,NA
95814,"090650008005004","BB004","2021","CPV","09","06","50","008","005","004",71,18,34,0,0,29,3,5,25.3521126760563,0,0,10.3448275862069,17.2413793103448
95815,"090650008005003","BB004","2021","CPV","09","06","50","008","005","003",110,18,36,0,0,30,0,7,16.3636363636364,0,0,0,23.3333333333333
95816,"090650009003003","BB004","2021","CPV","09","06","50","009","003","003",127,4,41,0,4,35,9,16,3.1496062992126,0,9.75609756097561,25.7142857142857,45.7142857142857
95817,"090650010008009","BB004","2021","CPV","09","06","50","010","008","009",25,2,10,1,2,7,1,3,8,10,20,14.2857142857143,42.8571428571429
95818,"090650006007005","BB004","2021","CPV","09","06","50","006","007","005",18,3,13,2,3,8,1,4,16.6666666666667,15.3846153846154,23.0769230769231,12.5,50
95819,"090650007001005","BB004","2021","CPV","09","06","50","007","001","005",60,17,22,0,0,16,2,7,28.3333333333333,0,0,12.5,43.75
95820,"090650008005002","BB004","2021","CPV","09","06","50","008","005","002",52,9,21,2,2,17,2,8,17.3076923076923,9.52380952380952,9.52380952380952,11.7647058823529,47.0588235294118
95821,"090650009009006","BB004","2021","CPV","09","06","50","009","009","006",3,0,2,0,0,2,0,1,0,0,0,0,50
95822,"090650010006001","BB004","2021","CPV","09","06","50","010","006","001",112,5,42,1,2,34,5,13,4.46428571428571,2.38095238095238,4.76190476190476,14.7058823529412,38.2352941176471
95823,"090650008008001","BB004","2021","CPV","09","06","50","008","008","001",114,11,51,1,3,35,3,7,9.64912280701754,1.96078431372549,5.88235294117647,8.57142857142857,20
95824,"090650013003010","BB004","2021","CPV","09","06","50","013","003","010",63,2,21,0,0,19,1,4,3.17460317460317,0,0,5.26315789473684,21.0526315789474
95825,"090650008009006","BB004","2021","CPV","09","06","50","008","009","006",24,1,8,0,1,6,1,2,4.16666666666667,0,12.5,16.6666666666667,33.3333333333333
95826,"090650009003005","BB004","2021","CPV",NA,NA,NA,NA,NA,NA,0,0,0,0,0,0,0,0,NA,NA,NA,NA,NA
95827,"090650012001004","BB004","2021","CPV","09","06","50","012","001","004",23,2,11,0,0,8,0,2,8.69565217391304,0,0,0,25
95828,"090650921001011","BB004","2021","CPV","09","06","50","921","001","011",44,1,15,1,0,15,1,7,2.27272727272727,6.66666666666667,0,6.66666666666667,46.6666666666667
95829,"090650004002010","BB004","2021","CPV",NA,NA,NA,NA,NA,NA,0,0,0,0,0,0,0,0,NA,NA,NA,NA,NA
95830,"090650921002011","BB004","2021","CPV","09","06","50","921","002","011",18,5,11,0,0,10,0,6,27.7777777777778,0,0,0,60
95831,"090650004001003","BB004","2021","CPV","09","06","50","004","001","003",86,6,27,0,0,25,5,7,6.97674418604651,0,0,20,28
95832,"090650002001004","BB004","2021","CPV","09","06","50","002","001","004",39,0,12,0,0,11,4,10,0,0,0,36.3636363636364,90.9090909090909
95833,"090650002001005","BB004","2021","CPV","09","06","50","002","001","005",26,2,13,0,0,8,2,4,7.69230769230769,0,0,25,50
95834,"090650923001005","BB004","2021","CPV",NA,NA,NA,NA,NA,NA,0,0,0,0,0,0,0,0,NA,NA,NA,NA,NA
95835,"090650001005003","BB004","2021","CPV","09","06","50","001","005","003",69,1,18,7,2,20,7,19,1.44927536231884,38.8888888888889,11.1111111111111,35,95
95836,"090650921001012","BB004","2021","CPV",NA,NA,NA,NA,NA,NA,0,0,0,0,0,0,0,0,NA,NA,NA,NA,NA
95837,"090650921001013","BB004","2021","CPV","09","06","50","921","001","013",40,5,15,2,1,13,2,5,12.5,13.3333333333333,6.66666666666667,15.3846153846154,38.4615384615385
95838,"090650921002015","BB004","2021","CPV","09","06","50","921","002","015",16,4,8,0,0,7,0,2,25,0,0,0,28.5714285714286
95839,"090650921002003","BB004","2021","CPV","09","06","50","921","002","003",70,11,21,0,0,21,2,12,15.7142857142857,0,0,9.52380952380952,57.1428571428571
95840,"090650923001012","BB004","2021","CPV",NA,NA,NA,NA,NA,NA,0,0,0,0,0,0,0,0,NA,NA,NA,NA,NA
95841,"090650004001006","BB004","2021","CPV","09","06","50","004","001","006",211,20,48,1,3,61,15,22,9.47867298578199,2.08333333333333,6.25,24.5901639344262,36.0655737704918
95842,"090650921001014","BB004","2021","CPV","09","06","50","921","001","014",51,3,18,2,0,16,1,10,5.88235294117647,11.1111111111111,0,6.25,62.5
95843,"090650004001002","BB004","2021","CPV","09","06","50","004","001","002",77,5,25,0,0,25,5,9,6.49350649350649,0,0,20,36
95844,"090650002001009","BB004","2021","CPV","09","06","50","002","001","009",31,2,21,2,0,12,3,7,6.45161290322581,9.52380952380952,0,25,58.3333333333333
95845,"090650002001010","BB004","2021","CPV","09","06","50","002","001","010",70,3,21,0,0,17,8,13,4.28571428571429,0,0,47.0588235294118,76.4705882352941
95846,"090650003008003","BB004","2021","CPV","09","06","50","003","008","003",49,4,15,0,0,12,3,3,8.16326530612245,0,0,25,25
95847,"090650002001003","BB004","2021","CPV","09","06","50","002","001","003",55,1,17,1,0,13,4,8,1.81818181818182,5.88235294117647,0,30.7692307692308,61.5384615384615
95848,"090650001005002","BB004","2021","CPV","09","06","50","001","005","002",20,1,6,1,0,6,2,6,5,16.6666666666667,0,33.3333333333333,100
95849,"090650001005001","BB004","2021","CPV","09","06","50","001","005","001",95,10,38,2,4,29,5,19,10.5263157894737,5.26315789473684,10.5263157894737,17.2413793103448,65.5172413793103
95850,"090650003001005","BB004","2021","CPV","09","06","50","003","001","005",124,3,36,1,2,38,13,26,2.41935483870968,2.77777777777778,5.55555555555556,34.2105263157895,68.4210526315789
95851,"090650003008001","BB004","2021","CPV","09","06","50","003","008","001",73,4,23,0,0,21,1,3,5.47945205479452,0,0,4.76190476190476,14.2857142857143
95852,"090650003001008","BB004","2021","CPV","09","06","50","003","001","008",54,3,22,0,0,21,1,5,5.55555555555556,0,0,4.76190476190476,23.8095238095238
95853,"090650001005004","BB004","2021","CPV","09","06","50","001","005","004",115,6,35,5,1,33,12,27,5.21739130434783,14.2857142857143,2.85714285714286,36.3636363636364,81.8181818181818
95854,"090650921001008","BB004","2021","CPV","09","06","50","921","001","008",35,2,11,3,2,11,0,10,5.71428571428571,27.2727272727273,18.1818181818182,0,90.9090909090909
95855,"090650002002005","BB004","2021","CPV","09","06","50","002","002","005",68,0,26,0,0,21,5,5,0,0,0,23.8095238095238,23.8095238095238
95856,"090650004004001","BB004","2021","CPV","09","06","50","004","004","001",69,8,28,0,2,24,7,13,11.5942028985507,0,7.14285714285714,29.1666666666667,54.1666666666667
95857,"090650013005013","BB004","2021","CPV","09","06","50","013","005","013",2,0,1,0,0,1,0,0,0,0,0,0,0
95858,"090650012006008","BB004","2021","CPV",NA,NA,NA,NA,NA,NA,0,0,0,0,0,0,0,0,NA,NA,NA,NA,NA
95859,"090650003007001","BB004","2021","CPV","09","06","50","003","007","001",11,0,4,0,0,3,1,1,0,0,0,33.3333333333333,33.3333333333333
95860,"090650001004001","BB004","2021","CPV","09","06","50","001","004","001",13,3,7,0,0,6,0,4,23.0769230769231,0,0,0,66.6666666666667
95861,"090650921002014","BB004","2021","CPV","09","06","50","921","002","014",61,9,21,1,0,21,1,6,14.7540983606557,4.76190476190476,0,4.76190476190476,28.5714285714286
95862,"090650921002016","BB004","2021","CPV","09","06","50","921","002","016",4,0,1,0,1,1,0,1,0,0,100,0,100
95863,"090650001007005","BB004","2021","CPV","09","06","50","001","007","005",12,1,3,0,2,3,1,2,8.33333333333333,0,66.6666666666667,33.3333333333333,66.6666666666667
95864,"090650921002010","BB004","2021","CPV","09","06","50","921","002","010",18,1,6,0,0,5,1,2,5.55555555555556,0,0,20,40
95865,"090650005008001","BB004","2021","CPV","09","06","50","005","008","001",17,6,9,2,1,7,0,2,35.2941176470588,22.2222222222222,11.1111111111111,0,28.5714285714286
95866,"090650002006002","BB004","2021","CPV","09","06","50","002","006","002",112,10,38,2,3,34,5,15,8.92857142857143,5.26315789473684,7.89473684210526,14.7058823529412,44.1176470588235
95867,"090650001003002","BB004","2021","CPV","09","06","50","001","003","002",42,7,15,1,0,14,3,10,16.6666666666667,6.66666666666667,0,21.4285714285714,71.4285714285714
95868,"090650001002004","BB004","2021","CPV",NA,NA,NA,NA,NA,NA,0,0,0,0,0,0,0,0,NA,NA,NA,NA,NA
95869,"090650002006003","BB004","2021","CPV","09","06","50","002","006","003",99,10,34,0,0,29,4,8,10.1010101010101,0,0,13.7931034482759,27.5862068965517
95870,"090650005008002","BB004","2021","CPV","09","06","50","005","008","002",75,2,28,1,1,22,2,4,2.66666666666667,3.57142857142857,3.57142857142857,9.09090909090909,18.1818181818182
95871,"090650005001008","BB004","2021","CPV","09","06","50","005","001","008",56,1,18,0,0,17,3,8,1.78571428571429,0,0,17.6470588235294,47.0588235294118
95872,"090650921001001","BB004","2021","CPV","09","06","50","921","001","001",13,1,3,0,1,3,0,2,7.69230769230769,0,33.3333333333333,0,66.6666666666667
95873,"090650921001009","BB004","2021","CPV","09","06","50","921","001","009",23,2,12,1,1,8,0,8,8.69565217391304,8.33333333333333,8.33333333333333,0,100
95874,"090650008012002","BB004","2021","CPV","09","06","50","008","012","002",137,7,47,1,3,41,2,14,5.10948905109489,2.12765957446809,6.38297872340426,4.8780487804878,34.1463414634146
95875,"090650921002013","BB004","2021","CPV","09","06","50","921","002","013",31,1,9,0,0,11,1,7,3.2258064516129,0,0,9.09090909090909,63.6363636363636
95876,"090650921001016","BB004","2021","CPV","09","06","50","921","001","016",30,0,10,2,0,10,1,3,0,20,0,10,30
95877,"090650921001007","BB004","2021","CPV","09","06","50","921","001","007",13,2,9,0,0,4,0,3,15.3846153846154,0,0,0,75
95878,"090650921001002","BB004","2021","CPV","09","06","50","921","001","002",17,5,8,0,2,6,0,4,29.4117647058824,0,25,0,66.6666666666667
95879,"090650921001004","BB004","2021","CPV",NA,NA,NA,NA,NA,NA,0,0,0,0,0,0,0,0,NA,NA,NA,NA,NA
95880,"090650921002008","BB004","2021","CPV","09","06","50","921","002","008",10,1,2,0,0,2,1,1,10,0,0,50,50
95881,"090650921002007","BB004","2021","CPV","09","06","50","921","002","007",22,2,7,0,0,7,2,4,9.09090909090909,0,0,28.5714285714286,57.1428571428571
95882,"090650001003004","BB004","2021","CPV","09","06","50","001","003","004",39,3,14,1,0,12,3,6,7.69230769230769,7.14285714285714,0,25,50
95883,"090650010001001","BB004","2021","CPV","09","06","50","010","001","001",82,4,30,0,0,23,0,1,4.8780487804878,0,0,0,4.34782608695652
95884,"090650921002005","BB004","2021","CPV","09","06","50","921","002","005",35,5,11,0,0,10,1,4,14.2857142857143,0,0,10,40
95885,"090650921002006","BB004","2021","CPV","09","06","50","921","002","006",11,0,2,0,0,2,0,0,0,0,0,0,0
95886,"090650921002009","BB004","2021","CPV",NA,NA,NA,NA,NA,NA,0,0,0,0,0,0,0,0,NA,NA,NA,NA,NA
95887,"090650921002004","BB004","2021","CPV","09","06","50","921","002","004",10,3,6,1,0,4,0,3,30,16.6666666666667,0,0,75
95888,"090650032005022","BB004","2021","CPV","09","06","50","032","005","022",11,1,4,0,0,4,0,0,9.09090909090909,0,0,0,0
95889,"090650028002002","BB004","2021","CPV","09","06","50","028","002","002",77,7,34,0,0,25,0,0,9.09090909090909,0,0,0,0
95890,"090650032005019","BB004","2021","CPV","09","06","50","032","005","019",38,0,14,0,0,11,0,0,0,0,0,0,0
95891,"090650032005020","BB004","2021","CPV","09","06","50","032","005","020",42,1,12,0,0,12,0,0,2.38095238095238,0,0,0,0
95892,"090650022001006","BB004","2021","CPV","09","06","50","022","001","006",115,18,40,0,0,34,0,1,15.6521739130435,0,0,0,2.94117647058824
95893,"090650022001001","BB004","2021","CPV","09","06","50","022","001","001",138,18,45,0,0,40,0,0,13.0434782608696,0,0,0,0
95894,"090650028002004","BB004","2021","CPV","09","06","50","028","002","004",84,7,26,0,0,25,0,0,8.33333333333333,0,0,0,0
95895,"090650023006003","BB004","2021","CPV",NA,NA,NA,NA,NA,NA,0,0,0,0,0,0,0,0,NA,NA,NA,NA,NA
95896,"090650032005011","BB004","2021","CPV","09","06","50","032","005","011",22,1,9,0,0,8,0,0,4.54545454545455,0,0,0,0
95897,"090650032005007","BB004","2021","CPV","09","06","50","032","005","007",14,0,4,0,0,4,0,0,0,0,0,0,0
95898,"090650045003003","BB004","2021","CPV","09","06","50","045","003","003",113,1,35,0,0,31,0,2,0.884955752212389,0,0,0,6.45161290322581
95899,"090650032005021","BB004","2021","CPV","09","06","50","032","005","021",13,1,6,0,0,5,0,0,7.69230769230769,0,0,0,0
95900,"090650032005023","BB004","2021","CPV","09","06","50","032","005","023",7,0,2,0,0,2,0,0,0,0,0,0,0
95901,"090650043002006","BB004","2021","CPV","09","06","50","043","002","006",89,10,26,0,0,23,0,0,11.2359550561798,0,0,0,0
95902,"090650022001005","BB004","2021","CPV",NA,NA,NA,NA,NA,NA,0,0,0,0,0,0,0,0,NA,NA,NA,NA,NA
95903,"090650024005004","BB004","2021","CPV","09","06","50","024","005","004",113,13,44,0,1,42,0,1,11.5044247787611,0,2.27272727272727,0,2.38095238095238
95904,"090650024005003","BB004","2021","CPV","09","06","50","024","005","003",91,13,35,0,0,28,0,0,14.2857142857143,0,0,0,0
95905,"090650032012003","BB004","2021","CPV",NA,NA,NA,NA,NA,NA,0,0,0,0,0,0,0,0,NA,NA,NA,NA,NA
95906,"090650041005006","BB004","2021","CPV","09","06","50","041","005","006",143,9,53,1,0,44,0,3,6.29370629370629,1.88679245283019,0,0,6.81818181818182
95907,"090650021003003","BB004","2021","CPV","09","06","50","021","003","003",154,12,45,0,0,41,0,0,7.79220779220779,0,0,0,0
95908,"090650036006008","BB004","2021","CPV","09","06","50","036","006","008",19,1,7,0,0,7,1,1,5.26315789473684,0,0,14.2857142857143,14.2857142857143
95909,"090650043002001","BB004","2021","CPV","09","06","50","043","002","001",108,11,40,0,0,33,0,0,10.1851851851852,0,0,0,0
95910,"090650022003003","BB004","2021","CPV","09","06","50","022","003","003",148,9,47,0,0,39,0,0,6.08108108108108,0,0,0,0
95911,"090650043004003","BB004","2021","CPV","09","06","50","043","004","003",49,5,18,0,0,17,0,1,10.2040816326531,0,0,0,5.88235294117647
95912,"090650022001004","BB004","2021","CPV","09","06","50","022","001","004",109,16,33,0,0,29,0,0,14.6788990825688,0,0,0,0
95913,"090650022001003","BB004","2021","CPV","09","06","50","022","001","003",15,3,6,0,0,4,0,0,20,0,0,0,0
95914,"090650022003002","BB004","2021","CPV","09","06","50","022","003","002",143,16,45,0,0,40,0,0,11.1888111888112,0,0,0,0
95915,"090650022001002","BB004","2021","CPV","09","06","50","022","001","002",148,18,56,0,0,47,0,1,12.1621621621622,0,0,0,2.12765957446809
95916,"090650024006004","BB004","2021","CPV",NA,NA,NA,NA,NA,NA,0,0,0,0,0,0,0,0,NA,NA,NA,NA,NA
95917,"090650041005004","BB004","2021","CPV","09","06","50","041","005","004",74,6,21,0,0,17,0,0,8.10810810810811,0,0,0,0
95918,"090650023006002","BB004","2021","CPV","09","06","50","023","006","002",41,4,15,0,0,13,0,0,9.75609756097561,0,0,0,0
95919,"090650024005005","BB004","2021","CPV","09","06","50","024","005","005",126,9,45,0,0,38,0,0,7.14285714285714,0,0,0,0
95920,"090650041005003","BB004","2021","CPV","09","06","50","041","005","003",27,1,10,0,0,8,0,0,3.7037037037037,0,0,0,0
95921,"090650043002002","BB004","2021","CPV","09","06","50","043","002","002",117,7,35,0,0,31,0,2,5.98290598290598,0,0,0,6.45161290322581
95922,"090650033003003","BB004","2021","CPV",NA,NA,NA,NA,NA,NA,0,0,0,0,0,0,0,0,NA,NA,NA,NA,NA
95923,"090650045001003","BB004","2021","CPV","09","06","50","045","001","003",197,13,63,0,0,59,1,1,6.5989847715736,0,0,1.69491525423729,1.69491525423729
95924,"090650033005001","BB004","2021","CPV","09","06","50","033","005","001",77,7,25,0,0,23,0,0,9.09090909090909,0,0,0,0
95925,"090650043002004","BB004","2021","CPV","09","06","50","043","002","004",93,7,25,0,0,23,0,0,7.52688172043011,0,0,0,0
95926,"090650045001002","BB004","2021","CPV","09","06","50","045","001","002",64,3,24,0,0,20,0,0,4.6875,0,0,0,0
95927,"090650036007001","BB004","2021","CPV",NA,NA,NA,NA,NA,NA,0,0,0,0,0,0,0,0,NA,NA,NA,NA,NA
95928,"090650013005010","BB004","2021","CPV","09","06","50","013","005","010",42,3,15,0,0,13,3,5,7.14285714285714,0,0,23.0769230769231,38.4615384615385
95929,"090650003007005","BB004","2021","CPV","09","06","50","003","007","005",222,23,65,2,0,68,11,16,10.3603603603604,3.07692307692308,0,16.1764705882353,23.5294117647059
95930,"090650004005002","BB004","2021","CPV","09","06","50","004","005","002",150,15,51,0,0,38,4,5,10,0,0,10.5263157894737,13.1578947368421
95931,"090650004001004","BB004","2021","CPV","09","06","50","004","001","004",23,3,11,0,0,10,0,0,13.0434782608696,0,0,0,0
95932,"090650043001003","BB004","2021","CPV","09","06","50","043","001","003",98,7,26,0,0,24,0,1,7.14285714285714,0,0,0,4.16666666666667
95933,"090650033003001","BB004","2021","CPV","09","06","50","033","003","001",189,13,64,0,0,54,0,1,6.87830687830688,0,0,0,1.85185185185185
95934,"090650004001001","BB004","2021","CPV","09","06","50","004","001","001",119,12,28,0,0,34,7,10,10.0840336134454,0,0,20.5882352941176,29.4117647058824
95935,"090650036007007","BB004","2021","CPV","09","06","50","036","007","007",48,3,17,0,0,15,0,2,6.25,0,0,0,13.3333333333333
95936,"090650042002003","BB004","2021","CPV","09","06","50","042","002","003",75,7,28,0,0,24,0,0,9.33333333333333,0,0,0,0
95937,"090650034010007","BB004","2021","CPV","09","06","50","034","010","007",31,5,12,0,0,10,0,0,16.1290322580645,0,0,0,0
95938,"090650044004004","BB004","2021","CPV","09","06","50","044","004","004",109,2,36,0,0,34,0,1,1.8348623853211,0,0,0,2.94117647058824
95939,"090650043002003","BB004","2021","CPV","09","06","50","043","002","003",91,6,36,0,0,30,0,1,6.59340659340659,0,0,0,3.33333333333333
95940,"090650040006004","BB004","2021","CPV",NA,NA,NA,NA,NA,NA,0,0,0,0,0,0,0,0,NA,NA,NA,NA,NA
95941,"090650045003001","BB004","2021","CPV","09","06","50","045","003","001",110,8,37,0,0,34,0,0,7.27272727272727,0,0,0,0
95942,"090650042004003","BB004","2021","CPV","09","06","50","042","004","003",74,7,24,0,0,21,0,2,9.45945945945946,0,0,0,9.52380952380952
95943,"090650025002003","BB004","2021","CPV","09","06","50","025","002","003",120,11,36,0,0,34,0,2,9.16666666666667,0,0,0,5.88235294117647
95944,"090650042008003","BB004","2021","CPV","09","06","50","042","008","003",103,12,28,0,0,27,0,2,11.6504854368932,0,0,0,7.40740740740741
95945,"090650044004003","BB004","2021","CPV","09","06","50","044","004","003",91,4,37,0,0,30,0,0,4.3956043956044,0,0,0,0
95946,"090650042008001","BB004","2021","CPV","09","06","50","042","008","001",195,14,59,0,0,55,1,1,7.17948717948718,0,0,1.81818181818182,1.81818181818182
95947,"090650042008004","BB004","2021","CPV","09","06","50","042","008","004",105,13,32,0,0,30,1,2,12.3809523809524,0,0,3.33333333333333,6.66666666666667
95948,"090650038010003","BB004","2021","CPV","09","06","50","038","010","003",62,5,27,0,0,24,0,0,8.06451612903226,0,0,0,0
95949,"090650040009002","BB004","2021","CPV","09","06","50","040","009","002",40,5,18,0,0,16,0,1,12.5,0,0,0,6.25
95950,"090650038011003","BB004","2021","CPV","09","06","50","038","011","003",59,4,26,0,0,23,0,1,6.77966101694915,0,0,0,4.34782608695652
95951,"090650042002005","BB004","2021","CPV","09","06","50","042","002","005",79,3,26,0,0,24,0,1,3.79746835443038,0,0,0,4.16666666666667
95952,"090650029003001","BB004","2021","CPV","09","06","50","029","003","001",107,5,36,0,0,35,0,1,4.67289719626168,0,0,0,2.85714285714286
95953,"090650025004005","BB004","2021","CPV","09","06","50","025","004","005",62,6,21,0,0,18,0,1,9.67741935483871,0,0,0,5.55555555555556
95954,"090650021004005","BB004","2021","CPV","09","06","50","021","004","005",41,2,12,0,0,11,0,0,4.8780487804878,0,0,0,0
95955,"090650025004004","BB004","2021","CPV","09","06","50","025","004","004",38,10,19,0,0,15,0,0,26.3157894736842,0,0,0,0
95956,"090650019006002","BB004","2021","CPV","09","06","50","019","006","002",146,1,46,0,0,40,0,0,0.684931506849315,0,0,0,0
95957,"090650025004003","BB004","2021","CPV","09","06","50","025","004","003",56,3,18,0,0,16,0,0,5.35714285714286,0,0,0,0
95958,"090650021008004","BB004","2021","CPV","09","06","50","021","008","004",73,5,21,0,0,20,0,0,6.84931506849315,0,0,0,0
95959,"090650016008002","BB004","2021","CPV","09","06","50","016","008","002",77,5,28,0,0,23,0,0,6.49350649350649,0,0,0,0
95960,"090650026006013","BB004","2021","CPV","09","06","50","026","006","013",0,0,2,0,0,0,0,0,NA,0,0,NA,NA
95961,"090650023001003","BB004","2021","CPV","09","06","50","023","001","003",92,6,24,0,0,21,0,0,6.52173913043478,0,0,0,0
95962,"090650023001006","BB004","2021","CPV","09","06","50","023","001","006",81,10,24,0,0,24,0,1,12.3456790123457,0,0,0,4.16666666666667
95963,"090650026005005","BB004","2021","CPV","09","06","50","026","005","005",71,4,27,0,0,23,0,0,5.63380281690141,0,0,0,0
95964,"090650027003004","BB004","2021","CPV","09","06","50","027","003","004",18,0,4,0,0,4,0,0,0,0,0,0,0
95965,"090650031001019","BB004","2021","CPV","09","06","50","031","001","019",67,1,25,0,0,21,0,1,1.49253731343284,0,0,0,4.76190476190476
95966,"090650029003002","BB004","2021","CPV","09","06","50","029","003","002",76,4,22,0,0,21,0,1,5.26315789473684,0,0,0,4.76190476190476
95967,"090650021004002","BB004","2021","CPV","09","06","50","021","004","002",117,8,39,0,0,34,0,0,6.83760683760684,0,0,0,0
95968,"090650020005002","BB004","2021","CPV","09","06","50","020","005","002",148,19,55,0,0,47,0,0,12.8378378378378,0,0,0,0
95969,"090650026005003","BB004","2021","CPV","09","06","50","026","005","003",68,5,23,0,0,19,0,0,7.35294117647059,0,0,0,0
95970,"090650029003003","BB004","2021","CPV","09","06","50","029","003","003",44,4,15,0,0,15,0,0,9.09090909090909,0,0,0,0
95971,"090650021008006","BB004","2021","CPV",NA,NA,NA,NA,NA,NA,0,0,0,0,0,0,0,0,NA,NA,NA,NA,NA
95972,"090650021004003","BB004","2021","CPV","09","06","50","021","004","003",90,10,28,0,1,25,1,2,11.1111111111111,0,3.57142857142857,4,8
95973,"090650021008003","BB004","2021","CPV","09","06","50","021","008","003",70,5,23,0,0,21,0,0,7.14285714285714,0,0,0,0
95974,"090650020005003","BB004","2021","CPV","09","06","50","020","005","003",23,0,8,0,0,7,0,0,0,0,0,0,0
95975,"090650017007002","BB004","2021","CPV","09","06","50","017","007","002",91,3,37,0,0,31,0,1,3.2967032967033,0,0,0,3.2258064516129
95976,"090650016008001","BB004","2021","CPV","09","06","50","016","008","001",130,10,52,0,0,42,0,0,7.69230769230769,0,0,0,0
95977,"090650017005001","BB004","2021","CPV","09","06","50","017","005","001",63,8,20,0,0,18,0,0,12.6984126984127,0,0,0,0
95978,"090650023001005","BB004","2021","CPV","09","06","50","023","001","005",67,5,19,0,0,17,0,0,7.46268656716418,0,0,0,0
95979,"090650023001007","BB004","2021","CPV","09","06","50","023","001","007",46,2,19,0,0,16,0,0,4.34782608695652,0,0,0,0
95980,"090650019002004","BB004","2021","CPV","09","06","50","019","002","004",102,1,36,0,0,29,0,0,0.980392156862745,0,0,0,0
95981,"090650019002005","BB004","2021","CPV","09","06","50","019","002","005",107,5,36,0,0,29,0,0,4.67289719626168,0,0,0,0
95982,"090650017006001","BB004","2021","CPV","09","06","50","017","006","001",98,10,38,0,0,30,0,2,10.2040816326531,0,0,0,6.66666666666667
95983,"090650027008002","BB004","2021","CPV","09","06","50","027","008","002",117,8,48,1,1,43,5,15,6.83760683760684,2.08333333333333,2.08333333333333,11.6279069767442,34.8837209302326
95984,"090650018010001","BB004","2021","CPV","09","06","50","018","010","001",135,15,51,0,0,45,0,0,11.1111111111111,0,0,0,0
95985,"090650923001007","BB004","2021","CPV","09","06","50","923","001","007",18,1,5,0,0,5,0,3,5.55555555555556,0,0,0,60
95986,"090650002008003","BB004","2021","CPV",NA,NA,NA,NA,NA,NA,0,0,0,0,0,0,0,0,NA,NA,NA,NA,NA
95987,"090650018002003","BB004","2021","CPV","09","06","50","018","002","003",130,12,50,0,0,42,0,4,9.23076923076923,0,0,0,9.52380952380952
95988,"090650018002002","BB004","2021","CPV","09","06","50","018","002","002",79,5,26,0,0,22,0,0,6.32911392405063,0,0,0,0
95989,"090650018002001","BB004","2021","CPV","09","06","50","018","002","001",104,1,31,0,0,28,0,0,0.961538461538462,0,0,0,0
95990,"090650004008001","BB004","2021","CPV","09","06","50","004","008","001",176,29,59,1,2,52,9,18,16.4772727272727,1.69491525423729,3.38983050847458,17.3076923076923,34.6153846153846
95991,"090650017003001","BB004","2021","CPV","09","06","50","017","003","001",141,8,92,0,0,64,0,1,5.67375886524823,0,0,0,1.5625
95992,"090650005006008","BB004","2021","CPV","09","06","50","005","006","008",58,3,19,0,0,16,3,5,5.17241379310345,0,0,18.75,31.25
95993,"090650923001004","BB004","2021","CPV","09","06","50","923","001","004",42,4,15,0,0,14,0,6,9.52380952380952,0,0,0,42.8571428571429
95994,"090650005006009","BB004","2021","CPV",NA,NA,NA,NA,NA,NA,0,0,0,0,0,0,0,0,NA,NA,NA,NA,NA
95995,"090650002008001","BB004","2021","CPV","09","06","50","002","008","001",128,4,33,3,0,36,8,19,3.125,9.09090909090909,0,22.2222222222222,52.7777777777778
95996,"090650005006006","BB004","2021","CPV","09","06","50","005","006","006",60,4,19,0,0,16,1,4,6.66666666666667,0,0,6.25,25
95997,"090650005006010","BB004","2021","CPV",NA,NA,NA,NA,NA,NA,0,0,0,0,0,0,0,0,NA,NA,NA,NA,NA
95998,"090650005005012","BB004","2021","CPV","09","06","50","005","005","012",27,0,10,0,0,7,1,2,0,0,0,14.2857142857143,28.5714285714286
95999,"090650923001006","BB004","2021","CPV",NA,NA,NA,NA,NA,NA,0,0,0,0,0,0,0,0,NA,NA,NA,NA,NA
96000,"090650027004001","BB004","2021","CPV","09","06","50","027","004","001",42,4,16,0,0,13,0,0,9.52380952380952,0,0,0,0
96001,"090650027008003","BB004","2021","CPV","09","06","50","027","008","003",51,4,19,0,0,16,0,0,7.84313725490196,0,0,0,0
96002,"090650018002004","BB004","2021","CPV",NA,NA,NA,NA,NA,NA,0,0,0,0,0,0,0,0,NA,NA,NA,NA,NA
96003,"090650027004003","BB004","2021","CPV","09","06","50","027","004","003",49,0,15,0,0,13,0,2,0,0,0,0,15.3846153846154
96004,"090650027003009","BB004","2021","CPV",NA,NA,NA,NA,NA,NA,0,0,0,0,0,0,0,0,NA,NA,NA,NA,NA
96005,"090650030006004","BB004","2021","CPV","09","06","50","030","006","004",22,0,18,0,0,9,0,0,0,0,0,0,0
96006,"090650027008004","BB004","2021","CPV","09","06","50","027","008","004",157,6,60,5,0,55,6,17,3.82165605095541,8.33333333333333,0,10.9090909090909,30.9090909090909
96007,"090650027004004","BB004","2021","CPV","09","06","50","027","004","004",43,1,15,0,0,15,0,1,2.32558139534884,0,0,0,6.66666666666667
96008,"090650016009003","BB004","2021","CPV","09","06","50","016","009","003",78,5,34,0,0,28,1,1,6.41025641025641,0,0,3.57142857142857,3.57142857142857
96009,"090650017002006","BB004","2021","CPV","09","06","50","017","002","006",36,1,14,0,0,11,0,0,2.77777777777778,0,0,0,0
96010,"090650018001001","BB004","2021","CPV","09","06","50","018","001","001",79,6,25,0,0,22,0,0,7.59493670886076,0,0,0,0
96011,"090650018010002","BB004","2021","CPV","09","06","50","018","010","002",167,7,50,0,0,44,0,1,4.19161676646707,0,0,0,2.27272727272727
96012,"090650017002002","BB004","2021","CPV","09","06","50","017","002","002",37,1,13,0,0,11,0,1,2.7027027027027,0,0,0,9.09090909090909
96013,"090650017002005","BB004","2021","CPV","09","06","50","017","002","005",67,4,29,0,0,21,0,0,5.97014925373134,0,0,0,0
96014,"090650017002003","BB004","2021","CPV","09","06","50","017","002","003",62,3,31,0,0,23,0,0,4.83870967741935,0,0,0,0
96015,"090650017003002","BB004","2021","CPV","09","06","50","017","003","002",73,0,29,0,0,22,0,0,0,0,0,0,0
96016,"090650001002003","BB004","2021","CPV","09","06","50","001","002","003",159,22,47,4,2,53,5,40,13.8364779874214,8.51063829787234,4.25531914893617,9.43396226415094,75.4716981132076
96017,"090650001002002","BB004","2021","CPV","09","06","50","001","002","002",222,13,66,1,0,68,9,37,5.85585585585586,1.51515151515152,0,13.2352941176471,54.4117647058823
96018,"090650002007004","BB004","2021","CPV","09","06","50","002","007","004",27,4,11,0,0,7,1,2,14.8148148148148,0,0,14.2857142857143,28.5714285714286
96019,"090650005008009","BB004","2021","CPV","09","06","50","005","008","009",1,0,1,0,0,1,0,0,0,0,0,0,0
96020,"090650003003002","BB004","2021","CPV","09","06","50","003","003","002",102,11,37,0,0,29,8,12,10.7843137254902,0,0,27.5862068965517,41.3793103448276
96021,"090650001007004","BB004","2021","CPV",NA,NA,NA,NA,NA,NA,0,0,0,0,0,0,0,0,NA,NA,NA,NA,NA
96022,"090650005001006","BB004","2021","CPV","09","06","50","005","001","006",26,3,12,1,0,7,1,3,11.5384615384615,8.33333333333333,0,14.2857142857143,42.8571428571429
96023,"090650003002002","BB004","2021","CPV","09","06","50","003","002","002",40,2,19,2,0,15,2,11,5,10.5263157894737,0,13.3333333333333,73.3333333333333
96024,"090650002007001","BB004","2021","CPV","09","06","50","002","007","001",94,8,35,0,0,32,4,17,8.51063829787234,0,0,12.5,53.125
96025,"090650002007002","BB004","2021","CPV","09","06","50","002","007","002",90,7,33,1,1,26,9,12,7.77777777777778,3.03030303030303,3.03030303030303,34.6153846153846,46.1538461538462
96026,"090650005001011","BB004","2021","CPV","09","06","50","005","001","011",43,4,14,0,0,9,0,3,9.30232558139535,0,0,0,33.3333333333333
96027,"090650002007003","BB004","2021","CPV","09","06","50","002","007","003",94,7,35,0,1,31,3,9,7.4468085106383,0,2.85714285714286,9.67741935483871,29.0322580645161
96028,"090650005001002","BB004","2021","CPV",NA,NA,NA,NA,NA,NA,0,0,0,0,0,0,0,0,NA,NA,NA,NA,NA
96029,"090650002005002","BB004","2021","CPV","09","06","50","002","005","002",71,8,24,0,1,24,4,9,11.2676056338028,0,4.16666666666667,16.6666666666667,37.5
96030,"090650001002001","BB004","2021","CPV","09","06","50","001","002","001",115,20,45,5,2,44,4,36,17.3913043478261,11.1111111111111,4.44444444444444,9.09090909090909,81.8181818181818
96031,"090650005008005","BB004","2021","CPV","09","06","50","005","008","005",81,2,23,0,0,24,4,6,2.46913580246914,0,0,16.6666666666667,25
96032,"090650001003008","BB004","2021","CPV","09","06","50","001","003","008",42,4,15,0,0,13,2,6,9.52380952380952,0,0,15.3846153846154,46.1538461538462
96033,"090650001003007","BB004","2021","CPV","09","06","50","001","003","007",9,0,3,0,0,3,0,2,0,0,0,0,66.6666666666667
96034,"090650012006005","BB004","2021","CPV","09","06","50","012","006","005",44,2,11,2,2,11,2,3,4.54545454545455,18.1818181818182,18.1818181818182,18.1818181818182,27.2727272727273
96035,"090650001003009","BB004","2021","CPV","09","06","50","001","003","009",47,1,17,2,1,14,5,11,2.12765957446809,11.7647058823529,5.88235294117647,35.7142857142857,78.5714285714286
96036,"090650001004004","BB004","2021","CPV","09","06","50","001","004","004",5,0,3,0,0,2,0,2,0,0,0,0,100
96037,"090650005008007","BB004","2021","CPV","09","06","50","005","008","007",80,8,27,0,1,22,3,6,10,0,3.7037037037037,13.6363636363636,27.2727272727273
96038,"090650005008003","BB004","2021","CPV",NA,NA,NA,NA,NA,NA,0,0,0,0,0,0,0,0,NA,NA,NA,NA,NA
96039,"090650001005006","BB004","2021","CPV","09","06","50","001","005","006",66,6,21,2,1,18,5,15,9.09090909090909,9.52380952380952,4.76190476190476,27.7777777777778,83.3333333333333
96040,"090650012006003","BB004","2021","CPV","09","06","50","012","006","003",21,0,7,0,0,6,0,1,0,0,0,0,16.6666666666667
96041,"090650012006007","BB004","2021","CPV",NA,NA,NA,NA,NA,NA,0,0,0,0,0,0,0,0,NA,NA,NA,NA,NA
96042,"090650005008008","BB004","2021","CPV","09","06","50","005","008","008",99,1,26,0,2,25,4,8,1.01010101010101,0,7.69230769230769,16,32
96043,"090650012006006","BB004","2021","CPV","09","06","50","012","006","006",46,6,16,0,1,15,1,4,13.0434782608696,0,6.25,6.66666666666667,26.6666666666667
96044,"090650010001006","BB004","2021","CPV",NA,NA,NA,NA,NA,NA,0,0,0,0,0,0,0,0,NA,NA,NA,NA,NA
96045,"090650005008006","BB004","2021","CPV","09","06","50","005","008","006",69,1,25,0,1,23,3,5,1.44927536231884,0,4,13.0434782608696,21.7391304347826
96046,"090650003003005","BB004","2021","CPV","09","06","50","003","003","005",77,6,24,2,4,24,3,9,7.79220779220779,8.33333333333333,16.6666666666667,12.5,37.5
96047,"090650005008004","BB004","2021","CPV","09","06","50","005","008","004",8,0,2,0,0,2,0,0,0,0,0,0,0
96048,"090650008008003","BB004","2021","CPV","09","06","50","008","008","003",102,10,46,0,2,33,3,10,9.80392156862745,0,4.34782608695652,9.09090909090909,30.3030303030303
96049,"090650008008002","BB004","2021","CPV","09","06","50","008","008","002",130,5,44,2,1,43,6,10,3.84615384615385,4.54545454545455,2.27272727272727,13.953488372093,23.2558139534884
96050,"090650009005004","BB004","2021","CPV","09","06","50","009","005","004",82,6,27,0,0,23,3,4,7.31707317073171,0,0,13.0434782608696,17.3913043478261
96051,"090650006005012","BB004","2021","CPV","09","06","50","006","005","012",23,0,8,0,2,6,2,3,0,0,25,33.3333333333333,50
96052,"090650007008001","BB004","2021","CPV","09","06","50","007","008","001",29,4,10,1,0,10,1,1,13.7931034482759,10,0,10,10
96053,"090650010002007","BB004","2021","CPV",NA,NA,NA,NA,NA,NA,0,0,0,0,0,0,0,0,NA,NA,NA,NA,NA
96054,"090650008010003","BB004","2021","CPV",NA,NA,NA,NA,NA,NA,0,0,0,0,0,0,0,0,NA,NA,NA,NA,NA
96055,"090650010002006","BB004","2021","CPV","09","06","50","010","002","006",52,3,13,0,0,15,3,4,5.76923076923077,0,0,20,26.6666666666667
96056,"090650016009002","BB004","2021","CPV","09","06","50","016","009","002",138,7,57,0,0,43,0,2,5.07246376811594,0,0,0,4.65116279069767
96057,"090650027008001","BB004","2021","CPV","09","06","50","027","008","001",75,7,25,0,0,26,3,8,9.33333333333333,0,0,11.5384615384615,30.7692307692308
96058,"090650021008005","BB004","2021","CPV","09","06","50","021","008","005",72,6,19,0,0,18,0,0,8.33333333333333,0,0,0,0
96059,"090650018007002","BB004","2021","CPV","09","06","50","018","007","002",134,14,52,0,0,43,0,0,10.4477611940298,0,0,0,0
96060,"090650008007002","BB004","2021","CPV","09","06","50","008","007","002",109,10,40,1,1,39,7,11,9.1743119266055,2.5,2.5,17.9487179487179,28.2051282051282
96061,"090650007005004","BB004","2021","CPV","09","06","50","007","005","004",69,10,26,1,1,24,5,6,14.4927536231884,3.84615384615385,3.84615384615385,20.8333333333333,25
96062,"090650017007003","BB004","2021","CPV","09","06","50","017","007","003",98,13,37,0,0,32,0,1,13.265306122449,0,0,0,3.125
96063,"090650008007001","BB004","2021","CPV","09","06","50","008","007","001",125,7,41,0,0,39,7,10,5.6,0,0,17.9487179487179,25.6410256410256
96064,"090650005001009","BB004","2021","CPV","09","06","50","005","001","009",72,6,24,0,0,19,3,9,8.33333333333333,0,0,15.7894736842105,47.3684210526316
96065,"090650005007007","BB004","2021","CPV","09","06","50","005","007","007",53,6,32,0,2,20,1,4,11.3207547169811,0,6.25,5,20
96066,"090650009006003","BB004","2021","CPV","09","06","50","009","006","003",105,8,34,0,0,29,5,9,7.61904761904762,0,0,17.2413793103448,31.0344827586207
96067,"090650005001010","BB004","2021","CPV","09","06","50","005","001","010",97,7,33,1,1,29,3,12,7.21649484536082,3.03030303030303,3.03030303030303,10.3448275862069,41.3793103448276
96068,"090650005007004","BB004","2021","CPV","09","06","50","005","007","004",33,1,10,0,2,12,3,6,3.03030303030303,0,20,25,50
96069,"090650005001004","BB004","2021","CPV","09","06","50","005","001","004",46,3,17,0,2,14,3,9,6.52173913043478,0,11.7647058823529,21.4285714285714,64.2857142857143
96070,"090650005001001","BB004","2021","CPV","09","06","50","005","001","001",23,4,13,0,1,8,2,5,17.3913043478261,0,7.69230769230769,25,62.5
96071,"090650001007003","BB004","2021","CPV","09","06","50","001","007","003",26,1,7,1,1,7,2,4,3.84615384615385,14.2857142857143,14.2857142857143,28.5714285714286,57.1428571428571
96072,"090650008012003","BB004","2021","CPV","09","06","50","008","012","003",108,6,41,0,0,30,4,8,5.55555555555556,0,0,13.3333333333333,26.6666666666667
96073,"090650008006003","BB004","2021","CPV","09","06","50","008","006","003",11,0,5,0,1,4,0,2,0,0,20,0,50
96074,"090650005001003","BB004","2021","CPV",NA,NA,NA,NA,NA,NA,0,0,0,0,0,0,0,0,NA,NA,NA,NA,NA
96075,"090650007005001","BB004","2021","CPV","09","06","50","007","005","001",71,6,21,0,0,22,1,7,8.45070422535211,0,0,4.54545454545455,31.8181818181818
96076,"090650009006005","BB004","2021","CPV","09","06","50","009","006","005",85,9,25,2,0,24,3,4,10.5882352941176,8,0,12.5,16.6666666666667
96077,"090650009006004","BB004","2021","CPV","09","06","50","009","006","004",37,5,20,0,0,10,3,3,13.5135135135135,0,0,30,30
96078,"090650008001005","BB004","2021","CPV",NA,NA,NA,NA,NA,NA,0,0,0,0,0,0,0,0,NA,NA,NA,NA,NA
96079,"090650006001003","BB004","2021","CPV","09","06","50","006","001","003",62,5,23,0,0,17,2,5,8.06451612903226,0,0,11.7647058823529,29.4117647058824
96080,"090652001002007","BB004","2021","CPV","09","06","52","001","002","007",86,7,28,1,4,28,3,11,8.13953488372093,3.57142857142857,14.2857142857143,10.7142857142857,39.2857142857143
96081,"090652001002006","BB004","2021","CPV","09","06","52","001","002","006",75,6,25,0,4,28,1,6,8,0,16,3.57142857142857,21.4285714285714
96082,"090652001001006","BB004","2021","CPV",NA,NA,NA,NA,NA,NA,0,0,0,0,0,0,0,0,NA,NA,NA,NA,NA
96083,"090652001002008","BB004","2021","CPV","09","06","52","001","002","008",119,3,36,1,6,36,14,23,2.52100840336134,2.77777777777778,16.6666666666667,38.8888888888889,63.8888888888889
96084,"090652001002001","BB004","2021","CPV","09","06","52","001","002","001",25,1,11,1,2,11,1,8,4,9.09090909090909,18.1818181818182,9.09090909090909,72.7272727272727
96085,"090652001002002","BB004","2021","CPV","09","06","52","001","002","002",61,2,23,0,1,23,5,11,3.27868852459016,0,4.34782608695652,21.7391304347826,47.8260869565217
96086,"090652001002009","BB004","2021","CPV","09","06","52","001","002","009",16,0,8,0,1,8,0,5,0,0,12.5,0,62.5
96087,"090652001002004","BB004","2021","CPV","09","06","52","001","002","004",15,1,11,0,1,8,1,2,6.66666666666667,0,9.09090909090909,12.5,25
96088,"090652001001011","BB004","2021","CPV","09","06","52","001","001","011",30,3,12,0,2,10,1,6,10,0,16.6666666666667,10,60
96089,"090652001001004","BB004","2021","CPV","09","06","52","001","001","004",196,16,66,10,20,65,18,49,8.16326530612245,15.1515151515152,30.3030303030303,27.6923076923077,75.3846153846154
96090,"090652001001010","BB004","2021","CPV","09","06","52","001","001","010",140,11,43,0,8,39,7,17,7.85714285714286,0,18.6046511627907,17.9487179487179,43.5897435897436
96091,"090652001001009","BB004","2021","CPV","09","06","52","001","001","009",36,6,13,1,0,12,2,3,16.6666666666667,7.69230769230769,0,16.6666666666667,25
96092,"090652001002003","BB004","2021","CPV",NA,NA,NA,NA,NA,NA,0,0,0,0,0,0,0,0,NA,NA,NA,NA,NA
96093,"090652001001008","BB004","2021","CPV","09","06","52","001","001","008",53,10,17,1,3,17,1,8,18.8679245283019,5.88235294117647,17.6470588235294,5.88235294117647,47.0588235294118
96094,"090652001001001","BB004","2021","CPV","09","06","52","001","001","001",101,9,32,4,18,30,6,26,8.91089108910891,12.5,56.25,20,86.6666666666667
96095,"090652001002010","BB004","2021","CPV","09","06","52","001","002","010",11,0,6,0,2,5,0,3,0,0,33.3333333333333,0,60
96096,"090656001002005","BB004","2021","CPV","09","06","56","001","002","005",45,2,13,1,13,15,2,15,4.44444444444444,7.69230769230769,100,13.3333333333333,100
96097,"090656001002007","BB004","2021","CPV","09","06","56","001","002","007",83,5,22,1,19,27,5,26,6.02409638554217,4.54545454545455,86.3636363636364,18.5185185185185,96.2962962962963
96098,"090656001003007","BB004","2021","CPV","09","06","56","001","003","007",104,14,34,1,28,32,6,31,13.4615384615385,2.94117647058824,82.3529411764706,18.75,96.875
96099,"090656001002004","BB004","2021","CPV","09","06","56","001","002","004",124,11,39,1,34,43,7,42,8.87096774193548,2.56410256410256,87.1794871794872,16.2790697674419,97.6744186046512
96100,"090656001002002","BB004","2021","CPV","09","06","56","001","002","002",32,3,12,3,12,14,2,14,9.375,25,100,14.2857142857143,100
96101,"090656001002008","BB004","2021","CPV","09","06","56","001","002","008",14,2,5,0,4,4,1,4,14.2857142857143,0,80,25,100
96102,"090656001002001","BB004","2021","CPV","09","06","56","001","002","001",52,6,25,1,5,19,6,15,11.5384615384615,4,20,31.5789473684211,78.9473684210526
96103,"090656001002006","BB004","2021","CPV","09","06","56","001","002","006",19,1,9,2,6,8,0,7,5.26315789473684,22.2222222222222,66.6666666666667,0,87.5
96104,"090656001003004","BB004","2021","CPV",NA,NA,NA,NA,NA,NA,0,0,0,0,0,0,0,0,NA,NA,NA,NA,NA
96105,"090656001003001","BB004","2021","CPV","09","06","56","001","003","001",63,9,15,1,2,22,5,19,14.2857142857143,6.66666666666667,13.3333333333333,22.7272727272727,86.3636363636364
96106,"090652001002005","BB004","2021","CPV","09","06","52","001","002","005",30,4,16,0,3,16,0,6,13.3333333333333,0,18.75,0,37.5
96107,"090656001003006","BB004","2021","CPV","09","06","56","001","003","006",20,6,7,0,0,5,0,4,30,0,0,0,80
96108,"090656001003002","BB004","2021","CPV","09","06","56","001","003","002",124,12,42,3,5,43,4,26,9.67741935483871,7.14285714285714,11.9047619047619,9.30232558139535,60.4651162790698
96109,"090652001002011","BB004","2021","CPV","09","06","52","001","002","011",5,2,2,0,0,2,0,2,40,0,0,0,100
96110,"090656001003003","BB004","2021","CPV","09","06","56","001","003","003",46,4,15,1,2,14,0,4,8.69565217391304,6.66666666666667,13.3333333333333,0,28.5714285714286
96111,"090650005002002","BB004","2021","CPV","09","06","50","005","002","002",125,10,44,2,2,38,4,14,8,4.54545454545455,4.54545454545455,10.5263157894737,36.8421052631579
96112,"090650005004007","BB004","2021","CPV","09","06","50","005","004","007",75,5,25,0,0,22,2,2,6.66666666666667,0,0,9.09090909090909,9.09090909090909
96113,"090650005004002","BB004","2021","CPV","09","06","50","005","004","002",58,3,20,1,2,19,2,11,5.17241379310345,5,10,10.5263157894737,57.8947368421053
96114,"090650005004005","BB004","2021","CPV","09","06","50","005","004","005",69,3,18,0,0,18,4,8,4.34782608695652,0,0,22.2222222222222,44.4444444444444
96115,"090650005003002","BB004","2021","CPV","09","06","50","005","003","002",90,2,31,2,6,26,4,11,2.22222222222222,6.45161290322581,19.3548387096774,15.3846153846154,42.3076923076923
96116,"090650005003005","BB004","2021","CPV","09","06","50","005","003","005",57,2,18,1,0,18,0,4,3.50877192982456,5.55555555555556,0,0,22.2222222222222
96117,"090650045002003","BB004","2021","CPV","09","06","50","045","002","003",90,5,36,0,0,27,0,0,5.55555555555556,0,0,0,0
96118,"090650005003007","BB004","2021","CPV","09","06","50","005","003","007",26,1,9,0,0,7,0,0,3.84615384615385,0,0,0,0
96119,"090650005002003","BB004","2021","CPV","09","06","50","005","002","003",88,9,31,1,0,25,3,8,10.2272727272727,3.2258064516129,0,12,32
96120,"090650005002001","BB004","2021","CPV","09","06","50","005","002","001",36,5,14,0,0,12,1,3,13.8888888888889,0,0,8.33333333333333,25
96121,"090650006005011","BB004","2021","CPV","09","06","50","006","005","011",55,1,12,0,1,12,2,3,1.81818181818182,0,8.33333333333333,16.6666666666667,25
96122,"090650005004001","BB004","2021","CPV","09","06","50","005","004","001",53,0,17,0,0,12,3,4,0,0,0,25,33.3333333333333
96123,"090650005002004","BB004","2021","CPV","09","06","50","005","002","004",72,5,28,1,2,23,3,7,6.94444444444444,3.57142857142857,7.14285714285714,13.0434782608696,30.4347826086957
96124,"090650005004003","BB004","2021","CPV","09","06","50","005","004","003",150,4,42,3,1,39,10,18,2.66666666666667,7.14285714285714,2.38095238095238,25.6410256410256,46.1538461538462
96125,"090650005004004","BB004","2021","CPV","09","06","50","005","004","004",52,3,20,0,0,16,4,8,5.76923076923077,0,0,25,50
96126,"090650005004006","BB004","2021","CPV","09","06","50","005","004","006",33,0,17,0,0,11,2,4,0,0,0,18.1818181818182,36.3636363636364
96127,"090652928001001","BB004","2021","CPV","09","06","52","928","001","001",38,6,14,0,8,13,3,13,15.7894736842105,0,57.1428571428571,23.0769230769231,100
96128,"090652928001002","BB004","2021","CPV","09","06","52","928","001","002",41,5,13,0,0,13,1,4,12.1951219512195,0,0,7.69230769230769,30.7692307692308
96129,"090652928001007","BB004","2021","CPV","09","06","52","928","001","007",25,1,9,0,9,9,3,9,4,0,100,33.3333333333333,100
96130,"090652001001007","BB004","2021","CPV",NA,NA,NA,NA,NA,NA,0,0,0,0,0,0,0,0,NA,NA,NA,NA,NA
96131,"090652001001002","BB004","2021","CPV","09","06","52","001","001","002",3,1,1,0,0,1,0,0,33.3333333333333,0,0,0,0
96132,"090652001001005","BB004","2021","CPV",NA,NA,NA,NA,NA,NA,0,0,0,0,0,0,0,0,NA,NA,NA,NA,NA
96133,"090652928001003","BB004","2021","CPV","09","06","52","928","001","003",33,8,10,0,1,11,1,5,24.2424242424242,0,10,9.09090909090909,45.4545454545455
96134,"090652001001003","BB004","2021","CPV","09","06","52","001","001","003",30,0,8,3,5,8,3,8,0,37.5,62.5,37.5,100
96135,"090650005003004","BB004","2021","CPV","09","06","50","005","003","004",45,4,14,0,3,12,0,3,8.88888888888889,0,21.4285714285714,0,25
96136,"090650035002001","BB004","2021","CPV","09","06","50","035","002","001",44,5,15,0,0,13,0,2,11.3636363636364,0,0,0,15.3846153846154
96137,"090652928001008","BB004","2021","CPV","09","06","52","928","001","008",29,4,11,1,4,10,1,9,13.7931034482759,9.09090909090909,36.3636363636364,10,90
96138,"090652928001009","BB004","2021","CPV","09","06","52","928","001","009",17,3,9,3,5,9,0,7,17.6470588235294,33.3333333333333,55.5555555555556,0,77.7777777777778
96139,"090652928001005","BB004","2021","CPV","09","06","52","928","001","005",71,11,32,0,3,30,4,16,15.4929577464789,0,9.375,13.3333333333333,53.3333333333333
96140,"090652928001006","BB004","2021","CPV","09","06","52","928","001","006",77,4,32,0,21,27,6,26,5.19480519480519,0,65.625,22.2222222222222,96.2962962962963
96141,"090650035002008","BB004","2021","CPV",NA,NA,NA,NA,NA,NA,0,0,0,0,0,0,0,0,NA,NA,NA,NA,NA
96142,"090652928001004","BB004","2021","CPV","09","06","52","928","001","004",51,4,16,0,0,16,3,8,7.84313725490196,0,0,18.75,50
96143,"090650921001005","BB004","2021","CPV","09","06","50","921","001","005",14,1,8,2,0,7,0,2,7.14285714285714,25,0,0,28.5714285714286
96144,"090650001006006","BB004","2021","CPV","09","06","50","001","006","006",27,3,14,2,3,11,2,10,11.1111111111111,14.2857142857143,21.4285714285714,18.1818181818182,90.9090909090909
96145,"090650915002001","BB004","2021","CPV","09","06","50","915","002","001",58,7,22,1,2,19,2,16,12.0689655172414,4.54545454545455,9.09090909090909,10.5263157894737,84.2105263157895
96146,"090650004002008","BB004","2021","CPV","09","06","50","004","002","008",62,14,22,0,1,19,3,8,22.5806451612903,0,4.54545454545455,15.7894736842105,42.1052631578947
96147,"090650004007003","BB004","2021","CPV","09","06","50","004","007","003",117,11,39,1,1,30,7,15,9.4017094017094,2.56410256410256,2.56410256410256,23.3333333333333,50
96148,"090650004002009","BB004","2021","CPV","09","06","50","004","002","009",57,6,21,0,0,17,4,4,10.5263157894737,0,0,23.5294117647059,23.5294117647059
96149,"090650915002002","BB004","2021","CPV","09","06","50","915","002","002",18,1,5,0,0,7,0,1,5.55555555555556,0,0,0,14.2857142857143
96150,"090650921001015","BB004","2021","CPV","09","06","50","921","001","015",30,5,12,0,0,10,0,5,16.6666666666667,0,0,0,50
96151,"090650915002006","BB004","2021","CPV","09","06","50","915","002","006",77,7,19,2,2,28,5,24,9.09090909090909,10.5263157894737,10.5263157894737,17.8571428571429,85.7142857142857
96152,"090650001003006","BB004","2021","CPV",NA,NA,NA,NA,NA,NA,0,0,0,0,0,0,0,0,NA,NA,NA,NA,NA
96153,"090650915001006","BB004","2021","CPV","09","06","50","915","001","006",45,3,18,0,0,17,3,14,6.66666666666667,0,0,17.6470588235294,82.3529411764706
96154,"090650004001005","BB004","2021","CPV","09","06","50","004","001","005",88,13,20,2,2,24,6,10,14.7727272727273,10,10,25,41.6666666666667
96155,"090650915002003","BB004","2021","CPV","09","06","50","915","002","003",57,4,19,2,5,22,1,20,7.01754385964912,10.5263157894737,26.3157894736842,4.54545454545455,90.9090909090909
96156,"090650004007004","BB004","2021","CPV","09","06","50","004","007","004",0,0,3,0,0,0,0,0,NA,0,0,NA,NA
96157,"090650001003005","BB004","2021","CPV","09","06","50","001","003","005",46,4,20,2,0,17,5,11,8.69565217391304,10,0,29.4117647058824,64.7058823529412
96158,"090650004003003","BB004","2021","CPV","09","06","50","004","003","003",203,22,72,0,0,63,12,20,10.8374384236453,0,0,19.047619047619,31.7460317460317
96159,"090650005006013","BB004","2021","CPV",NA,NA,NA,NA,NA,NA,0,0,0,0,0,0,0,0,NA,NA,NA,NA,NA
96160,"090650921001006","BB004","2021","CPV",NA,NA,NA,NA,NA,NA,0,0,0,0,0,0,0,0,NA,NA,NA,NA,NA
96161,"090650005006003","BB004","2021","CPV","09","06","50","005","006","003",24,0,9,0,1,7,0,2,0,0,11.1111111111111,0,28.5714285714286
96162,"090650923001008","BB004","2021","CPV","09","06","50","923","001","008",19,0,7,1,0,6,0,3,0,14.2857142857143,0,0,50
96163,"090650005006012","BB004","2021","CPV","09","06","50","005","006","012",25,2,9,0,0,5,0,0,8,0,0,0,0
96164,"090650923001002","BB004","2021","CPV",NA,NA,NA,NA,NA,NA,0,0,0,0,0,0,0,0,NA,NA,NA,NA,NA
96165,"090650001006001","BB004","2021","CPV","09","06","50","001","006","001",192,22,62,3,3,62,16,34,11.4583333333333,4.83870967741935,4.83870967741935,25.8064516129032,54.8387096774194
96166,"090650923001003","BB004","2021","CPV","09","06","50","923","001","003",36,4,22,1,1,16,0,8,11.1111111111111,4.54545454545455,4.54545454545455,0,50
96167,"090650005005011","BB004","2021","CPV","09","06","50","005","005","011",77,3,26,0,1,21,2,8,3.8961038961039,0,3.84615384615385,9.52380952380952,38.0952380952381
96168,"090650923001011","BB004","2021","CPV","09","06","50","923","001","011",56,8,19,0,0,19,0,4,14.2857142857143,0,0,0,21.0526315789474
96169,"090650921001003","BB004","2021","CPV","09","06","50","921","001","003",24,3,7,0,0,7,0,1,12.5,0,0,0,14.2857142857143
96170,"090650923001001","BB004","2021","CPV","09","06","50","923","001","001",10,4,3,0,3,3,1,3,40,0,100,33.3333333333333,100
96171,"090650005006001","BB004","2021","CPV",NA,NA,NA,NA,NA,NA,0,0,0,0,0,0,0,0,NA,NA,NA,NA,NA
96172,"090650923001009","BB004","2021","CPV","09","06","50","923","001","009",55,4,19,0,0,18,1,9,7.27272727272727,0,0,5.55555555555556,50
96173,"090650004005001","BB004","2021","CPV","09","06","50","004","005","001",133,13,40,3,2,35,2,4,9.77443609022556,7.5,5,5.71428571428571,11.4285714285714
96174,"090650921001010","BB004","2021","CPV","09","06","50","921","001","010",24,0,7,1,0,9,1,3,0,14.2857142857143,0,11.1111111111111,33.3333333333333
96175,"090650002009002","BB004","2021","CPV","09","06","50","002","009","002",95,5,37,2,2,31,7,22,5.26315789473684,5.40540540540541,5.40540540540541,22.5806451612903,70.9677419354839
96176,"090650003001009","BB004","2021","CPV","09","06","50","003","001","009",30,5,10,2,0,11,3,8,16.6666666666667,20,0,27.2727272727273,72.7272727272727
96177,"090650003010001","BB004","2021","CPV","09","06","50","003","010","001",91,10,22,0,1,19,5,8,10.989010989011,0,4.54545454545455,26.3157894736842,42.1052631578947
96178,"090650003001004","BB004","2021","CPV","09","06","50","003","001","004",111,4,34,0,0,32,6,8,3.6036036036036,0,0,18.75,25
96179,"090650001001003","BB004","2021","CPV",NA,NA,NA,NA,NA,NA,0,0,0,0,0,0,0,0,NA,NA,NA,NA,NA
96180,"090650001006003","BB004","2021","CPV","09","06","50","001","006","003",37,4,14,0,6,13,1,12,10.8108108108108,0,42.8571428571429,7.69230769230769,92.3076923076923
96181,"090650003008005","BB004","2021","CPV","09","06","50","003","008","005",71,2,24,1,0,21,5,11,2.8169014084507,4.16666666666667,0,23.8095238095238,52.3809523809524
96182,"090650001001002","BB004","2021","CPV","09","06","50","001","001","002",51,4,11,0,0,13,4,10,7.84313725490196,0,0,30.7692307692308,76.9230769230769
96183,"090656001001009","BB004","2021","CPV","09","06","56","001","001","009",131,14,37,1,5,43,8,33,10.6870229007634,2.7027027027027,13.5135135135135,18.6046511627907,76.7441860465116
96184,"090656001001010","BB004","2021","CPV","09","06","56","001","001","010",71,11,20,0,4,19,2,12,15.4929577464789,0,20,10.5263157894737,63.1578947368421
96185,"090656001002003","BB004","2021","CPV",NA,NA,NA,NA,NA,NA,0,0,0,0,0,0,0,0,NA,NA,NA,NA,NA
96186,"090656001001008","BB004","2021","CPV","09","06","56","001","001","008",42,2,16,1,0,13,1,11,4.76190476190476,6.25,0,7.69230769230769,84.6153846153846
96187,"090650007005005","BB004","2021","CPV","09","06","50","007","005","005",74,11,25,2,2,23,4,8,14.8648648648649,8,8,17.3913043478261,34.7826086956522
96188,"090650008011002","BB004","2021","CPV","09","06","50","008","011","002",127,6,41,0,0,30,4,6,4.7244094488189,0,0,13.3333333333333,20
96189,"090656001001011","BB004","2021","CPV","09","06","56","001","001","011",36,2,9,0,0,9,3,7,5.55555555555556,0,0,33.3333333333333,77.7777777777778
96190,"090650007005006","BB004","2021","CPV","09","06","50","007","005","006",45,10,19,1,0,14,2,3,22.2222222222222,5.26315789473684,0,14.2857142857143,21.4285714285714
96191,"090650915002004","BB004","2021","CPV","09","06","50","915","002","004",44,2,20,1,1,16,1,14,4.54545454545455,5,5,6.25,87.5
96192,"090650002006004","BB004","2021","CPV","09","06","50","002","006","004",27,2,14,0,0,12,0,3,7.40740740740741,0,0,0,25
96193,"090650005006007","BB004","2021","CPV","09","06","50","005","006","007",46,2,16,0,0,11,1,4,4.34782608695652,0,0,9.09090909090909,36.3636363636364
96194,"090650004004004","BB004","2021","CPV","09","06","50","004","004","004",61,8,19,0,0,18,3,4,13.1147540983607,0,0,16.6666666666667,22.2222222222222
96195,"090650001003003","BB004","2021","CPV","09","06","50","001","003","003",54,4,20,1,1,17,4,12,7.40740740740741,5,5,23.5294117647059,70.5882352941177
96196,"090650004004006","BB004","2021","CPV","09","06","50","004","004","006",66,7,32,0,1,22,2,3,10.6060606060606,0,3.125,9.09090909090909,13.6363636363636
96197,"090650001001001","BB004","2021","CPV","09","06","50","001","001","001",148,19,54,2,1,47,7,28,12.8378378378378,3.7037037037037,1.85185185185185,14.8936170212766,59.5744680851064
96198,"090650005003003","BB004","2021","CPV","09","06","50","005","003","003",97,6,35,5,5,30,9,18,6.18556701030928,14.2857142857143,14.2857142857143,30,60
96199,"090650004002006","BB004","2021","CPV","09","06","50","004","002","006",81,9,33,0,2,27,6,10,11.1111111111111,0,6.06060606060606,22.2222222222222,37.037037037037
96200,"090650923001010","BB004","2021","CPV","09","06","50","923","001","010",35,3,11,0,0,11,2,7,8.57142857142857,0,0,18.1818181818182,63.6363636363636
96201,"090650002009001","BB004","2021","CPV","09","06","50","002","009","001",12,0,4,0,0,4,1,2,0,0,0,25,50
96202,"090650005006002","BB004","2021","CPV","09","06","50","005","006","002",36,0,16,0,0,10,2,4,0,0,0,20,40
96203,"090650005003001","BB004","2021","CPV","09","06","50","005","003","001",93,3,30,1,1,24,6,9,3.2258064516129,3.33333333333333,3.33333333333333,25,37.5
96204,"090650005003006","BB004","2021","CPV","09","06","50","005","003","006",82,7,23,0,1,24,2,7,8.53658536585366,0,4.34782608695652,8.33333333333333,29.1666666666667
96205,"090650001001004","BB004","2021","CPV","09","06","50","001","001","004",14,2,5,1,0,5,0,4,14.2857142857143,20,0,0,80
96206,"090650002006001","BB004","2021","CPV","09","06","50","002","006","001",95,12,40,0,1,31,3,11,12.6315789473684,0,2.5,9.67741935483871,35.4838709677419
96207,"090650011009003","BB004","2021","CPV","09","06","50","011","009","003",58,2,25,1,1,21,1,5,3.44827586206897,4,4,4.76190476190476,23.8095238095238
96208,"090650013001003","BB004","2021","CPV","09","06","50","013","001","003",64,1,22,1,4,22,2,11,1.5625,4.54545454545455,18.1818181818182,9.09090909090909,50
96209,"090650003004005","BB004","2021","CPV","09","06","50","003","004","005",29,0,10,2,0,10,1,1,0,20,0,10,10
96210,"090650011009002","BB004","2021","CPV","09","06","50","011","009","002",95,7,30,3,3,25,4,10,7.36842105263158,10,10,16,40
96211,"090650012005006","BB004","2021","CPV","09","06","50","012","005","006",2,0,1,0,0,1,0,0,0,0,0,0,0
96212,"090650011006003","BB004","2021","CPV","09","06","50","011","006","003",89,4,28,0,0,25,4,6,4.49438202247191,0,0,16,24
96213,"090650003004003","BB004","2021","CPV","09","06","50","003","004","003",50,4,16,1,1,17,3,8,8,6.25,6.25,17.6470588235294,47.0588235294118
96214,"090650011009006","BB004","2021","CPV","09","06","50","011","009","006",64,3,18,2,7,18,4,11,4.6875,11.1111111111111,38.8888888888889,22.2222222222222,61.1111111111111
96215,"090650006003004","BB004","2021","CPV","09","06","50","006","003","004",23,0,6,0,0,6,2,4,0,0,0,33.3333333333333,66.6666666666667
96216,"090650011005002","BB004","2021","CPV","09","06","50","011","005","002",135,7,45,4,8,40,10,18,5.18518518518519,8.88888888888889,17.7777777777778,25,45
96217,"090650006003001","BB004","2021","CPV","09","06","50","006","003","001",68,4,27,4,1,24,3,6,5.88235294117647,14.8148148148148,3.7037037037037,12.5,25
96218,"090650011007005","BB004","2021","CPV","09","06","50","011","007","005",41,1,16,0,0,13,1,1,2.4390243902439,0,0,7.69230769230769,7.69230769230769
96219,"090650011008001","BB004","2021","CPV","09","06","50","011","008","001",49,7,23,0,1,13,2,4,14.2857142857143,0,4.34782608695652,15.3846153846154,30.7692307692308
96220,"090650011007002","BB004","2021","CPV","09","06","50","011","007","002",72,2,22,0,1,20,2,3,2.77777777777778,0,4.54545454545455,10,15
96221,"090650011007006","BB004","2021","CPV","09","06","50","011","007","006",21,0,6,0,0,6,0,0,0,0,0,0,0
96222,"090650013003011","BB004","2021","CPV","09","06","50","013","003","011",37,0,11,0,0,9,2,2,0,0,0,22.2222222222222,22.2222222222222
96223,"090650013003006","BB004","2021","CPV","09","06","50","013","003","006",29,3,10,0,2,8,2,4,10.3448275862069,0,20,25,50
96224,"090650013004006","BB004","2021","CPV","09","06","50","013","004","006",92,2,26,0,3,24,4,11,2.17391304347826,0,11.5384615384615,16.6666666666667,45.8333333333333
96225,"090650013008005","BB004","2021","CPV","09","06","50","013","008","005",154,11,39,0,0,43,3,5,7.14285714285714,0,0,6.97674418604651,11.6279069767442
96226,"090650012007001","BB004","2021","CPV",NA,NA,NA,NA,NA,NA,0,0,0,0,0,0,0,0,NA,NA,NA,NA,NA
96227,"090650012007002","BB004","2021","CPV","09","06","50","012","007","002",37,2,12,0,1,12,2,6,5.40540540540541,0,8.33333333333333,16.6666666666667,50
96228,"090650012001002","BB004","2021","CPV","09","06","50","012","001","002",47,4,26,1,1,17,1,2,8.51063829787234,3.84615384615385,3.84615384615385,5.88235294117647,11.7647058823529
96229,"090650012007003","BB004","2021","CPV","09","06","50","012","007","003",18,0,5,1,0,5,1,1,0,20,0,20,20
96230,"090650003004009","BB004","2021","CPV","09","06","50","003","004","009",77,4,23,0,0,24,5,6,5.19480519480519,0,0,20.8333333333333,25
96231,"090650006003006","BB004","2021","CPV","09","06","50","006","003","006",24,1,10,0,0,7,1,1,4.16666666666667,0,0,14.2857142857143,14.2857142857143
96232,"090650013008002","BB004","2021","CPV","09","06","50","013","008","002",6,1,3,0,1,3,0,1,16.6666666666667,0,33.3333333333333,0,33.3333333333333
96233,"090650011009004","BB004","2021","CPV","09","06","50","011","009","004",70,8,23,0,1,21,6,10,11.4285714285714,0,4.34782608695652,28.5714285714286,47.6190476190476
96234,"090650013004003","BB004","2021","CPV","09","06","50","013","004","003",96,1,33,4,2,32,8,21,1.04166666666667,12.1212121212121,6.06060606060606,25,65.625
96235,"090650013004011","BB004","2021","CPV","09","06","50","013","004","011",81,3,28,1,3,25,6,10,3.7037037037037,3.57142857142857,10.7142857142857,24,40
96236,"090650003003003","BB004","2021","CPV","09","06","50","003","003","003",101,8,32,1,0,31,7,10,7.92079207920792,3.125,0,22.5806451612903,32.258064516129
96237,"090650003010004","BB004","2021","CPV","09","06","50","003","010","004",91,4,29,0,0,26,4,5,4.3956043956044,0,0,15.3846153846154,19.2307692307692
96238,"090650003009006","BB004","2021","CPV","09","06","50","003","009","006",43,0,10,0,0,10,3,8,0,0,0,30,80
96239,"090656001001007","BB004","2021","CPV","09","06","56","001","001","007",22,2,9,0,0,8,3,4,9.09090909090909,0,0,37.5,50
96240,"090650003010003","BB004","2021","CPV","09","06","50","003","010","003",55,5,15,0,0,15,2,3,9.09090909090909,0,0,13.3333333333333,20
96241,"090650003001006","BB004","2021","CPV","09","06","50","003","001","006",122,7,29,0,0,34,8,17,5.73770491803279,0,0,23.5294117647059,50
96242,"090650003008004","BB004","2021","CPV","09","06","50","003","008","004",57,2,20,0,0,19,4,5,3.50877192982456,0,0,21.0526315789474,26.3157894736842
96243,"090650013002006","BB004","2021","CPV","09","06","50","013","002","006",100,5,28,1,0,29,10,15,5,3.57142857142857,0,34.4827586206897,51.7241379310345
96244,"090650003001003","BB004","2021","CPV",NA,NA,NA,NA,NA,NA,0,0,0,0,0,0,0,0,NA,NA,NA,NA,NA
96245,"090656001001002","BB004","2021","CPV","09","06","56","001","001","002",86,13,27,1,12,26,2,22,15.1162790697674,3.7037037037037,44.4444444444444,7.69230769230769,84.6153846153846
96246,"090656001001005","BB004","2021","CPV","09","06","56","001","001","005",58,7,17,4,6,19,4,18,12.0689655172414,23.5294117647059,35.2941176470588,21.0526315789474,94.7368421052632
96247,"090650031001020","BB004","2021","CPV","09","06","50","031","001","020",111,8,32,0,0,29,0,0,7.20720720720721,0,0,0,0
96248,"090656001001006","BB004","2021","CPV","09","06","56","001","001","006",24,3,15,0,1,8,1,4,12.5,0,6.66666666666667,12.5,50
96249,"090656001001003","BB004","2021","CPV","09","06","56","001","001","003",4,1,2,0,2,2,0,2,25,0,100,0,100
96250,"090656001001001","BB004","2021","CPV",NA,NA,NA,NA,NA,NA,0,0,0,0,0,0,0,0,NA,NA,NA,NA,NA
96251,"090656001001004","BB004","2021","CPV","09","06","56","001","001","004",61,4,24,0,4,19,3,17,6.55737704918033,0,16.6666666666667,15.7894736842105,89.4736842105263
96252,"090650013002001","BB004","2021","CPV","09","06","50","013","002","001",58,1,19,0,0,19,3,4,1.72413793103448,0,0,15.7894736842105,21.0526315789474
96253,"090650011007007","BB004","2021","CPV","09","06","50","011","007","007",6,0,3,1,1,2,0,1,0,33.3333333333333,33.3333333333333,0,50
96254,"090650013001007","BB004","2021","CPV","09","06","50","013","001","007",88,4,20,0,1,21,4,5,4.54545454545455,0,5,19.047619047619,23.8095238095238
96255,"090650011002004","BB004","2021","CPV","09","06","50","011","002","004",117,16,63,0,0,40,4,10,13.6752136752137,0,0,10,25
96256,"090650011007008","BB004","2021","CPV","09","06","50","011","007","008",57,4,16,1,1,14,1,3,7.01754385964912,6.25,6.25,7.14285714285714,21.4285714285714
96257,"090650008001006","BB004","2021","CPV","09","06","50","008","001","006",92,10,34,0,0,25,4,7,10.8695652173913,0,0,16,28
96258,"090650006003003","BB004","2021","CPV","09","06","50","006","003","003",42,2,14,0,1,10,0,4,4.76190476190476,0,7.14285714285714,0,40
96259,"090650011003003","BB004","2021","CPV","09","06","50","011","003","003",63,2,23,0,0,18,0,4,3.17460317460317,0,0,0,22.2222222222222
96260,"090650011007001","BB004","2021","CPV","09","06","50","011","007","001",73,3,19,0,0,18,2,2,4.10958904109589,0,0,11.1111111111111,11.1111111111111
96261,"090650013007008","BB004","2021","CPV","09","06","50","013","007","008",59,4,18,2,3,15,3,7,6.77966101694915,11.1111111111111,16.6666666666667,20,46.6666666666667
96262,"090650003009008","BB004","2021","CPV","09","06","50","003","009","008",11,0,4,0,0,4,1,3,0,0,0,25,75
96263,"090650011002006","BB004","2021","CPV","09","06","50","011","002","006",24,4,10,0,0,7,0,2,16.6666666666667,0,0,0,28.5714285714286
96264,"090650003009002","BB004","2021","CPV","09","06","50","003","009","002",63,6,21,0,1,21,4,10,9.52380952380952,0,4.76190476190476,19.047619047619,47.6190476190476
96265,"090650012005002","BB004","2021","CPV","09","06","50","012","005","002",13,1,5,0,0,4,0,0,7.69230769230769,0,0,0,0
96266,"090650003005003","BB004","2021","CPV","09","06","50","003","005","003",199,25,57,1,1,56,7,9,12.5628140703518,1.75438596491228,1.75438596491228,12.5,16.0714285714286
96267,"090650003008006","BB004","2021","CPV","09","06","50","003","008","006",21,0,7,0,0,6,1,1,0,0,0,16.6666666666667,16.6666666666667
96268,"090650013001002","BB004","2021","CPV","09","06","50","013","001","002",77,5,31,0,1,21,1,4,6.49350649350649,0,3.2258064516129,4.76190476190476,19.047619047619
96269,"090650010001005","BB004","2021","CPV","09","06","50","010","001","005",72,7,25,0,0,20,4,5,9.72222222222222,0,0,20,25
96270,"090650006005002","BB004","2021","CPV","09","06","50","006","005","002",74,6,23,0,4,21,6,13,8.10810810810811,0,17.3913043478261,28.5714285714286,61.9047619047619
96271,"090650010002002","BB004","2021","CPV","09","06","50","010","002","002",102,6,27,2,1,30,8,12,5.88235294117647,7.40740740740741,3.7037037037037,26.6666666666667,40
96272,"090650008011003","BB004","2021","CPV","09","06","50","008","011","003",50,1,19,0,0,13,4,5,2,0,0,30.7692307692308,38.4615384615385
96273,"090650010005003","BB004","2021","CPV",NA,NA,NA,NA,NA,NA,0,0,0,0,0,0,0,0,NA,NA,NA,NA,NA
96274,"090650007006003","BB004","2021","CPV","09","06","50","007","006","003",15,2,4,0,0,6,1,2,13.3333333333333,0,0,16.6666666666667,33.3333333333333
96275,"090650007005003","BB004","2021","CPV","09","06","50","007","005","003",75,7,19,0,0,21,7,8,9.33333333333333,0,0,33.3333333333333,38.0952380952381
96276,"090650010005001","BB004","2021","CPV",NA,NA,NA,NA,NA,NA,0,0,0,0,0,0,0,0,NA,NA,NA,NA,NA
96277,"090650006005001","BB004","2021","CPV","09","06","50","006","005","001",37,3,15,0,0,10,1,1,8.10810810810811,0,0,10,10
96278,"090650007008008","BB004","2021","CPV",NA,NA,NA,NA,NA,NA,0,0,0,0,0,0,0,0,NA,NA,NA,NA,NA
96279,"090650006003008","BB004","2021","CPV","09","06","50","006","003","008",52,1,20,0,0,16,5,5,1.92307692307692,0,0,31.25,31.25
96280,"090650009005003","BB004","2021","CPV","09","06","50","009","005","003",135,16,44,0,1,43,9,13,11.8518518518519,0,2.27272727272727,20.9302325581395,30.2325581395349
96281,"090650006002002","BB004","2021","CPV","09","06","50","006","002","002",80,3,28,1,1,23,4,9,3.75,3.57142857142857,3.57142857142857,17.3913043478261,39.1304347826087
96282,"090650008012001","BB004","2021","CPV","09","06","50","008","012","001",119,5,44,1,0,36,6,12,4.20168067226891,2.27272727272727,0,16.6666666666667,33.3333333333333
96283,"090650006002003","BB004","2021","CPV",NA,NA,NA,NA,NA,NA,0,0,0,0,0,0,0,0,NA,NA,NA,NA,NA
96284,"090650006002006","BB004","2021","CPV","09","06","50","006","002","006",94,9,31,1,1,27,5,8,9.57446808510638,3.2258064516129,3.2258064516129,18.5185185185185,29.6296296296296
96285,"090650003004001","BB004","2021","CPV","09","06","50","003","004","001",45,4,17,1,1,16,2,4,8.88888888888889,5.88235294117647,5.88235294117647,12.5,25
96286,"090650003004008","BB004","2021","CPV","09","06","50","003","004","008",73,6,37,0,0,26,1,1,8.21917808219178,0,0,3.84615384615385,3.84615384615385
96287,"090650008011005","BB004","2021","CPV","09","06","50","008","011","005",21,0,7,0,0,4,1,1,0,0,0,25,25
96288,"090650003004004","BB004","2021","CPV",NA,NA,NA,NA,NA,NA,0,0,0,0,0,0,0,0,NA,NA,NA,NA,NA
96289,"090650006005006","BB004","2021","CPV","09","06","50","006","005","006",20,0,5,0,0,4,0,0,0,0,0,0,0
96290,"090650010008006","BB004","2021","CPV","09","06","50","010","008","006",36,1,8,0,2,7,1,4,2.77777777777778,0,25,14.2857142857143,57.1428571428571
96291,"090650003004007","BB004","2021","CPV","09","06","50","003","004","007",49,5,22,0,1,15,7,9,10.2040816326531,0,4.54545454545455,46.6666666666667,60
96292,"090650009007002","BB004","2021","CPV","09","06","50","009","007","002",64,4,23,1,0,22,1,1,6.25,4.34782608695652,0,4.54545454545455,4.54545454545455
96293,"090650010001002","BB004","2021","CPV","09","06","50","010","001","002",143,8,56,1,0,42,6,11,5.59440559440559,1.78571428571429,0,14.2857142857143,26.1904761904762
96294,"090650007006002","BB004","2021","CPV","09","06","50","007","006","002",53,6,17,0,2,16,3,5,11.3207547169811,0,11.7647058823529,18.75,31.25
96295,"090650006005010","BB004","2021","CPV","09","06","50","006","005","010",93,2,29,1,1,26,7,9,2.1505376344086,3.44827586206897,3.44827586206897,26.9230769230769,34.6153846153846
96296,"090650009005002","BB004","2021","CPV","09","06","50","009","005","002",95,6,37,0,0,26,3,4,6.31578947368421,0,0,11.5384615384615,15.3846153846154
96297,"090650006005007","BB004","2021","CPV","09","06","50","006","005","007",23,2,6,1,2,7,2,6,8.69565217391304,16.6666666666667,33.3333333333333,28.5714285714286,85.7142857142857
96298,"090650010001003","BB004","2021","CPV","09","06","50","010","001","003",36,0,11,1,0,9,3,3,0,9.09090909090909,0,33.3333333333333,33.3333333333333
96299,"090650008011004","BB004","2021","CPV",NA,NA,NA,NA,NA,NA,0,0,0,0,0,0,0,0,NA,NA,NA,NA,NA
96300,"090650013007002","BB004","2021","CPV","09","06","50","013","007","002",54,4,20,2,2,18,2,8,7.40740740740741,10,10,11.1111111111111,44.4444444444444
96301,"090650012007004","BB004","2021","CPV","09","06","50","012","007","004",27,3,9,1,1,8,3,5,11.1111111111111,11.1111111111111,11.1111111111111,37.5,62.5
96302,"090650011002001","BB004","2021","CPV","09","06","50","011","002","001",38,3,16,0,0,14,1,1,7.89473684210526,0,0,7.14285714285714,7.14285714285714
96303,"090650012003003","BB004","2021","CPV","09","06","50","012","003","003",210,32,75,0,1,62,10,16,15.2380952380952,0,1.33333333333333,16.1290322580645,25.8064516129032
96304,"090650008006004","BB004","2021","CPV","09","06","50","008","006","004",16,2,6,0,1,6,1,2,12.5,0,16.6666666666667,16.6666666666667,33.3333333333333
96305,"090650013006001","BB004","2021","CPV","09","06","50","013","006","001",1,0,2,1,1,1,0,1,0,50,50,0,100
96306,"090650011004002","BB004","2021","CPV","09","06","50","011","004","002",119,15,41,0,0,32,4,7,12.6050420168067,0,0,12.5,21.875
96307,"090650013007001","BB004","2021","CPV","09","06","50","013","007","001",11,2,4,0,0,4,0,0,18.1818181818182,0,0,0,0
96308,"090650013007003","BB004","2021","CPV","09","06","50","013","007","003",120,5,31,1,0,32,2,7,4.16666666666667,3.2258064516129,0,6.25,21.875
96309,"090650012003001","BB004","2021","CPV","09","06","50","012","003","001",89,10,26,0,0,24,6,12,11.2359550561798,0,0,25,50
96310,"090650013004001","BB004","2021","CPV","09","06","50","013","004","001",56,1,15,0,0,14,1,1,1.78571428571429,0,0,7.14285714285714,7.14285714285714
96311,"090650012005009","BB004","2021","CPV","09","06","50","012","005","009",50,3,15,0,1,18,3,6,6,0,6.66666666666667,16.6666666666667,33.3333333333333
96312,"090650013006003","BB004","2021","CPV","09","06","50","013","006","003",297,18,102,1,0,91,12,28,6.06060606060606,0.980392156862745,0,13.1868131868132,30.7692307692308
96313,"090650013003004","BB004","2021","CPV","09","06","50","013","003","004",0,0,1,0,0,0,0,0,NA,0,0,NA,NA
96314,"090650012005007","BB004","2021","CPV","09","06","50","012","005","007",30,1,12,0,1,10,2,4,3.33333333333333,0,8.33333333333333,20,40
96315,"090650008011001","BB004","2021","CPV","09","06","50","008","011","001",137,6,48,0,0,35,7,11,4.37956204379562,0,0,20,31.4285714285714
96316,"090650009005001","BB004","2021","CPV","09","06","50","009","005","001",123,15,42,3,2,35,7,15,12.1951219512195,7.14285714285714,4.76190476190476,20,42.8571428571429
96317,"090650008001010","BB004","2021","CPV",NA,NA,NA,NA,NA,NA,0,0,0,0,0,0,0,0,NA,NA,NA,NA,NA
96318,"090650007005002","BB004","2021","CPV","09","06","50","007","005","002",52,3,15,0,0,17,3,4,5.76923076923077,0,0,17.6470588235294,23.5294117647059
96319,"090650008001007","BB004","2021","CPV","09","06","50","008","001","007",111,23,38,1,3,42,1,10,20.7207207207207,2.63157894736842,7.89473684210526,2.38095238095238,23.8095238095238
96320,"090650009001002","BB004","2021","CPV","09","06","50","009","001","002",124,16,41,2,3,34,4,6,12.9032258064516,4.8780487804878,7.31707317073171,11.7647058823529,17.6470588235294
96321,"090650008001002","BB004","2021","CPV","09","06","50","008","001","002",79,10,33,0,0,27,2,4,12.6582278481013,0,0,7.40740740740741,14.8148148148148
96322,"090650008001009","BB004","2021","CPV","09","06","50","008","001","009",45,7,18,0,2,14,1,2,15.5555555555556,0,11.1111111111111,7.14285714285714,14.2857142857143
96323,"090650011002003","BB004","2021","CPV",NA,NA,NA,NA,NA,NA,0,0,0,0,0,0,0,0,NA,NA,NA,NA,NA
96324,"090650011002005","BB004","2021","CPV","09","06","50","011","002","005",41,7,13,0,0,10,0,3,17.0731707317073,0,0,0,30
96325,"090650011005001","BB004","2021","CPV","09","06","50","011","005","001",117,7,36,9,0,36,5,7,5.98290598290598,25,0,13.8888888888889,19.4444444444444
96326,"090650011007004","BB004","2021","CPV","09","06","50","011","007","004",51,3,15,0,0,15,1,3,5.88235294117647,0,0,6.66666666666667,20
96327,"090650008001003","BB004","2021","CPV",NA,NA,NA,NA,NA,NA,0,0,0,0,0,0,0,0,NA,NA,NA,NA,NA
96328,"090650006003007","BB004","2021","CPV","09","06","50","006","003","007",52,2,20,0,1,15,3,3,3.84615384615385,0,5,20,20
96329,"090650011007003","BB004","2021","CPV","09","06","50","011","007","003",67,5,17,1,2,16,3,6,7.46268656716418,5.88235294117647,11.7647058823529,18.75,37.5
96330,"090650008001004","BB004","2021","CPV",NA,NA,NA,NA,NA,NA,0,0,0,0,0,0,0,0,NA,NA,NA,NA,NA
96331,"090650030009008","BB004","2021","CPV","09","06","50","030","009","008",81,2,25,0,1,23,0,2,2.46913580246914,0,4,0,8.69565217391304
96332,"090650030009001","BB004","2021","CPV","09","06","50","030","009","001",46,0,15,0,0,12,0,0,0,0,0,0,0
96333,"090650030007001","BB004","2021","CPV",NA,NA,NA,NA,NA,NA,0,0,0,0,0,0,0,0,NA,NA,NA,NA,NA
96334,"090650030007002","BB004","2021","CPV","09","06","50","030","007","002",131,10,54,0,0,46,0,1,7.63358778625954,0,0,0,2.17391304347826
96335,"090650030005013","BB004","2021","CPV",NA,NA,NA,NA,NA,NA,0,0,0,0,0,0,0,0,NA,NA,NA,NA,NA
96336,"090650030010007","BB004","2021","CPV","09","06","50","030","010","007",75,5,20,0,0,19,0,0,6.66666666666667,0,0,0,0
96337,"090650030008001","BB004","2021","CPV","09","06","50","030","008","001",34,1,13,0,0,11,0,1,2.94117647058824,0,0,0,9.09090909090909
96338,"090650030005015","BB004","2021","CPV","09","06","50","030","005","015",121,5,51,0,0,37,0,0,4.13223140495868,0,0,0,0
96339,"090650028008002","BB004","2021","CPV","09","06","50","028","008","002",28,1,10,0,0,9,0,0,3.57142857142857,0,0,0,0
96340,"090650028008003","BB004","2021","CPV","09","06","50","028","008","003",36,2,11,0,0,10,0,0,5.55555555555556,0,0,0,0
96341,"090650032007003","BB004","2021","CPV","09","06","50","032","007","003",41,1,17,0,0,13,0,0,2.4390243902439,0,0,0,0
96342,"090650028008013","BB004","2021","CPV","09","06","50","028","008","013",24,2,8,0,0,8,0,1,8.33333333333333,0,0,0,12.5
96343,"090650030008003","BB004","2021","CPV","09","06","50","030","008","003",11,0,4,0,0,3,0,0,0,0,0,0,0
96344,"090650030005014","BB004","2021","CPV",NA,NA,NA,NA,NA,NA,0,0,0,0,0,0,0,0,NA,NA,NA,NA,NA
96345,"090650030008004","BB004","2021","CPV","09","06","50","030","008","004",49,1,14,0,0,13,0,0,2.04081632653061,0,0,0,0
96346,"090650030008002","BB004","2021","CPV","09","06","50","030","008","002",38,1,10,0,0,10,0,0,2.63157894736842,0,0,0,0
96347,"090650030011006","BB004","2021","CPV","09","06","50","030","011","006",138,8,40,0,0,37,0,1,5.79710144927536,0,0,0,2.7027027027027
96348,"090650029001002","BB004","2021","CPV",NA,NA,NA,NA,NA,NA,0,0,0,0,0,0,0,0,NA,NA,NA,NA,NA
96349,"090650032007007","BB004","2021","CPV","09","06","50","032","007","007",73,5,26,0,0,26,0,1,6.84931506849315,0,0,0,3.84615384615385
96350,"090650031001005","BB004","2021","CPV",NA,NA,NA,NA,NA,NA,0,0,0,0,0,0,0,0,NA,NA,NA,NA,NA
96351,"090650029001001","BB004","2021","CPV","09","06","50","029","001","001",210,26,57,0,0,56,0,0,12.3809523809524,0,0,0,0
96352,"090650022002002","BB004","2021","CPV","09","06","50","022","002","002",70,10,22,0,0,20,0,0,14.2857142857143,0,0,0,0
96353,"090650029003004","BB004","2021","CPV","09","06","50","029","003","004",174,16,55,0,0,53,0,0,9.19540229885057,0,0,0,0
96354,"090650029002005","BB004","2021","CPV","09","06","50","029","002","005",37,4,10,0,0,9,0,0,10.8108108108108,0,0,0,0
96355,"090650030005003","BB004","2021","CPV",NA,NA,NA,NA,NA,NA,0,0,0,0,0,0,0,0,NA,NA,NA,NA,NA
96356,"090650030005017","BB004","2021","CPV","09","06","50","030","005","017",28,0,20,0,0,9,0,1,0,0,0,0,11.1111111111111
96357,"090650023007001","BB004","2021","CPV","09","06","50","023","007","001",55,2,15,0,0,13,0,0,3.63636363636364,0,0,0,0
96358,"090650032007004","BB004","2021","CPV","09","06","50","032","007","004",59,1,22,0,1,19,0,1,1.69491525423729,0,4.54545454545455,0,5.26315789473684
96359,"090650029001003","BB004","2021","CPV","09","06","50","029","001","003",72,7,30,0,0,24,1,1,9.72222222222222,0,0,4.16666666666667,4.16666666666667
96360,"090650029002002","BB004","2021","CPV","09","06","50","029","002","002",119,11,38,0,0,36,0,1,9.2436974789916,0,0,0,2.77777777777778
96361,"090650029001005","BB004","2021","CPV","09","06","50","029","001","005",59,4,18,0,0,17,0,0,6.77966101694915,0,0,0,0
96362,"090650030011002","BB004","2021","CPV","09","06","50","030","011","002",60,3,18,0,0,16,0,0,5,0,0,0,0
96363,"090650030003008","BB004","2021","CPV","09","06","50","030","003","008",23,2,8,0,0,8,0,0,8.69565217391304,0,0,0,0
96364,"090650030003007","BB004","2021","CPV","09","06","50","030","003","007",23,5,10,0,0,9,0,0,21.7391304347826,0,0,0,0
96365,"090650026001005","BB004","2021","CPV","09","06","50","026","001","005",40,4,20,0,0,11,0,1,10,0,0,0,9.09090909090909
96366,"090650030003005","BB004","2021","CPV","09","06","50","030","003","005",44,0,13,0,0,12,0,1,0,0,0,0,8.33333333333333
96367,"090650028003006","BB004","2021","CPV","09","06","50","028","003","006",28,0,8,0,0,8,0,0,0,0,0,0,0
96368,"090650029005003","BB004","2021","CPV","09","06","50","029","005","003",98,6,44,1,0,40,0,1,6.12244897959184,2.27272727272727,0,0,2.5
96369,"090650021006010","BB004","2021","CPV","09","06","50","021","006","010",11,2,4,0,0,4,0,0,18.1818181818182,0,0,0,0
96370,"090650031002005","BB004","2021","CPV","09","06","50","031","002","005",76,2,24,0,0,21,0,1,2.63157894736842,0,0,0,4.76190476190476
96371,"090650026001007","BB004","2021","CPV",NA,NA,NA,NA,NA,NA,0,0,0,0,0,0,0,0,NA,NA,NA,NA,NA
96372,"090650026001004","BB004","2021","CPV","09","06","50","026","001","004",14,0,13,0,0,5,0,0,0,0,0,0,0
96373,"090650021006016","BB004","2021","CPV","09","06","50","021","006","016",19,2,16,0,0,8,0,0,10.5263157894737,0,0,0,0
96374,"090650026001006","BB004","2021","CPV","09","06","50","026","001","006",26,2,16,0,0,7,0,1,7.69230769230769,0,0,0,14.2857142857143
96375,"090650021006008","BB004","2021","CPV",NA,NA,NA,NA,NA,NA,0,0,0,0,0,0,0,0,NA,NA,NA,NA,NA
96376,"090650028009005","BB004","2021","CPV","09","06","50","028","009","005",120,7,69,0,0,54,2,6,5.83333333333333,0,0,3.7037037037037,11.1111111111111
96377,"090650028003005","BB004","2021","CPV","09","06","50","028","003","005",41,3,12,0,0,10,0,0,7.31707317073171,0,0,0,0
96378,"090650021006009","BB004","2021","CPV","09","06","50","021","006","009",14,0,7,0,0,5,0,0,0,0,0,0,0
96379,"090650026007005","BB004","2021","CPV",NA,NA,NA,NA,NA,NA,0,0,0,0,0,0,0,0,NA,NA,NA,NA,NA
96380,"090650026007001","BB004","2021","CPV",NA,NA,NA,NA,NA,NA,0,0,0,0,0,0,0,0,NA,NA,NA,NA,NA
96381,"090650028008004","BB004","2021","CPV","09","06","50","028","008","004",14,0,8,0,0,4,0,0,0,0,0,0,0
96382,"090650026007004","BB004","2021","CPV",NA,NA,NA,NA,NA,NA,0,0,0,0,0,0,0,0,NA,NA,NA,NA,NA
96383,"090650032007005","BB004","2021","CPV","09","06","50","032","007","005",57,2,21,0,0,15,0,0,3.50877192982456,0,0,0,0
96384,"090650032007006","BB004","2021","CPV","09","06","50","032","007","006",64,8,20,0,1,19,1,2,12.5,0,5,5.26315789473684,10.5263157894737
96385,"090650026006002","BB004","2021","CPV","09","06","50","026","006","002",12,1,5,0,0,3,0,0,8.33333333333333,0,0,0,0
96386,"090650022007004","BB004","2021","CPV","09","06","50","022","007","004",51,5,20,0,0,16,0,3,9.80392156862745,0,0,0,18.75
96387,"090650031010007","BB004","2021","CPV","09","06","50","031","010","007",53,1,22,0,0,16,0,1,1.88679245283019,0,0,0,6.25
96388,"090650031005004","BB004","2021","CPV","09","06","50","031","005","004",54,2,16,0,0,13,0,0,3.7037037037037,0,0,0,0
96389,"090650021006007","BB004","2021","CPV",NA,NA,NA,NA,NA,NA,0,0,0,0,0,0,0,0,NA,NA,NA,NA,NA
96390,"090650031005005","BB004","2021","CPV","09","06","50","031","005","005",43,0,16,0,0,12,0,1,0,0,0,0,8.33333333333333
96391,"090650028001003","BB004","2021","CPV","09","06","50","028","001","003",61,2,20,0,0,17,0,1,3.27868852459016,0,0,0,5.88235294117647
96392,"090650032011013","BB004","2021","CPV","09","06","50","032","011","013",21,3,6,0,0,5,0,0,14.2857142857143,0,0,0,0
96393,"090650028001002","BB004","2021","CPV","09","06","50","028","001","002",81,5,25,0,0,22,0,0,6.17283950617284,0,0,0,0
96394,"090650021006006","BB004","2021","CPV",NA,NA,NA,NA,NA,NA,0,0,0,0,0,0,0,0,NA,NA,NA,NA,NA
96395,"090650023007006","BB004","2021","CPV","09","06","50","023","007","006",69,5,25,0,0,22,0,0,7.2463768115942,0,0,0,0
96396,"090650032001004","BB004","2021","CPV","09","06","50","032","001","004",95,10,44,0,1,30,1,2,10.5263157894737,0,2.27272727272727,3.33333333333333,6.66666666666667
96397,"090650028008005","BB004","2021","CPV","09","06","50","028","008","005",21,1,11,0,0,6,0,0,4.76190476190476,0,0,0,0
96398,"090650028008006","BB004","2021","CPV","09","06","50","028","008","006",41,5,10,0,0,10,0,0,12.1951219512195,0,0,0,0
96399,"090650021006014","BB004","2021","CPV","09","06","50","021","006","014",35,1,19,0,0,13,0,0,2.85714285714286,0,0,0,0
96400,"090650032011015","BB004","2021","CPV","09","06","50","032","011","015",24,0,10,0,0,7,0,0,0,0,0,0,0
96401,"090650021006005","BB004","2021","CPV",NA,NA,NA,NA,NA,NA,0,0,0,0,0,0,0,0,NA,NA,NA,NA,NA
96402,"090650021006011","BB004","2021","CPV","09","06","50","021","006","011",53,2,19,0,0,15,0,0,3.77358490566038,0,0,0,0
96403,"090650026001001","BB004","2021","CPV","09","06","50","026","001","001",7,0,2,0,2,2,1,2,0,0,100,50,100
96404,"090650026001002","BB004","2021","CPV","09","06","50","026","001","002",47,3,27,0,0,16,0,0,6.38297872340426,0,0,0,0
96405,"090650021006012","BB004","2021","CPV","09","06","50","021","006","012",20,2,6,0,0,6,0,0,10,0,0,0,0
96406,"090650029002004","BB004","2021","CPV","09","06","50","029","002","004",39,4,10,0,0,10,0,0,10.2564102564103,0,0,0,0
96407,"090650032011008","BB004","2021","CPV","09","06","50","032","011","008",7,0,2,0,0,2,0,0,0,0,0,0,0
96408,"090650032011001","BB004","2021","CPV","09","06","50","032","011","001",150,8,43,1,0,41,0,1,5.33333333333333,2.32558139534884,0,0,2.4390243902439
96409,"090650032011010","BB004","2021","CPV",NA,NA,NA,NA,NA,NA,0,0,0,0,0,0,0,0,NA,NA,NA,NA,NA
96410,"090650032011007","BB004","2021","CPV","09","06","50","032","011","007",11,1,7,0,0,4,0,0,9.09090909090909,0,0,0,0
96411,"090650023007008","BB004","2021","CPV","09","06","50","023","007","008",45,2,19,0,0,15,0,0,4.44444444444444,0,0,0,0
96412,"090650023002001","BB004","2021","CPV","09","06","50","023","002","001",66,8,19,0,0,17,0,0,12.1212121212121,0,0,0,0
96413,"090650023002007","BB004","2021","CPV","09","06","50","023","002","007",107,9,29,0,0,25,0,0,8.41121495327103,0,0,0,0
96414,"090650023001001","BB004","2021","CPV","09","06","50","023","001","001",115,6,44,0,0,38,0,0,5.21739130434783,0,0,0,0
96415,"090650031001016","BB004","2021","CPV","09","06","50","031","001","016",19,0,4,0,0,4,0,0,0,0,0,0,0
96416,"090650031001014","BB004","2021","CPV","09","06","50","031","001","014",0,0,2,0,0,0,0,0,NA,0,0,NA,NA
96417,"090650031001017","BB004","2021","CPV","09","06","50","031","001","017",14,3,4,0,0,4,0,0,21.4285714285714,0,0,0,0
96418,"090650031001015","BB004","2021","CPV","09","06","50","031","001","015",8,1,4,0,0,2,0,0,12.5,0,0,0,0
96419,"090650023007004","BB004","2021","CPV","09","06","50","023","007","004",94,2,28,0,0,27,0,3,2.12765957446809,0,0,0,11.1111111111111
96420,"090650031001007","BB004","2021","CPV",NA,NA,NA,NA,NA,NA,0,0,0,0,0,0,0,0,NA,NA,NA,NA,NA
96421,"090650031002007","BB004","2021","CPV","09","06","50","031","002","007",89,6,44,0,0,28,0,1,6.74157303370786,0,0,0,3.57142857142857
96422,"090650031002008","BB004","2021","CPV","09","06","50","031","002","008",5,1,3,0,0,2,0,0,20,0,0,0,0
96423,"090650031001003","BB004","2021","CPV",NA,NA,NA,NA,NA,NA,0,0,0,0,0,0,0,0,NA,NA,NA,NA,NA
96424,"090650023007003","BB004","2021","CPV","09","06","50","023","007","003",44,3,10,0,0,10,0,0,6.81818181818182,0,0,0,0
96425,"090650031001008","BB004","2021","CPV","09","06","50","031","001","008",73,3,23,0,0,20,0,0,4.10958904109589,0,0,0,0
96426,"090650031003001","BB004","2021","CPV","09","06","50","031","003","001",101,8,27,0,12,30,8,28,7.92079207920792,0,44.4444444444444,26.6666666666667,93.3333333333333
96427,"090650031010008","BB004","2021","CPV","09","06","50","031","010","008",45,5,18,0,0,15,0,1,11.1111111111111,0,0,0,6.66666666666667
96428,"090650022004002","BB004","2021","CPV","09","06","50","022","004","002",168,19,49,0,0,46,0,2,11.3095238095238,0,0,0,4.34782608695652
96429,"090650021009002","BB004","2021","CPV","09","06","50","021","009","002",87,5,30,0,0,26,0,0,5.74712643678161,0,0,0,0
96430,"090650031010001","BB004","2021","CPV","09","06","50","031","010","001",9,0,5,0,0,3,0,0,0,0,0,0,0
96431,"090650031010003","BB004","2021","CPV","09","06","50","031","010","003",55,4,18,0,0,16,0,0,7.27272727272727,0,0,0,0
96432,"090650021009005","BB004","2021","CPV","09","06","50","021","009","005",59,4,25,0,0,20,0,0,6.77966101694915,0,0,0,0
96433,"090650032008004","BB004","2021","CPV","09","06","50","032","008","004",62,3,21,4,0,20,0,2,4.83870967741935,19.047619047619,0,0,10
96434,"090650031005006","BB004","2021","CPV","09","06","50","031","005","006",45,3,16,0,0,13,0,1,6.66666666666667,0,0,0,7.69230769230769
96435,"090650022005001","BB004","2021","CPV","09","06","50","022","005","001",225,27,75,0,0,68,0,3,12,0,0,0,4.41176470588235
96436,"090650031010004","BB004","2021","CPV","09","06","50","031","010","004",150,4,56,0,0,43,0,0,2.66666666666667,0,0,0,0
96437,"090650022003001","BB004","2021","CPV","09","06","50","022","003","001",70,7,24,0,0,21,0,0,10,0,0,0,0
96438,"090650022004003","BB004","2021","CPV","09","06","50","022","004","003",59,8,22,0,0,17,0,0,13.5593220338983,0,0,0,0
96439,"090650022002001","BB004","2021","CPV","09","06","50","022","002","001",38,2,14,0,0,12,0,2,5.26315789473684,0,0,0,16.6666666666667
96440,"090650022004005","BB004","2021","CPV","09","06","50","022","004","005",71,2,24,0,0,19,0,0,2.8169014084507,0,0,0,0
96441,"090650032008005","BB004","2021","CPV","09","06","50","032","008","005",64,3,20,0,0,16,0,0,4.6875,0,0,0,0
96442,"090650032008006","BB004","2021","CPV","09","06","50","032","008","006",59,4,20,0,0,17,0,0,6.77966101694915,0,0,0,0
96443,"090650026001003","BB004","2021","CPV","09","06","50","026","001","003",19,0,22,0,0,6,0,0,0,0,0,0,0
96444,"090650021001005","BB004","2021","CPV","09","06","50","021","001","005",109,14,44,0,0,36,0,0,12.8440366972477,0,0,0,0
96445,"090650031007003","BB004","2021","CPV","09","06","50","031","007","003",95,4,32,1,1,27,0,1,4.21052631578947,3.125,3.125,0,3.7037037037037
96446,"090650031007002","BB004","2021","CPV","09","06","50","031","007","002",107,7,36,0,0,33,1,3,6.54205607476635,0,0,3.03030303030303,9.09090909090909
96447,"090650031007001","BB004","2021","CPV","09","06","50","031","007","001",22,1,7,0,0,6,0,0,4.54545454545455,0,0,0,0
96448,"090650021006004","BB004","2021","CPV","09","06","50","021","006","004",70,2,20,0,0,19,0,1,2.85714285714286,0,0,0,5.26315789473684
96449,"090650024008004","BB004","2021","CPV","09","06","50","024","008","004",6,1,2,0,0,2,0,0,16.6666666666667,0,0,0,0
96450,"090650024008001","BB004","2021","CPV","09","06","50","024","008","001",6,0,2,0,0,2,0,0,0,0,0,0,0
96451,"090650021009003","BB004","2021","CPV","09","06","50","021","009","003",89,8,31,0,0,27,0,1,8.98876404494382,0,0,0,3.7037037037037
96452,"090650031007005","BB004","2021","CPV","09","06","50","031","007","005",141,7,50,0,0,41,0,1,4.9645390070922,0,0,0,2.4390243902439
96453,"090650031007004","BB004","2021","CPV","09","06","50","031","007","004",34,0,12,0,0,12,0,0,0,0,0,0,0
96454,"090650021009004","BB004","2021","CPV","09","06","50","021","009","004",74,6,28,0,0,22,0,0,8.10810810810811,0,0,0,0
96455,"090650021005004","BB004","2021","CPV","09","06","50","021","005","004",97,11,28,0,0,27,0,0,11.340206185567,0,0,0,0
96456,"090650024008003","BB004","2021","CPV","09","06","50","024","008","003",6,1,2,0,0,2,0,0,16.6666666666667,0,0,0,0
96457,"090650031005001","BB004","2021","CPV","09","06","50","031","005","001",107,11,36,0,0,29,0,1,10.2803738317757,0,0,0,3.44827586206897
96458,"090650021005002","BB004","2021","CPV","09","06","50","021","005","002",123,9,40,0,0,35,0,0,7.31707317073171,0,0,0,0
96459,"090650034011002","BB004","2021","CPV","09","06","50","034","011","002",66,3,23,0,0,17,0,0,4.54545454545455,0,0,0,0
96460,"090650034009019","BB004","2021","CPV","09","06","50","034","009","019",7,0,4,0,0,2,0,0,0,0,0,0,0
96461,"090650046007001","BB004","2021","CPV","09","06","50","046","007","001",83,4,33,0,0,24,1,3,4.81927710843374,0,0,4.16666666666667,12.5
96462,"090650046007002","BB004","2021","CPV","09","06","50","046","007","002",152,7,53,0,0,45,0,1,4.60526315789474,0,0,0,2.22222222222222
96463,"090650042008006","BB004","2021","CPV",NA,NA,NA,NA,NA,NA,0,0,0,0,0,0,0,0,NA,NA,NA,NA,NA
96464,"090650042003004","BB004","2021","CPV","09","06","50","042","003","004",60,2,29,0,0,21,0,0,3.33333333333333,0,0,0,0
96465,"090650037005009","BB004","2021","CPV",NA,NA,NA,NA,NA,NA,0,0,0,0,0,0,0,0,NA,NA,NA,NA,NA
96466,"090650042008005","BB004","2021","CPV","09","06","50","042","008","005",84,12,37,0,0,32,0,0,14.2857142857143,0,0,0,0
96467,"090650034009018","BB004","2021","CPV","09","06","50","034","009","018",0,0,2,0,0,0,0,0,NA,0,0,NA,NA
96468,"090650045001001","BB004","2021","CPV","09","06","50","045","001","001",79,7,22,0,0,20,1,1,8.86075949367089,0,0,5,5
96469,"090650034011009","BB004","2021","CPV","09","06","50","034","011","009",42,5,18,0,0,14,0,0,11.9047619047619,0,0,0,0
96470,"090650034009001","BB004","2021","CPV","09","06","50","034","009","001",26,2,11,0,0,7,0,0,7.69230769230769,0,0,0,0
96471,"090650034009002","BB004","2021","CPV","09","06","50","034","009","002",60,7,23,0,0,15,1,2,11.6666666666667,0,0,6.66666666666667,13.3333333333333
96472,"090650034009011","BB004","2021","CPV","09","06","50","034","009","011",20,2,12,0,0,6,0,0,10,0,0,0,0
96473,"090650045002001","BB004","2021","CPV","09","06","50","045","002","001",100,5,32,0,0,26,0,0,5,0,0,0,0
96474,"090650034011008","BB004","2021","CPV","09","06","50","034","011","008",33,4,22,0,0,14,0,6,12.1212121212121,0,0,0,42.8571428571429
96475,"090650940001002","BB004","2021","CPV","09","06","50","940","001","002",163,15,51,3,23,50,15,38,9.20245398773006,5.88235294117647,45.0980392156863,30,76
96476,"090650940001001","BB004","2021","CPV",NA,NA,NA,NA,NA,NA,0,0,0,0,0,0,0,0,NA,NA,NA,NA,NA
96477,"090650940001007","BB004","2021","CPV","09","06","50","940","001","007",3,0,3,0,0,2,0,1,0,0,0,0,50
96478,"090650940001006","BB004","2021","CPV","09","06","50","940","001","006",4,3,3,0,0,2,0,0,75,0,0,0,0
96479,"090650940002006","BB004","2021","CPV","09","06","50","940","002","006",21,4,9,0,0,7,1,3,19.047619047619,0,0,14.2857142857143,42.8571428571429
96480,"090650940001004","BB004","2021","CPV","09","06","50","940","001","004",26,1,10,0,0,11,1,3,3.84615384615385,0,0,9.09090909090909,27.2727272727273
96481,"090650940002004","BB004","2021","CPV","09","06","50","940","002","004",124,14,50,1,1,42,2,9,11.2903225806452,2,2,4.76190476190476,21.4285714285714
96482,"090650940002005","BB004","2021","CPV","09","06","50","940","002","005",56,9,21,0,0,17,3,7,16.0714285714286,0,0,17.6470588235294,41.1764705882353
96483,"090650041007005","BB004","2021","CPV","09","06","50","041","007","005",61,10,25,0,0,20,0,0,16.3934426229508,0,0,0,0
96484,"090650042001001","BB004","2021","CPV","09","06","50","042","001","001",46,9,16,0,0,13,0,0,19.5652173913043,0,0,0,0
96485,"090650940001005","BB004","2021","CPV","09","06","50","940","001","005",58,5,17,1,0,19,3,10,8.62068965517241,5.88235294117647,0,15.7894736842105,52.6315789473684
96486,"090650940001003","BB004","2021","CPV","09","06","50","940","001","003",0,0,1,0,0,0,0,0,NA,0,0,NA,NA
96487,"090650042004001","BB004","2021","CPV",NA,NA,NA,NA,NA,NA,0,0,0,0,0,0,0,0,NA,NA,NA,NA,NA
96488,"090650042004002","BB004","2021","CPV","09","06","50","042","004","002",168,18,70,1,1,57,0,3,10.7142857142857,1.42857142857143,1.42857142857143,0,5.26315789473684
96489,"090650042008002","BB004","2021","CPV","09","06","50","042","008","002",106,10,33,0,0,32,0,3,9.43396226415094,0,0,0,9.375
96490,"090650042003005","BB004","2021","CPV","09","06","50","042","003","005",36,9,16,0,0,14,0,0,25,0,0,0,0
96491,"090650030006012","BB004","2021","CPV","09","06","50","030","006","012",0,0,6,0,0,0,0,0,NA,0,0,NA,NA
96492,"090650023004001","BB004","2021","CPV","09","06","50","023","004","001",172,12,59,0,0,46,0,0,6.97674418604651,0,0,0,0
96493,"090650030006010","BB004","2021","CPV","09","06","50","030","006","010",0,0,17,0,0,0,0,0,NA,0,0,NA,NA
96494,"090650030006009","BB004","2021","CPV","09","06","50","030","006","009",0,0,18,0,0,0,0,0,NA,0,0,NA,NA
96495,"090650030006022","BB004","2021","CPV","09","06","50","030","006","022",0,0,6,0,0,0,0,0,NA,0,0,NA,NA
96496,"090650026007006","BB004","2021","CPV","09","06","50","026","007","006",41,1,16,0,0,12,0,0,2.4390243902439,0,0,0,0
96497,"090650032011005","BB004","2021","CPV","09","06","50","032","011","005",4,0,1,0,0,1,0,0,0,0,0,0,0
96498,"090650022007002","BB004","2021","CPV","09","06","50","022","007","002",71,6,19,0,0,18,0,0,8.45070422535211,0,0,0,0
96499,"090650022007001","BB004","2021","CPV","09","06","50","022","007","001",61,6,21,0,0,20,0,0,9.83606557377049,0,0,0,0
96500,"090650023004002","BB004","2021","CPV","09","06","50","023","004","002",74,7,26,0,0,20,0,0,9.45945945945946,0,0,0,0
96501,"090650030006021","BB004","2021","CPV","09","06","50","030","006","021",0,0,6,0,0,0,0,0,NA,0,0,NA,NA
96502,"090650021001003","BB004","2021","CPV","09","06","50","021","001","003",79,5,27,0,0,22,0,0,6.32911392405063,0,0,0,0
96503,"090650030006011","BB004","2021","CPV","09","06","50","030","006","011",0,0,4,0,0,0,0,0,NA,0,0,NA,NA
96504,"090650030006014","BB004","2021","CPV","09","06","50","030","006","014",0,0,3,0,0,0,0,0,NA,0,0,NA,NA
96505,"090650028008012","BB004","2021","CPV","09","06","50","028","008","012",27,1,12,0,0,8,0,0,3.7037037037037,0,0,0,0
96506,"090650030001005","BB004","2021","CPV","09","06","50","030","001","005",26,2,9,0,0,8,0,1,7.69230769230769,0,0,0,12.5
96507,"090650037005005","BB004","2021","CPV","09","06","50","037","005","005",16,2,5,0,0,4,0,0,12.5,0,0,0,0
96508,"090650037005007","BB004","2021","CPV","09","06","50","037","005","007",34,3,9,0,0,8,0,1,8.82352941176471,0,0,0,12.5
96509,"090650035009002","BB004","2021","CPV",NA,NA,NA,NA,NA,NA,0,0,0,0,0,0,0,0,NA,NA,NA,NA,NA
96510,"090650034009020","BB004","2021","CPV",NA,NA,NA,NA,NA,NA,0,0,0,0,0,0,0,0,NA,NA,NA,NA,NA
96511,"090650015006005","BB004","2021","CPV","09","06","50","015","006","005",8,0,12,0,0,5,0,1,0,0,0,0,20
96512,"090650040005002","BB004","2021","CPV","09","06","50","040","005","002",174,13,60,0,0,49,0,3,7.47126436781609,0,0,0,6.12244897959184
96513,"090650034011006","BB004","2021","CPV",NA,NA,NA,NA,NA,NA,0,0,0,0,0,0,0,0,NA,NA,NA,NA,NA
96514,"090650015006003","BB004","2021","CPV","09","06","50","015","006","003",51,1,39,0,0,25,0,0,1.96078431372549,0,0,0,0
96515,"090650028008010","BB004","2021","CPV","09","06","50","028","008","010",28,0,8,0,0,7,1,1,0,0,0,14.2857142857143,14.2857142857143
96516,"090650032011006","BB004","2021","CPV","09","06","50","032","011","006",8,2,4,0,0,2,0,0,25,0,0,0,0
96517,"090650028008008","BB004","2021","CPV","09","06","50","028","008","008",18,1,10,0,0,7,0,0,5.55555555555556,0,0,0,0
96518,"090650028008009","BB004","2021","CPV","09","06","50","028","008","009",20,1,10,0,0,6,0,1,5,0,0,0,16.6666666666667
96519,"090650028008001","BB004","2021","CPV","09","06","50","028","008","001",12,1,7,0,0,4,0,0,8.33333333333333,0,0,0,0
96520,"090650028008007","BB004","2021","CPV","09","06","50","028","008","007",11,1,5,0,0,3,1,1,9.09090909090909,0,0,33.3333333333333,33.3333333333333
96521,"090650036004018","BB004","2021","CPV",NA,NA,NA,NA,NA,NA,0,0,0,0,0,0,0,0,NA,NA,NA,NA,NA
96522,"090650029001004","BB004","2021","CPV","09","06","50","029","001","004",109,8,35,1,0,29,0,0,7.3394495412844,2.85714285714286,0,0,0
96523,"090650033001015","BB004","2021","CPV","09","06","50","033","001","015",8,1,4,0,0,3,0,0,12.5,0,0,0,0
96524,"090650033001013","BB004","2021","CPV","09","06","50","033","001","013",32,0,17,0,0,10,0,0,0,0,0,0,0
96525,"090650034001001","BB004","2021","CPV","09","06","50","034","001","001",180,15,64,0,0,52,0,0,8.33333333333333,0,0,0,0
96526,"090650033006001","BB004","2021","CPV","09","06","50","033","006","001",203,21,69,0,0,62,0,0,10.3448275862069,0,0,0,0
96527,"090650033001009","BB004","2021","CPV","09","06","50","033","001","009",41,0,14,0,0,11,0,0,0,0,0,0,0
96528,"090650033001011","BB004","2021","CPV","09","06","50","033","001","011",38,2,16,0,0,12,0,0,5.26315789473684,0,0,0,0
96529,"090650033001014","BB004","2021","CPV","09","06","50","033","001","014",10,2,4,0,0,3,0,0,20,0,0,0,0
96530,"090650033001008","BB004","2021","CPV","09","06","50","033","001","008",46,0,14,0,0,13,0,2,0,0,0,0,15.3846153846154
96531,"090650028005001","BB004","2021","CPV","09","06","50","028","005","001",42,6,14,0,0,10,0,0,14.2857142857143,0,0,0,0
96532,"090650027007006","BB004","2021","CPV","09","06","50","027","007","006",65,7,19,1,0,20,4,10,10.7692307692308,5.26315789473684,0,20,50
96533,"090650023002006","BB004","2021","CPV","09","06","50","023","002","006",57,6,19,0,0,16,0,0,10.5263157894737,0,0,0,0
96534,"090650025007002","BB004","2021","CPV","09","06","50","025","007","002",108,17,41,0,0,35,0,1,15.7407407407407,0,0,0,2.85714285714286
96535,"090650032012002","BB004","2021","CPV","09","06","50","032","012","002",167,10,50,0,0,41,0,0,5.98802395209581,0,0,0,0
96536,"090650034001003","BB004","2021","CPV","09","06","50","034","001","003",53,4,17,0,0,15,0,0,7.54716981132075,0,0,0,0
96537,"090650027007005","BB004","2021","CPV","09","06","50","027","007","005",108,8,32,1,7,34,5,12,7.40740740740741,3.125,21.875,14.7058823529412,35.2941176470588
96538,"090650038005001","BB004","2021","CPV",NA,NA,NA,NA,NA,NA,0,0,0,0,0,0,0,0,NA,NA,NA,NA,NA
96539,"090650021004001","BB004","2021","CPV","09","06","50","021","004","001",122,8,44,0,0,40,1,3,6.55737704918033,0,0,2.5,7.5
96540,"090650021006001","BB004","2021","CPV",NA,NA,NA,NA,NA,NA,0,0,0,0,0,0,0,0,NA,NA,NA,NA,NA
96541,"090650021006017","BB004","2021","CPV","09","06","50","021","006","017",92,10,25,0,0,24,0,0,10.8695652173913,0,0,0,0
96542,"090650021001001","BB004","2021","CPV",NA,NA,NA,NA,NA,NA,0,0,0,0,0,0,0,0,NA,NA,NA,NA,NA
96543,"090650021007001","BB004","2021","CPV","09","06","50","021","007","001",67,7,23,0,0,18,0,2,10.4477611940298,0,0,0,11.1111111111111
96544,"090650021006013","BB004","2021","CPV","09","06","50","021","006","013",16,0,14,0,0,7,0,0,0,0,0,0,0
96545,"090650020009005","BB004","2021","CPV","09","06","50","020","009","005",23,0,7,0,0,6,0,1,0,0,0,0,16.6666666666667
96546,"090650020009001","BB004","2021","CPV","09","06","50","020","009","001",33,3,20,0,0,11,0,1,9.09090909090909,0,0,0,9.09090909090909
96547,"090650025008005","BB004","2021","CPV",NA,NA,NA,NA,NA,NA,0,0,0,0,0,0,0,0,NA,NA,NA,NA,NA
96548,"090650023002003","BB004","2021","CPV","09","06","50","023","002","003",28,2,12,0,0,9,0,0,7.14285714285714,0,0,0,0
96549,"090650033001012","BB004","2021","CPV","09","06","50","033","001","012",38,2,15,0,0,13,0,2,5.26315789473684,0,0,0,15.3846153846154
96550,"090650033001010","BB004","2021","CPV","09","06","50","033","001","010",46,5,16,0,0,16,0,0,10.8695652173913,0,0,0,0
96551,"090650032003008","BB004","2021","CPV","09","06","50","032","003","008",17,1,9,0,0,7,0,0,5.88235294117647,0,0,0,0
96552,"090650028003002","BB004","2021","CPV","09","06","50","028","003","002",48,5,20,0,0,16,0,1,10.4166666666667,0,0,0,6.25
96553,"090650032003004","BB004","2021","CPV","09","06","50","032","003","004",43,2,24,0,0,18,0,0,4.65116279069767,0,0,0,0
96554,"090650032003006","BB004","2021","CPV","09","06","50","032","003","006",83,4,24,0,0,23,0,1,4.81927710843374,0,0,0,4.34782608695652
96555,"090650037005002","BB004","2021","CPV","09","06","50","037","005","002",6,2,5,0,0,2,0,0,33.3333333333333,0,0,0,0
96556,"090650037005001","BB004","2021","CPV","09","06","50","037","005","001",23,3,4,0,0,4,0,0,13.0434782608696,0,0,0,0
96557,"090650940002008","BB004","2021","CPV","09","06","50","940","002","008",41,8,15,1,1,14,2,6,19.5121951219512,6.66666666666667,6.66666666666667,14.2857142857143,42.8571428571429
96558,"090650940002009","BB004","2021","CPV","09","06","50","940","002","009",58,5,25,1,0,22,5,11,8.62068965517241,4,0,22.7272727272727,50
96559,"090650045005001","BB004","2021","CPV","09","06","50","045","005","001",92,10,38,0,0,30,0,0,10.8695652173913,0,0,0,0
96560,"090650045006004","BB004","2021","CPV","09","06","50","045","006","004",80,5,39,0,0,28,0,0,6.25,0,0,0,0
96561,"090650045007001","BB004","2021","CPV","09","06","50","045","007","001",61,7,19,0,0,18,0,0,11.4754098360656,0,0,0,0
96562,"090650045002004","BB004","2021","CPV","09","06","50","045","002","004",90,11,31,0,0,27,0,0,12.2222222222222,0,0,0,0
96563,"090650940002002","BB004","2021","CPV","09","06","50","940","002","002",36,3,14,0,5,12,3,8,8.33333333333333,0,35.7142857142857,25,66.6666666666667
96564,"090650940002003","BB004","2021","CPV","09","06","50","940","002","003",6,0,3,0,0,2,0,2,0,0,0,0,100
96565,"090650940001008","BB004","2021","CPV",NA,NA,NA,NA,NA,NA,0,0,0,0,0,0,0,0,NA,NA,NA,NA,NA
96566,"090650940002001","BB004","2021","CPV",NA,NA,NA,NA,NA,NA,0,0,0,0,0,0,0,0,NA,NA,NA,NA,NA
96567,"090650037005008","BB004","2021","CPV","09","06","50","037","005","008",12,4,6,0,0,4,0,0,33.3333333333333,0,0,0,0
96568,"090650940001009","BB004","2021","CPV","09","06","50","940","001","009",24,1,11,1,0,10,0,6,4.16666666666667,9.09090909090909,0,0,60
96569,"090650034009014","BB004","2021","CPV","09","06","50","034","009","014",15,1,7,0,0,5,0,0,6.66666666666667,0,0,0,0
96570,"090650034009004","BB004","2021","CPV","09","06","50","034","009","004",29,3,10,0,0,6,0,0,10.3448275862069,0,0,0,0
96571,"090650024007005","BB004","2021","CPV","09","06","50","024","007","005",18,3,5,0,0,5,0,0,16.6666666666667,0,0,0,0
96572,"090650021007005","BB004","2021","CPV","09","06","50","021","007","005",82,5,19,0,0,18,0,0,6.09756097560976,0,0,0,0
96573,"090650034010002","BB004","2021","CPV",NA,NA,NA,NA,NA,NA,0,0,0,0,0,0,0,0,NA,NA,NA,NA,NA
96574,"090650034009017","BB004","2021","CPV",NA,NA,NA,NA,NA,NA,0,0,0,0,0,0,0,0,NA,NA,NA,NA,NA
96575,"090650025010001","BB004","2021","CPV","09","06","50","025","010","001",58,3,19,0,7,16,2,10,5.17241379310345,0,36.8421052631579,12.5,62.5
96576,"090650021003005","BB004","2021","CPV","09","06","50","021","003","005",75,15,26,0,0,23,0,1,20,0,0,0,4.34782608695652
96577,"090650021007004","BB004","2021","CPV","09","06","50","021","007","004",70,4,20,0,0,19,0,0,5.71428571428571,0,0,0,0
96578,"090650021007006","BB004","2021","CPV",NA,NA,NA,NA,NA,NA,0,0,0,0,0,0,0,0,NA,NA,NA,NA,NA
96579,"090650044008001","BB004","2021","CPV","09","06","50","044","008","001",91,6,40,0,0,35,0,1,6.59340659340659,0,0,0,2.85714285714286
96580,"090650044008002","BB004","2021","CPV","09","06","50","044","008","002",116,8,45,0,0,38,0,1,6.89655172413793,0,0,0,2.63157894736842
96581,"090650045004003","BB004","2021","CPV","09","06","50","045","004","003",96,6,36,0,0,28,0,1,6.25,0,0,0,3.57142857142857
96582,"090650940002007","BB004","2021","CPV","09","06","50","940","002","007",95,6,32,2,1,28,4,12,6.31578947368421,6.25,3.125,14.2857142857143,42.8571428571429
96583,"090650034009022","BB004","2021","CPV",NA,NA,NA,NA,NA,NA,0,0,0,0,0,0,0,0,NA,NA,NA,NA,NA
96584,"090650034010001","BB004","2021","CPV","09","06","50","034","010","001",11,0,3,0,0,3,0,0,0,0,0,0,0
96585,"090650034009016","BB004","2021","CPV","09","06","50","034","009","016",12,0,5,0,0,3,0,0,0,0,0,0,0
96586,"090650034010003","BB004","2021","CPV","09","06","50","034","010","003",8,1,4,1,2,4,0,2,12.5,25,50,0,50
96587,"090650030010001","BB004","2021","CPV","09","06","50","030","010","001",73,3,20,0,0,19,0,0,4.10958904109589,0,0,0,0
96588,"090650030001002","BB004","2021","CPV","09","06","50","030","001","002",213,11,84,1,0,75,0,3,5.16431924882629,1.19047619047619,0,0,4
96589,"090650030010004","BB004","2021","CPV","09","06","50","030","010","004",58,2,26,0,0,24,0,0,3.44827586206897,0,0,0,0
96590,"090650030010003","BB004","2021","CPV","09","06","50","030","010","003",69,5,24,0,0,20,0,0,7.2463768115942,0,0,0,0
96591,"090650030001004","BB004","2021","CPV","09","06","50","030","001","004",12,3,4,0,0,3,0,0,25,0,0,0,0
96592,"090650023003002","BB004","2021","CPV","09","06","50","023","003","002",167,16,53,0,0,44,0,2,9.58083832335329,0,0,0,4.54545454545455
96593,"090650030003001","BB004","2021","CPV","09","06","50","030","003","001",35,3,14,0,0,10,0,0,8.57142857142857,0,0,0,0
96594,"090650030001003","BB004","2021","CPV",NA,NA,NA,NA,NA,NA,0,0,0,0,0,0,0,0,NA,NA,NA,NA,NA
96595,"090650034008017","BB004","2021","CPV","09","06","50","034","008","017",9,0,3,1,0,3,0,1,0,33.3333333333333,0,0,33.3333333333333
96596,"090650024002008","BB004","2021","CPV","09","06","50","024","002","008",5,0,2,0,0,2,0,0,0,0,0,0,0
96597,"090650035003004","BB004","2021","CPV",NA,NA,NA,NA,NA,NA,0,0,0,0,0,0,0,0,NA,NA,NA,NA,NA
96598,"090650034008019","BB004","2021","CPV","09","06","50","034","008","019",24,1,9,0,0,6,0,0,4.16666666666667,0,0,0,0
96599,"090650045005003","BB004","2021","CPV","09","06","50","045","005","003",127,16,52,0,0,47,0,0,12.5984251968504,0,0,0,0
96600,"090650030006025","BB004","2021","CPV","09","06","50","030","006","025",0,0,24,0,0,0,0,0,NA,0,0,NA,NA
96601,"090650039004001","BB004","2021","CPV","09","06","50","039","004","001",52,2,17,0,0,16,1,1,3.84615384615385,0,0,6.25,6.25
96602,"090650046004003","BB004","2021","CPV","09","06","50","046","004","003",28,3,10,0,0,8,0,0,10.7142857142857,0,0,0,0
96603,"090650030006017","BB004","2021","CPV","09","06","50","030","006","017",0,0,4,0,0,0,0,0,NA,0,0,NA,NA
96604,"090650034008014","BB004","2021","CPV","09","06","50","034","008","014",11,2,8,0,0,5,0,0,18.1818181818182,0,0,0,0
96605,"090650030001001","BB004","2021","CPV","09","06","50","030","001","001",14,3,6,0,0,4,0,0,21.4285714285714,0,0,0,0
96606,"090650032009003","BB004","2021","CPV","09","06","50","032","009","003",56,5,22,0,0,17,0,0,8.92857142857143,0,0,0,0
96607,"090650026003026","BB004","2021","CPV","09","06","50","026","003","026",51,2,28,0,0,13,0,0,3.92156862745098,0,0,0,0
96608,"090650026005006","BB004","2021","CPV",NA,NA,NA,NA,NA,NA,0,0,0,0,0,0,0,0,NA,NA,NA,NA,NA
96609,"090650024002001","BB004","2021","CPV","09","06","50","024","002","001",45,9,16,0,0,12,0,0,20,0,0,0,0
96610,"090650026003029","BB004","2021","CPV","09","06","50","026","003","029",6,1,15,0,0,2,0,0,16.6666666666667,0,0,0,0
96611,"090650031010005","BB004","2021","CPV","09","06","50","031","010","005",76,10,25,0,0,20,0,0,13.1578947368421,0,0,0,0
96612,"090650031010009","BB004","2021","CPV","09","06","50","031","010","009",29,3,10,0,0,10,0,0,10.3448275862069,0,0,0,0
96613,"090650031011002","BB004","2021","CPV","09","06","50","031","011","002",143,6,60,0,0,48,0,1,4.1958041958042,0,0,0,2.08333333333333
96614,"090650031011001","BB004","2021","CPV","09","06","50","031","011","001",117,8,45,0,0,36,0,1,6.83760683760684,0,0,0,2.77777777777778
96615,"090650031012003","BB004","2021","CPV","09","06","50","031","012","003",35,1,10,0,0,10,0,0,2.85714285714286,0,0,0,0
96616,"090650031012004","BB004","2021","CPV","09","06","50","031","012","004",31,5,12,1,1,10,0,1,16.1290322580645,8.33333333333333,8.33333333333333,0,10
96617,"090650024002004","BB004","2021","CPV","09","06","50","024","002","004",65,7,19,0,0,16,1,2,10.7692307692308,0,0,6.25,12.5
96618,"090650031012002","BB004","2021","CPV","09","06","50","031","012","002",185,15,59,1,0,51,0,1,8.10810810810811,1.69491525423729,0,0,1.96078431372549
96619,"090650031001010","BB004","2021","CPV","09","06","50","031","001","010",9,0,4,0,0,2,0,0,0,0,0,0,0
96620,"090650042001003","BB004","2021","CPV","09","06","50","042","001","003",71,3,24,0,0,20,0,1,4.22535211267606,0,0,0,5
96621,"090650030006013","BB004","2021","CPV","09","06","50","030","006","013",0,0,6,0,0,0,0,0,NA,0,0,NA,NA
96622,"090650030006016","BB004","2021","CPV","09","06","50","030","006","016",0,0,6,0,0,0,0,0,NA,0,0,NA,NA
96623,"090650034008013","BB004","2021","CPV","09","06","50","034","008","013",32,4,12,0,0,10,0,0,12.5,0,0,0,0
96624,"090650044002004","BB004","2021","CPV","09","06","50","044","002","004",97,4,40,0,0,31,0,1,4.12371134020619,0,0,0,3.2258064516129
96625,"090650046004001","BB004","2021","CPV","09","06","50","046","004","001",36,4,11,0,0,10,0,1,11.1111111111111,0,0,0,10
96626,"090650034008015","BB004","2021","CPV",NA,NA,NA,NA,NA,NA,0,0,0,0,0,0,0,0,NA,NA,NA,NA,NA
96627,"090650031001001","BB004","2021","CPV","09","06","50","031","001","001",100,5,29,0,0,25,2,4,5,0,0,8,16
96628,"090650031001006","BB004","2021","CPV","09","06","50","031","001","006",10,1,2,0,0,2,0,0,10,0,0,0,0
96629,"090650025001007","BB004","2021","CPV","09","06","50","025","001","007",54,3,20,0,0,19,0,0,5.55555555555556,0,0,0,0
96630,"090650031001002","BB004","2021","CPV",NA,NA,NA,NA,NA,NA,0,0,0,0,0,0,0,0,NA,NA,NA,NA,NA
96631,"090650031001011","BB004","2021","CPV","09","06","50","031","001","011",0,0,1,0,0,0,0,0,NA,0,0,NA,NA
96632,"090650024002006","BB004","2021","CPV","09","06","50","024","002","006",80,16,22,0,0,22,0,1,20,0,0,0,4.54545454545455
96633,"090650031001004","BB004","2021","CPV",NA,NA,NA,NA,NA,NA,0,0,0,0,0,0,0,0,NA,NA,NA,NA,NA
96634,"090650031001013","BB004","2021","CPV",NA,NA,NA,NA,NA,NA,0,0,0,0,0,0,0,0,NA,NA,NA,NA,NA
96635,"090650035003002","BB004","2021","CPV",NA,NA,NA,NA,NA,NA,0,0,0,0,0,0,0,0,NA,NA,NA,NA,NA
96636,"090650041001004","BB004","2021","CPV","09","06","50","041","001","004",76,5,26,0,0,24,0,1,6.57894736842105,0,0,0,4.16666666666667
96637,"090650035003005","BB004","2021","CPV","09","06","50","035","003","005",67,6,22,0,0,18,0,0,8.95522388059701,0,0,0,0
96638,"090650033002005","BB004","2021","CPV","09","06","50","033","002","005",89,9,24,0,0,20,0,0,10.1123595505618,0,0,0,0
96639,"090650044006001","BB004","2021","CPV","09","06","50","044","006","001",19,0,7,0,0,6,0,0,0,0,0,0,0
96640,"090650039007001","BB004","2021","CPV","09","06","50","039","007","001",87,4,33,0,0,27,0,0,4.59770114942529,0,0,0,0
96641,"090650042001005","BB004","2021","CPV","09","06","50","042","001","005",69,6,26,0,0,19,0,0,8.69565217391304,0,0,0,0
96642,"090650044007001","BB004","2021","CPV","09","06","50","044","007","001",48,6,16,0,0,14,0,0,12.5,0,0,0,0
96643,"090650042001002","BB004","2021","CPV","09","06","50","042","001","002",80,4,27,0,0,23,0,1,5,0,0,0,4.34782608695652
96644,"090650033002001","BB004","2021","CPV","09","06","50","033","002","001",39,5,15,0,0,11,0,0,12.8205128205128,0,0,0,0
96645,"090650038010002","BB004","2021","CPV","09","06","50","038","010","002",138,7,55,0,0,47,0,8,5.07246376811594,0,0,0,17.0212765957447
96646,"090650044003004","BB004","2021","CPV","09","06","50","044","003","004",84,5,32,0,0,27,0,1,5.95238095238095,0,0,0,3.7037037037037
96647,"090650044002002","BB004","2021","CPV","09","06","50","044","002","002",43,2,23,0,0,14,0,0,4.65116279069767,0,0,0,0
96648,"090650044006002","BB004","2021","CPV","09","06","50","044","006","002",81,6,48,0,0,39,0,2,7.40740740740741,0,0,0,5.12820512820513
96649,"090650044003001","BB004","2021","CPV","09","06","50","044","003","001",92,5,31,1,0,27,0,1,5.43478260869565,3.2258064516129,0,0,3.7037037037037
96650,"090650044002003","BB004","2021","CPV","09","06","50","044","002","003",86,1,36,0,0,27,0,0,1.16279069767442,0,0,0,0
96651,"090650040009005","BB004","2021","CPV","09","06","50","040","009","005",60,7,22,0,0,18,2,2,11.6666666666667,0,0,11.1111111111111,11.1111111111111
96652,"090650041001001","BB004","2021","CPV",NA,NA,NA,NA,NA,NA,0,0,0,0,0,0,0,0,NA,NA,NA,NA,NA
96653,"090650038004005","BB004","2021","CPV","09","06","50","038","004","005",81,10,26,0,0,24,0,1,12.3456790123457,0,0,0,4.16666666666667
96654,"090650040009004","BB004","2021","CPV","09","06","50","040","009","004",50,7,20,0,0,17,0,0,14,0,0,0,0
96655,"090650035004001","BB004","2021","CPV","09","06","50","035","004","001",107,10,30,0,0,28,0,2,9.34579439252336,0,0,0,7.14285714285714
96656,"090650039008002","BB004","2021","CPV","09","06","50","039","008","002",104,3,34,0,0,26,0,0,2.88461538461538,0,0,0,0
96657,"090650041001002","BB004","2021","CPV","09","06","50","041","001","002",123,8,41,0,0,38,1,1,6.50406504065041,0,0,2.63157894736842,2.63157894736842
96658,"090650034007003","BB004","2021","CPV","09","06","50","034","007","003",78,11,44,0,0,26,0,2,14.1025641025641,0,0,0,7.69230769230769
96659,"090650034008002","BB004","2021","CPV","09","06","50","034","008","002",15,1,9,0,0,6,0,0,6.66666666666667,0,0,0,0
96660,"090650034007005","BB004","2021","CPV","09","06","50","034","007","005",40,4,17,1,1,14,0,2,10,5.88235294117647,5.88235294117647,0,14.2857142857143
96661,"090650034008003","BB004","2021","CPV","09","06","50","034","008","003",14,1,7,0,0,6,0,0,7.14285714285714,0,0,0,0
96662,"090650034007006","BB004","2021","CPV","09","06","50","034","007","006",6,0,2,0,0,2,0,0,0,0,0,0,0
96663,"090650040007001","BB004","2021","CPV","09","06","50","040","007","001",45,5,20,0,0,16,0,0,11.1111111111111,0,0,0,0
96664,"090650038003004","BB004","2021","CPV","09","06","50","038","003","004",25,4,9,0,0,9,0,0,16,0,0,0,0
96665,"090650034008007","BB004","2021","CPV","09","06","50","034","008","007",22,0,7,0,0,6,0,0,0,0,0,0,0
96666,"090650040007006","BB004","2021","CPV","09","06","50","040","007","006",29,2,11,0,0,9,0,0,6.89655172413793,0,0,0,0
96667,"090650030006024","BB004","2021","CPV","09","06","50","030","006","024",0,0,6,0,0,0,0,0,NA,0,0,NA,NA
96668,"090650030006015","BB004","2021","CPV","09","06","50","030","006","015",0,0,6,0,0,0,0,0,NA,0,0,NA,NA
96669,"090650030006023","BB004","2021","CPV","09","06","50","030","006","023",0,0,6,0,0,0,0,0,NA,0,0,NA,NA
96670,"090650030010005","BB004","2021","CPV","09","06","50","030","010","005",53,2,24,0,0,20,0,0,3.77358490566038,0,0,0,0
96671,"090650021001002","BB004","2021","CPV","09","06","50","021","001","002",78,6,23,0,0,22,0,0,7.69230769230769,0,0,0,0
96672,"090650030005002","BB004","2021","CPV","09","06","50","030","005","002",10,3,9,0,0,4,0,0,30,0,0,0,0
96673,"090650028008011","BB004","2021","CPV","09","06","50","028","008","011",15,1,10,0,0,6,0,0,6.66666666666667,0,0,0,0
96674,"090650030005016","BB004","2021","CPV","09","06","50","030","005","016",42,2,19,0,0,11,0,0,4.76190476190476,0,0,0,0
96675,"090650040001003","BB004","2021","CPV","09","06","50","040","001","003",158,6,53,0,0,46,0,0,3.79746835443038,0,0,0,0
96676,"090650041001007","BB004","2021","CPV","09","06","50","041","001","007",78,8,26,0,0,25,0,1,10.2564102564103,0,0,0,4
96677,"090650042001006","BB004","2021","CPV","09","06","50","042","001","006",88,5,29,0,0,27,0,0,5.68181818181818,0,0,0,0
96678,"090650038003002","BB004","2021","CPV","09","06","50","038","003","002",122,6,43,0,0,35,0,0,4.91803278688525,0,0,0,0
96679,"090650023007007","BB004","2021","CPV","09","06","50","023","007","007",55,4,18,0,0,15,0,0,7.27272727272727,0,0,0,0
96680,"090650029002001","BB004","2021","CPV","09","06","50","029","002","001",138,8,44,0,0,39,0,1,5.79710144927536,0,0,0,2.56410256410256
96681,"090650041001003","BB004","2021","CPV",NA,NA,NA,NA,NA,NA,0,0,0,0,0,0,0,0,NA,NA,NA,NA,NA
96682,"090650030010006","BB004","2021","CPV","09","06","50","030","010","006",64,2,25,0,0,21,0,1,3.125,0,0,0,4.76190476190476
96683,"090650034009008","BB004","2021","CPV","09","06","50","034","009","008",17,1,5,0,0,3,0,0,5.88235294117647,0,0,0,0
96684,"090650034009005","BB004","2021","CPV","09","06","50","034","009","005",28,1,12,0,0,8,0,0,3.57142857142857,0,0,0,0
96685,"090650034008018","BB004","2021","CPV","09","06","50","034","008","018",0,0,1,0,0,0,0,0,NA,0,0,NA,NA
96686,"090650034009007","BB004","2021","CPV","09","06","50","034","009","007",31,2,12,0,0,9,0,0,6.45161290322581,0,0,0,0
96687,"090650034005005","BB004","2021","CPV","09","06","50","034","005","005",95,14,46,0,0,31,0,0,14.7368421052632,0,0,0,0
96688,"090650034009009","BB004","2021","CPV","09","06","50","034","009","009",13,0,10,0,0,4,0,0,0,0,0,0,0
96689,"090650034009006","BB004","2021","CPV","09","06","50","034","009","006",17,2,13,0,0,7,0,0,11.7647058823529,0,0,0,0
96690,"090650034009010","BB004","2021","CPV","09","06","50","034","009","010",7,0,2,0,0,2,0,0,0,0,0,0,0
96691,"090650025009004","BB004","2021","CPV","09","06","50","025","009","004",88,8,26,0,0,25,0,0,9.09090909090909,0,0,0,0
96692,"090650027004002","BB004","2021","CPV","09","06","50","027","004","002",51,3,17,0,0,14,0,0,5.88235294117647,0,0,0,0
96693,"090650026007009","BB004","2021","CPV","09","06","50","026","007","009",166,8,65,0,0,51,0,1,4.81927710843374,0,0,0,1.96078431372549
96694,"090650026005004","BB004","2021","CPV","09","06","50","026","005","004",51,2,18,0,0,16,0,0,3.92156862745098,0,0,0,0
96695,"090650032004003","BB004","2021","CPV","09","06","50","032","004","003",104,6,37,0,0,33,0,0,5.76923076923077,0,0,0,0
96696,"090650026005002","BB004","2021","CPV","09","06","50","026","005","002",70,4,28,0,0,25,0,0,5.71428571428571,0,0,0,0
96697,"090650023001002","BB004","2021","CPV","09","06","50","023","001","002",56,0,19,0,0,16,0,0,0,0,0,0,0
96698,"090650024002010","BB004","2021","CPV","09","06","50","024","002","010",18,3,9,0,0,5,0,0,16.6666666666667,0,0,0,0
96699,"090650040001004","BB004","2021","CPV","09","06","50","040","001","004",140,17,51,1,0,46,0,2,12.1428571428571,1.96078431372549,0,0,4.34782608695652
96700,"090650034008008","BB004","2021","CPV","09","06","50","034","008","008",8,0,3,0,0,3,0,0,0,0,0,0,0
96701,"090650036003002","BB004","2021","CPV","09","06","50","036","003","002",127,8,45,0,0,40,0,0,6.2992125984252,0,0,0,0
96702,"090650044001002","BB004","2021","CPV","09","06","50","044","001","002",67,6,25,0,0,22,0,0,8.95522388059701,0,0,0,0
96703,"090650034007001","BB004","2021","CPV","09","06","50","034","007","001",46,7,21,0,0,14,0,3,15.2173913043478,0,0,0,21.4285714285714
96704,"090650034003009","BB004","2021","CPV","09","06","50","034","003","009",44,3,20,2,7,14,1,7,6.81818181818182,10,35,7.14285714285714,50
96705,"090650034008004","BB004","2021","CPV","09","06","50","034","008","004",6,0,5,0,0,2,0,0,0,0,0,0,0
96706,"090650034008005","BB004","2021","CPV","09","06","50","034","008","005",15,1,3,0,0,3,0,0,6.66666666666667,0,0,0,0
96707,"090650034008020","BB004","2021","CPV","09","06","50","034","008","020",13,1,3,0,0,3,0,0,7.69230769230769,0,0,0,0
96708,"090650043006005","BB004","2021","CPV",NA,NA,NA,NA,NA,NA,0,0,0,0,0,0,0,0,NA,NA,NA,NA,NA
96709,"090650034008001","BB004","2021","CPV","09","06","50","034","008","001",34,1,11,0,0,9,2,2,2.94117647058824,0,0,22.2222222222222,22.2222222222222
96710,"090650034008021","BB004","2021","CPV","09","06","50","034","008","021",189,12,57,1,0,51,6,10,6.34920634920635,1.75438596491228,0,11.7647058823529,19.6078431372549
96711,"090650034003007","BB004","2021","CPV","09","06","50","034","003","007",18,2,5,0,0,5,1,2,11.1111111111111,0,0,20,40
96712,"090650036003003","BB004","2021","CPV","09","06","50","036","003","003",137,10,42,0,0,36,0,0,7.2992700729927,0,0,0,0
96713,"090650043006004","BB004","2021","CPV","09","06","50","043","006","004",65,10,31,0,0,25,0,0,15.3846153846154,0,0,0,0
96714,"090650044009002","BB004","2021","CPV","09","06","50","044","009","002",98,5,33,0,0,27,0,1,5.10204081632653,0,0,0,3.7037037037037
96715,"090650030005009","BB004","2021","CPV",NA,NA,NA,NA,NA,NA,0,0,0,0,0,0,0,0,NA,NA,NA,NA,NA
96716,"090650030005010","BB004","2021","CPV",NA,NA,NA,NA,NA,NA,0,0,0,0,0,0,0,0,NA,NA,NA,NA,NA
96717,"090650028009003","BB004","2021","CPV","09","06","50","028","009","003",58,8,22,0,0,16,0,0,13.7931034482759,0,0,0,0
96718,"090650028009001","BB004","2021","CPV",NA,NA,NA,NA,NA,NA,0,0,0,0,0,0,0,0,NA,NA,NA,NA,NA
96719,"090650030005008","BB004","2021","CPV","09","06","50","030","005","008",34,2,12,0,0,10,0,0,5.88235294117647,0,0,0,0
96720,"090650030005007","BB004","2021","CPV","09","06","50","030","005","007",13,0,11,0,0,4,0,0,0,0,0,0,0
96721,"090650030003010","BB004","2021","CPV",NA,NA,NA,NA,NA,NA,0,0,0,0,0,0,0,0,NA,NA,NA,NA,NA
96722,"090650030005004","BB004","2021","CPV",NA,NA,NA,NA,NA,NA,0,0,0,0,0,0,0,0,NA,NA,NA,NA,NA
96723,"090650030003006","BB004","2021","CPV","09","06","50","030","003","006",33,4,12,0,0,8,0,0,12.1212121212121,0,0,0,0
96724,"090650032011004","BB004","2021","CPV","09","06","50","032","011","004",17,0,6,0,0,5,0,2,0,0,0,0,40
96725,"090650021002002","BB004","2021","CPV","09","06","50","021","002","002",68,11,20,0,0,20,0,0,16.1764705882353,0,0,0,0
96726,"090650025005007","BB004","2021","CPV","09","06","50","025","005","007",98,4,31,2,0,26,0,2,4.08163265306122,6.45161290322581,0,0,7.69230769230769
96727,"090650030003002","BB004","2021","CPV","09","06","50","030","003","002",29,2,12,0,0,11,0,0,6.89655172413793,0,0,0,0
96728,"090650030003009","BB004","2021","CPV","09","06","50","030","003","009",30,3,11,0,0,10,0,0,10,0,0,0,0
96729,"090650032001003","BB004","2021","CPV","09","06","50","032","001","003",32,1,14,0,0,9,0,0,3.125,0,0,0,0
96730,"090650030002001","BB004","2021","CPV","09","06","50","030","002","001",44,2,10,0,0,10,0,0,4.54545454545455,0,0,0,0
96731,"090650040002001","BB004","2021","CPV","09","06","50","040","002","001",63,10,28,0,0,23,0,2,15.8730158730159,0,0,0,8.69565217391304
96732,"090650039005002","BB004","2021","CPV","09","06","50","039","005","002",53,7,23,0,0,18,0,0,13.2075471698113,0,0,0,0
96733,"090650039008003","BB004","2021","CPV","09","06","50","039","008","003",142,12,52,0,0,44,0,1,8.45070422535211,0,0,0,2.27272727272727
96734,"090650040004001","BB004","2021","CPV","09","06","50","040","004","001",137,17,52,0,0,44,0,1,12.4087591240876,0,0,0,2.27272727272727
96735,"090650042001004","BB004","2021","CPV","09","06","50","042","001","004",62,2,29,0,0,21,0,1,3.2258064516129,0,0,0,4.76190476190476
96736,"090650025005001","BB004","2021","CPV","09","06","50","025","005","001",68,5,28,0,0,20,0,2,7.35294117647059,0,0,0,10
96737,"090650039005001","BB004","2021","CPV","09","06","50","039","005","001",127,12,46,0,0,40,0,1,9.44881889763779,0,0,0,2.5
96738,"090650039006001","BB004","2021","CPV","09","06","50","039","006","001",52,6,18,0,0,15,0,0,11.5384615384615,0,0,0,0
96739,"090650030005011","BB004","2021","CPV","09","06","50","030","005","011",12,0,3,0,0,3,0,1,0,0,0,0,33.3333333333333
96740,"090650030005005","BB004","2021","CPV","09","06","50","030","005","005",2,0,6,0,0,1,0,0,0,0,0,0,0
96741,"090650030005006","BB004","2021","CPV","09","06","50","030","005","006",0,0,12,0,0,0,0,0,NA,0,0,NA,NA
96742,"090650030005012","BB004","2021","CPV",NA,NA,NA,NA,NA,NA,0,0,0,0,0,0,0,0,NA,NA,NA,NA,NA
96743,"090650044009003","BB004","2021","CPV","09","06","50","044","009","003",94,9,30,0,0,26,0,1,9.57446808510638,0,0,0,3.84615384615385
96744,"090650044009001","BB004","2021","CPV","09","06","50","044","009","001",102,5,37,0,0,32,0,0,4.90196078431373,0,0,0,0
96745,"090650038012004","BB004","2021","CPV","09","06","50","038","012","004",111,10,46,0,0,41,0,3,9.00900900900901,0,0,0,7.31707317073171
96746,"090650038012003","BB004","2021","CPV","09","06","50","038","012","003",133,6,43,1,0,37,0,0,4.51127819548872,2.32558139534884,0,0,0
96747,"090650034005004","BB004","2021","CPV","09","06","50","034","005","004",65,7,31,0,0,21,0,0,10.7692307692308,0,0,0,0
96748,"090650034005003","BB004","2021","CPV","09","06","50","034","005","003",54,2,21,0,0,14,0,1,3.7037037037037,0,0,0,7.14285714285714
96749,"090650041001006","BB004","2021","CPV","09","06","50","041","001","006",97,6,33,0,0,27,0,0,6.18556701030928,0,0,0,0
96750,"090650034003011","BB004","2021","CPV",NA,NA,NA,NA,NA,NA,0,0,0,0,0,0,0,0,NA,NA,NA,NA,NA
96751,"090650041001005","BB004","2021","CPV","09","06","50","041","001","005",139,12,45,0,0,41,0,2,8.63309352517986,0,0,0,4.8780487804878
96752,"090650044001006","BB004","2021","CPV","09","06","50","044","001","006",32,0,15,0,0,12,0,2,0,0,0,0,16.6666666666667
96753,"090650034010012","BB004","2021","CPV",NA,NA,NA,NA,NA,NA,0,0,0,0,0,0,0,0,NA,NA,NA,NA,NA
96754,"090650039006005","BB004","2021","CPV","09","06","50","039","006","005",121,11,39,0,0,35,0,0,9.09090909090909,0,0,0,0
96755,"090650034012006","BB004","2021","CPV","09","06","50","034","012","006",95,15,48,0,0,37,0,4,15.7894736842105,0,0,0,10.8108108108108
96756,"090650034010009","BB004","2021","CPV",NA,NA,NA,NA,NA,NA,0,0,0,0,0,0,0,0,NA,NA,NA,NA,NA
96757,"090650034005001","BB004","2021","CPV","09","06","50","034","005","001",89,7,31,0,0,26,0,0,7.86516853932584,0,0,0,0
96758,"090650034010006","BB004","2021","CPV","09","06","50","034","010","006",36,2,12,0,0,10,0,0,5.55555555555556,0,0,0,0
96759,"090650039006004","BB004","2021","CPV","09","06","50","039","006","004",148,5,39,0,0,36,2,2,3.37837837837838,0,0,5.55555555555556,5.55555555555556
96760,"090650039006002","BB004","2021","CPV","09","06","50","039","006","002",99,3,28,0,0,26,0,0,3.03030303030303,0,0,0,0
96761,"090650034010004","BB004","2021","CPV","09","06","50","034","010","004",72,5,47,1,2,23,0,2,6.94444444444444,2.12765957446809,4.25531914893617,0,8.69565217391304
96762,"090650034010010","BB004","2021","CPV",NA,NA,NA,NA,NA,NA,0,0,0,0,0,0,0,0,NA,NA,NA,NA,NA
96763,"090650032001007","BB004","2021","CPV","09","06","50","032","001","007",54,10,16,0,0,15,0,0,18.5185185185185,0,0,0,0
96764,"090650032001001","BB004","2021","CPV","09","06","50","032","001","001",51,3,15,0,10,15,1,11,5.88235294117647,0,66.6666666666667,6.66666666666667,73.3333333333333
96765,"090650032001005","BB004","2021","CPV","09","06","50","032","001","005",55,1,19,0,1,18,0,1,1.81818181818182,0,5.26315789473684,0,5.55555555555556
96766,"090650032001006","BB004","2021","CPV","09","06","50","032","001","006",21,0,7,0,0,6,0,0,0,0,0,0,0
96767,"090650021005003","BB004","2021","CPV","09","06","50","021","005","003",76,5,28,0,0,21,0,1,6.57894736842105,0,0,0,4.76190476190476
96768,"090650021002004","BB004","2021","CPV","09","06","50","021","002","004",48,0,16,0,0,14,0,0,0,0,0,0,0
96769,"090650032001002","BB004","2021","CPV","09","06","50","032","001","002",36,3,16,0,0,11,0,1,8.33333333333333,0,0,0,9.09090909090909
96770,"090650032002005","BB004","2021","CPV","09","06","50","032","002","005",65,4,28,0,0,23,0,0,6.15384615384615,0,0,0,0
96771,"090650034003008","BB004","2021","CPV","09","06","50","034","003","008",1,1,1,0,0,1,0,1,100,0,0,0,100
96772,"090650043006001","BB004","2021","CPV","09","06","50","043","006","001",76,8,27,0,0,24,0,0,10.5263157894737,0,0,0,0
96773,"090650044001005","BB004","2021","CPV","09","06","50","044","001","005",36,5,23,0,0,13,0,2,13.8888888888889,0,0,0,15.3846153846154
96774,"090650038012002","BB004","2021","CPV",NA,NA,NA,NA,NA,NA,0,0,0,0,0,0,0,0,NA,NA,NA,NA,NA
96775,"090650025006002","BB004","2021","CPV","09","06","50","025","006","002",80,4,24,1,0,25,1,3,5,4.16666666666667,0,4,12
96776,"090650025006004","BB004","2021","CPV","09","06","50","025","006","004",54,4,18,0,0,15,0,0,7.40740740740741,0,0,0,0
96777,"090650038012001","BB004","2021","CPV","09","06","50","038","012","001",18,4,9,0,0,8,0,0,22.2222222222222,0,0,0,0
96778,"090650039008001","BB004","2021","CPV","09","06","50","039","008","001",115,7,35,0,0,31,0,0,6.08695652173913,0,0,0,0
96779,"090650030007003","BB004","2021","CPV","09","06","50","030","007","003",44,3,16,0,0,13,0,0,6.81818181818182,0,0,0,0
96780,"090650031005007","BB004","2021","CPV",NA,NA,NA,NA,NA,NA,0,0,0,0,0,0,0,0,NA,NA,NA,NA,NA
96781,"090650032008002","BB004","2021","CPV",NA,NA,NA,NA,NA,NA,0,0,0,0,0,0,0,0,NA,NA,NA,NA,NA
96782,"090650030008007","BB004","2021","CPV","09","06","50","030","008","007",140,8,44,0,0,39,0,0,5.71428571428571,0,0,0,0
96783,"090650021006003","BB004","2021","CPV","09","06","50","021","006","003",6,1,2,0,0,2,0,0,16.6666666666667,0,0,0,0
96784,"090650028009004","BB004","2021","CPV","09","06","50","028","009","004",49,3,24,0,0,16,1,1,6.12244897959184,0,0,6.25,6.25
96785,"090650022004004","BB004","2021","CPV","09","06","50","022","004","004",5,0,3,0,0,1,0,0,0,0,0,0,0
96786,"090650021006002","BB004","2021","CPV",NA,NA,NA,NA,NA,NA,0,0,0,0,0,0,0,0,NA,NA,NA,NA,NA
96787,"090650026008004","BB004","2021","CPV","09","06","50","026","008","004",11,1,6,0,0,3,0,0,9.09090909090909,0,0,0,0
96788,"090650032011002","BB004","2021","CPV",NA,NA,NA,NA,NA,NA,0,0,0,0,0,0,0,0,NA,NA,NA,NA,NA
96789,"090650027010001","BB004","2021","CPV","09","06","50","027","010","001",153,11,52,3,2,43,7,16,7.18954248366013,5.76923076923077,3.84615384615385,16.2790697674419,37.2093023255814
96790,"090650026008001","BB004","2021","CPV","09","06","50","026","008","001",51,3,23,0,0,17,0,0,5.88235294117647,0,0,0,0
96791,"090650022004001","BB004","2021","CPV","09","06","50","022","004","001",121,4,44,0,0,35,0,1,3.30578512396694,0,0,0,2.85714285714286
96792,"090650032008007","BB004","2021","CPV","09","06","50","032","008","007",54,3,21,0,0,17,0,0,5.55555555555556,0,0,0,0
96793,"090650026008003","BB004","2021","CPV","09","06","50","026","008","003",60,3,29,0,0,20,0,1,5,0,0,0,5
96794,"090650027005002","BB004","2021","CPV","09","06","50","027","005","002",49,10,23,0,0,18,0,0,20.4081632653061,0,0,0,0
96795,"090650030006018","BB004","2021","CPV","09","06","50","030","006","018",0,0,17,0,0,0,0,0,NA,0,0,NA,NA
96796,"090650025009003","BB004","2021","CPV","09","06","50","025","009","003",76,7,27,0,0,22,0,0,9.21052631578947,0,0,0,0
96797,"090650030006020","BB004","2021","CPV","09","06","50","030","006","020",0,0,11,0,0,0,0,0,NA,0,0,NA,NA
96798,"090650030006019","BB004","2021","CPV",NA,NA,NA,NA,NA,NA,0,0,0,0,0,0,0,0,NA,NA,NA,NA,NA
96799,"090650031001009","BB004","2021","CPV",NA,NA,NA,NA,NA,NA,0,0,0,0,0,0,0,0,NA,NA,NA,NA,NA
96800,"090650027003006","BB004","2021","CPV","09","06","50","027","003","006",45,3,10,0,0,8,4,4,6.66666666666667,0,0,50,50
96801,"090650025001004","BB004","2021","CPV","09","06","50","025","001","004",53,2,20,0,0,17,0,0,3.77358490566038,0,0,0,0
96802,"090650024002005","BB004","2021","CPV","09","06","50","024","002","005",2,2,2,0,0,1,0,0,100,0,0,0,0
96803,"090650021002001","BB004","2021","CPV","09","06","50","021","002","001",109,10,31,0,0,28,0,1,9.1743119266055,0,0,0,3.57142857142857
96804,"090650021001004","BB004","2021","CPV","09","06","50","021","001","004",122,11,38,0,0,35,0,1,9.01639344262295,0,0,0,2.85714285714286
96805,"090650032008001","BB004","2021","CPV","09","06","50","032","008","001",63,4,22,0,0,17,0,0,6.34920634920635,0,0,0,0
96806,"090650020009006","BB004","2021","CPV","09","06","50","020","009","006",119,7,40,0,0,35,0,0,5.88235294117647,0,0,0,0
96807,"090650025001006","BB004","2021","CPV","09","06","50","025","001","006",57,2,24,0,0,20,0,0,3.50877192982456,0,0,0,0
96808,"090650032007001","BB004","2021","CPV","09","06","50","032","007","001",43,4,15,0,1,15,0,1,9.30232558139535,0,6.66666666666667,0,6.66666666666667
96809,"090650036003005","BB004","2021","CPV","09","06","50","036","003","005",27,4,8,0,0,8,0,0,14.8148148148148,0,0,0,0
96810,"090650045007003","BB004","2021","CPV","09","06","50","045","007","003",74,5,29,0,0,20,0,1,6.75675675675676,0,0,0,5
96811,"090650046002001","BB004","2021","CPV","09","06","50","046","002","001",148,3,58,0,0,46,0,0,2.02702702702703,0,0,0,0
96812,"090650028009002","BB004","2021","CPV","09","06","50","028","009","002",30,3,13,1,0,12,0,1,10,7.69230769230769,0,0,8.33333333333333
96813,"090650024008002","BB004","2021","CPV","09","06","50","024","008","002",232,9,89,0,0,68,0,3,3.87931034482759,0,0,0,4.41176470588235
96814,"090650046002003","BB004","2021","CPV","09","06","50","046","002","003",113,4,58,0,0,38,1,2,3.53982300884956,0,0,2.63157894736842,5.26315789473684
96815,"090650025005004","BB004","2021","CPV",NA,NA,NA,NA,NA,NA,0,0,0,0,0,0,0,0,NA,NA,NA,NA,NA
96816,"090650031010006","BB004","2021","CPV","09","06","50","031","010","006",63,4,20,0,0,17,0,1,6.34920634920635,0,0,0,5.88235294117647
96817,"090650025005002","BB004","2021","CPV","09","06","50","025","005","002",39,0,16,3,0,12,0,0,0,18.75,0,0,0
96818,"090650025005003","BB004","2021","CPV","09","06","50","025","005","003",92,5,30,2,0,25,0,1,5.43478260869565,6.66666666666667,0,0,4
96819,"090650046001004","BB004","2021","CPV","09","06","50","046","001","004",32,0,13,0,0,10,0,0,0,0,0,0,0
96820,"090650046001002","BB004","2021","CPV","09","06","50","046","001","002",155,3,55,0,0,41,0,0,1.93548387096774,0,0,0,0
96821,"090650028003004","BB004","2021","CPV","09","06","50","028","003","004",41,2,15,0,0,13,0,0,4.8780487804878,0,0,0,0
96822,"090650046001006","BB004","2021","CPV",NA,NA,NA,NA,NA,NA,0,0,0,0,0,0,0,0,NA,NA,NA,NA,NA
96823,"090650045007005","BB004","2021","CPV","09","06","50","045","007","005",31,0,11,0,0,9,0,1,0,0,0,0,11.1111111111111
96824,"090650024001001","BB004","2021","CPV","09","06","50","024","001","001",371,41,110,0,0,96,1,1,11.0512129380054,0,0,1.04166666666667,1.04166666666667
96825,"090650035004003","BB004","2021","CPV","09","06","50","035","004","003",163,17,50,0,0,50,2,10,10.4294478527607,0,0,4,20
96826,"090650035004006","BB004","2021","CPV",NA,NA,NA,NA,NA,NA,0,0,0,0,0,0,0,0,NA,NA,NA,NA,NA
96827,"090650025005005","BB004","2021","CPV","09","06","50","025","005","005",98,2,33,0,0,32,0,2,2.04081632653061,0,0,0,6.25
96828,"090650025005006","BB004","2021","CPV","09","06","50","025","005","006",51,2,19,0,0,14,0,1,3.92156862745098,0,0,0,7.14285714285714
96829,"090650021009006","BB004","2021","CPV","09","06","50","021","009","006",54,10,26,0,0,19,0,0,18.5185185185185,0,0,0,0
96830,"090650021008007","BB004","2021","CPV","09","06","50","021","008","007",132,8,44,0,0,37,0,3,6.06060606060606,0,0,0,8.10810810810811
96831,"090650026008005","BB004","2021","CPV","09","06","50","026","008","005",45,4,17,0,0,13,0,0,8.88888888888889,0,0,0,0
96832,"090650028001004","BB004","2021","CPV","09","06","50","028","001","004",46,4,18,0,0,17,0,0,8.69565217391304,0,0,0,0
96833,"090650032008003","BB004","2021","CPV","09","06","50","032","008","003",36,0,12,0,0,11,1,2,0,0,0,9.09090909090909,18.1818181818182
96834,"090650026008002","BB004","2021","CPV","09","06","50","026","008","002",54,3,26,0,0,18,0,0,5.55555555555556,0,0,0,0
96835,"090650029005002","BB004","2021","CPV","09","06","50","029","005","002",122,7,49,1,0,47,0,4,5.73770491803279,2.04081632653061,0,0,8.51063829787234
96836,"090650021006015","BB004","2021","CPV","09","06","50","021","006","015",2,0,1,0,0,1,0,0,0,0,0,0,0
96837,"090650031010002","BB004","2021","CPV",NA,NA,NA,NA,NA,NA,0,0,0,0,0,0,0,0,NA,NA,NA,NA,NA
96838,"090650029005001","BB004","2021","CPV","09","06","50","029","005","001",116,12,45,1,0,37,0,2,10.3448275862069,2.22222222222222,0,0,5.40540540540541
96839,"090650025006005","BB004","2021","CPV","09","06","50","025","006","005",54,4,17,3,0,14,0,1,7.40740740740741,17.6470588235294,0,0,7.14285714285714
96840,"090650032011003","BB004","2021","CPV","09","06","50","032","011","003",17,0,8,0,0,6,0,0,0,0,0,0,0
96841,"090650028003007","BB004","2021","CPV","09","06","50","028","003","007",89,8,29,0,0,26,0,0,8.98876404494382,0,0,0,0
96842,"090650025006001","BB004","2021","CPV","09","06","50","025","006","001",48,11,21,0,0,18,0,0,22.9166666666667,0,0,0,0
96843,"090650017008003","BB004","2021","CPV",NA,NA,NA,NA,NA,NA,0,0,0,0,0,0,0,0,NA,NA,NA,NA,NA
96844,"090650018006004","BB004","2021","CPV","09","06","50","018","006","004",93,6,32,0,0,28,0,0,6.45161290322581,0,0,0,0
96845,"090650018006005","BB004","2021","CPV","09","06","50","018","006","005",126,10,44,3,0,39,0,3,7.93650793650794,6.81818181818182,0,0,7.69230769230769
96846,"090650020009003","BB004","2021","CPV","09","06","50","020","009","003",59,6,24,0,0,20,0,0,10.1694915254237,0,0,0,0
96847,"090650020007003","BB004","2021","CPV","09","06","50","020","007","003",74,2,27,0,0,23,0,0,2.7027027027027,0,0,0,0
96848,"090650019001002","BB004","2021","CPV","09","06","50","019","001","002",111,5,35,0,0,31,0,0,4.5045045045045,0,0,0,0
96849,"090650020007004","BB004","2021","CPV","09","06","50","020","007","004",70,3,21,0,0,21,0,0,4.28571428571429,0,0,0,0
96850,"090650020007002","BB004","2021","CPV","09","06","50","020","007","002",12,0,5,0,0,3,0,0,0,0,0,0,0
96851,"090650016002002","BB004","2021","CPV",NA,NA,NA,NA,NA,NA,0,0,0,0,0,0,0,0,NA,NA,NA,NA,NA
96852,"090650017011002","BB004","2021","CPV","09","06","50","017","011","002",139,9,50,0,0,42,0,1,6.47482014388489,0,0,0,2.38095238095238
96853,"090650016002005","BB004","2021","CPV","09","06","50","016","002","005",132,13,46,0,0,42,0,1,9.84848484848485,0,0,0,2.38095238095238
96854,"090650020001004","BB004","2021","CPV","09","06","50","020","001","004",92,1,33,0,0,25,0,2,1.08695652173913,0,0,0,8
96855,"090650017004006","BB004","2021","CPV","09","06","50","017","004","006",54,1,18,0,0,15,0,0,1.85185185185185,0,0,0,0
96856,"090650018006002","BB004","2021","CPV",NA,NA,NA,NA,NA,NA,0,0,0,0,0,0,0,0,NA,NA,NA,NA,NA
96857,"090650017004005","BB004","2021","CPV",NA,NA,NA,NA,NA,NA,0,0,0,0,0,0,0,0,NA,NA,NA,NA,NA
96858,"090650020002001","BB004","2021","CPV","09","06","50","020","002","001",103,8,38,0,0,33,0,0,7.76699029126214,0,0,0,0
96859,"090650019007002","BB004","2021","CPV","09","06","50","019","007","002",67,3,24,0,0,21,0,0,4.47761194029851,0,0,0,0
96860,"090650028007007","BB004","2021","CPV","09","06","50","028","007","007",19,2,10,0,0,5,0,0,10.5263157894737,0,0,0,0
96861,"090650028007008","BB004","2021","CPV","09","06","50","028","007","008",25,1,10,0,0,7,0,0,4,0,0,0,0
96862,"090650019007004","BB004","2021","CPV","09","06","50","019","007","004",142,5,43,0,0,39,0,1,3.52112676056338,0,0,0,2.56410256410256
96863,"090650028005004","BB004","2021","CPV","09","06","50","028","005","004",22,0,10,0,0,7,0,0,0,0,0,0,0
96864,"090650028007001","BB004","2021","CPV",NA,NA,NA,NA,NA,NA,0,0,0,0,0,0,0,0,NA,NA,NA,NA,NA
96865,"090650028007005","BB004","2021","CPV","09","06","50","028","007","005",19,1,11,0,0,7,0,0,5.26315789473684,0,0,0,0
96866,"090650028006006","BB004","2021","CPV","09","06","50","028","006","006",133,7,48,0,1,43,0,3,5.26315789473684,0,2.08333333333333,0,6.97674418604651
96867,"090650019004002","BB004","2021","CPV","09","06","50","019","004","002",64,3,23,0,0,21,0,0,4.6875,0,0,0,0
96868,"090650019004001","BB004","2021","CPV","09","06","50","019","004","001",76,1,18,0,0,17,0,0,1.31578947368421,0,0,0,0
96869,"090650019001001","BB004","2021","CPV",NA,NA,NA,NA,NA,NA,0,0,0,0,0,0,0,0,NA,NA,NA,NA,NA
96870,"090650031009001","BB004","2021","CPV","09","06","50","031","009","001",158,12,63,0,0,52,0,1,7.59493670886076,0,0,0,1.92307692307692
96871,"090650028007012","BB004","2021","CPV","09","06","50","028","007","012",14,2,4,0,0,4,0,0,14.2857142857143,0,0,0,0
96872,"090650028007011","BB004","2021","CPV","09","06","50","028","007","011",27,5,10,0,2,10,0,3,18.5185185185185,0,20,0,30
96873,"090650020007001","BB004","2021","CPV","09","06","50","020","007","001",60,6,18,0,0,17,0,0,10,0,0,0,0
96874,"090650020007005","BB004","2021","CPV","09","06","50","020","007","005",50,1,18,0,0,14,0,0,2,0,0,0,0
96875,"090650017001024","BB004","2021","CPV",NA,NA,NA,NA,NA,NA,0,0,0,0,0,0,0,0,NA,NA,NA,NA,NA
96876,"090650016003002","BB004","2021","CPV","09","06","50","016","003","002",119,3,49,0,0,36,0,2,2.52100840336134,0,0,0,5.55555555555556
96877,"090650016001008","BB004","2021","CPV","09","06","50","016","001","008",52,4,14,0,0,14,0,0,7.69230769230769,0,0,0,0
96878,"090650017001022","BB004","2021","CPV","09","06","50","017","001","022",31,1,16,0,0,10,0,0,3.2258064516129,0,0,0,0
96879,"090650017011003","BB004","2021","CPV","09","06","50","017","011","003",77,4,49,0,0,37,0,2,5.19480519480519,0,0,0,5.40540540540541
96880,"090650017001019","BB004","2021","CPV","09","06","50","017","001","019",49,8,30,0,0,21,0,0,16.3265306122449,0,0,0,0
96881,"090650016002001","BB004","2021","CPV","09","06","50","016","002","001",185,8,66,0,0,59,2,2,4.32432432432432,0,0,3.38983050847458,3.38983050847458
96882,"090650017001025","BB004","2021","CPV","09","06","50","017","001","025",0,0,12,0,0,0,0,0,NA,0,0,NA,NA
96883,"090650017011001","BB004","2021","CPV","09","06","50","017","011","001",66,9,29,0,0,24,0,0,13.6363636363636,0,0,0,0
96884,"090650017007001","BB004","2021","CPV","09","06","50","017","007","001",83,4,31,0,0,27,0,0,4.81927710843374,0,0,0,0
96885,"090650017012005","BB004","2021","CPV","09","06","50","017","012","005",49,6,23,0,0,17,0,1,12.2448979591837,0,0,0,5.88235294117647
96886,"090650017012001","BB004","2021","CPV","09","06","50","017","012","001",69,7,24,0,0,21,0,0,10.1449275362319,0,0,0,0
96887,"090650016009001","BB004","2021","CPV",NA,NA,NA,NA,NA,NA,0,0,0,0,0,0,0,0,NA,NA,NA,NA,NA
96888,"090650016001005","BB004","2021","CPV","09","06","50","016","001","005",111,4,33,0,0,27,0,0,3.6036036036036,0,0,0,0
96889,"090650017007004","BB004","2021","CPV","09","06","50","017","007","004",70,6,27,0,0,24,0,0,8.57142857142857,0,0,0,0
96890,"090650016009004","BB004","2021","CPV","09","06","50","016","009","004",41,2,18,0,0,13,0,0,4.8780487804878,0,0,0,0
96891,"090650027001017","BB004","2021","CPV","09","06","50","027","001","017",50,3,21,0,0,16,0,0,6,0,0,0,0
96892,"090650023006004","BB004","2021","CPV","09","06","50","023","006","004",61,4,19,0,0,17,0,1,6.55737704918033,0,0,0,5.88235294117647
96893,"090650019001003","BB004","2021","CPV","09","06","50","019","001","003",159,6,41,0,0,40,0,0,3.77358490566038,0,0,0,0
96894,"090650019009004","BB004","2021","CPV","09","06","50","019","009","004",123,6,45,0,0,37,0,1,4.8780487804878,0,0,0,2.7027027027027
96895,"090650017004008","BB004","2021","CPV",NA,NA,NA,NA,NA,NA,0,0,0,0,0,0,0,0,NA,NA,NA,NA,NA
96896,"090650020002004","BB004","2021","CPV","09","06","50","020","002","004",95,2,37,0,0,24,0,1,2.10526315789474,0,0,0,4.16666666666667
96897,"090650023006005","BB004","2021","CPV","09","06","50","023","006","005",52,8,20,0,0,14,0,1,15.3846153846154,0,0,0,7.14285714285714
96898,"090650017004007","BB004","2021","CPV","09","06","50","017","004","007",76,6,27,0,0,24,0,3,7.89473684210526,0,0,0,12.5
96899,"090650017001015","BB004","2021","CPV","09","06","50","017","001","015",41,6,21,0,0,17,0,1,14.6341463414634,0,0,0,5.88235294117647
96900,"090650017001010","BB004","2021","CPV",NA,NA,NA,NA,NA,NA,0,0,0,0,0,0,0,0,NA,NA,NA,NA,NA
96901,"090650017001003","BB004","2021","CPV",NA,NA,NA,NA,NA,NA,0,0,0,0,0,0,0,0,NA,NA,NA,NA,NA
96902,"090650017001004","BB004","2021","CPV","09","06","50","017","001","004",45,3,49,0,0,16,0,0,6.66666666666667,0,0,0,0
96903,"090650019001006","BB004","2021","CPV",NA,NA,NA,NA,NA,NA,0,0,0,0,0,0,0,0,NA,NA,NA,NA,NA
96904,"090650019001004","BB004","2021","CPV","09","06","50","019","001","004",136,2,44,0,0,40,0,2,1.47058823529412,0,0,0,5
96905,"090650017002001","BB004","2021","CPV","09","06","50","017","002","001",184,15,71,0,0,58,0,1,8.15217391304348,0,0,0,1.72413793103448
96906,"090650020007006","BB004","2021","CPV","09","06","50","020","007","006",110,8,34,0,0,30,0,0,7.27272727272727,0,0,0,0
96907,"090650016006001","BB004","2021","CPV","09","06","50","016","006","001",74,7,35,0,0,25,0,2,9.45945945945946,0,0,0,8
96908,"090650016003004","BB004","2021","CPV",NA,NA,NA,NA,NA,NA,0,0,0,0,0,0,0,0,NA,NA,NA,NA,NA
96909,"090650016001004","BB004","2021","CPV",NA,NA,NA,NA,NA,NA,0,0,0,0,0,0,0,0,NA,NA,NA,NA,NA
96910,"090650016005001","BB004","2021","CPV","09","06","50","016","005","001",95,6,29,0,0,26,0,1,6.31578947368421,0,0,0,3.84615384615385
96911,"090650017005002","BB004","2021","CPV","09","06","50","017","005","002",88,2,33,0,0,25,0,0,2.27272727272727,0,0,0,0
96912,"090650017005005","BB004","2021","CPV","09","06","50","017","005","005",40,1,16,0,0,13,0,0,2.5,0,0,0,0
96913,"090650016004003","BB004","2021","CPV","09","06","50","016","004","003",119,4,35,0,0,33,0,2,3.36134453781513,0,0,0,6.06060606060606
96914,"090650016004001","BB004","2021","CPV","09","06","50","016","004","001",71,5,18,0,0,18,0,0,7.04225352112676,0,0,0,0
96915,"090650016004002","BB004","2021","CPV","09","06","50","016","004","002",171,11,51,0,0,44,0,0,6.4327485380117,0,0,0,0
96916,"090650018004003","BB004","2021","CPV","09","06","50","018","004","003",85,5,30,0,0,23,0,0,5.88235294117647,0,0,0,0
96917,"090650018006001","BB004","2021","CPV","09","06","50","018","006","001",87,7,28,1,0,23,0,0,8.04597701149425,3.57142857142857,0,0,0
96918,"090650018007003","BB004","2021","CPV","09","06","50","018","007","003",148,9,48,0,0,39,0,1,6.08108108108108,0,0,0,2.56410256410256
96919,"090650018007001","BB004","2021","CPV","09","06","50","018","007","001",87,7,33,0,0,29,0,0,8.04597701149425,0,0,0,0
96920,"090650018008001","BB004","2021","CPV","09","06","50","018","008","001",77,6,22,0,0,20,0,0,7.79220779220779,0,0,0,0
96921,"090650018010003","BB004","2021","CPV","09","06","50","018","010","003",110,7,33,0,0,28,0,0,6.36363636363636,0,0,0,0
96922,"090650018010004","BB004","2021","CPV",NA,NA,NA,NA,NA,NA,0,0,0,0,0,0,0,0,NA,NA,NA,NA,NA
96923,"090650035003003","BB004","2021","CPV","09","06","50","035","003","003",76,15,24,0,0,23,0,0,19.7368421052632,0,0,0,0
96924,"090650039004002","BB004","2021","CPV","09","06","50","039","004","002",139,7,42,0,0,34,0,2,5.03597122302158,0,0,0,5.88235294117647
96925,"090650034010014","BB004","2021","CPV","09","06","50","034","010","014",222,14,55,2,2,54,7,11,6.30630630630631,3.63636363636364,3.63636363636364,12.962962962963,20.3703703703704
96926,"090650034010008","BB004","2021","CPV","09","06","50","034","010","008",28,8,13,0,0,9,0,0,28.5714285714286,0,0,0,0
96927,"090650034012007","BB004","2021","CPV",NA,NA,NA,NA,NA,NA,0,0,0,0,0,0,0,0,NA,NA,NA,NA,NA
96928,"090650034005002","BB004","2021","CPV","09","06","50","034","005","002",44,3,22,0,0,15,0,0,6.81818181818182,0,0,0,0
96929,"090650042006001","BB004","2021","CPV","09","06","50","042","006","001",180,15,51,0,0,46,0,2,8.33333333333333,0,0,0,4.34782608695652
96930,"090650042007004","BB004","2021","CPV","09","06","50","042","007","004",54,2,15,0,0,14,0,2,3.7037037037037,0,0,0,14.2857142857143
96931,"090650019005005","BB004","2021","CPV","09","06","50","019","005","005",143,7,46,0,0,41,0,0,4.89510489510489,0,0,0,0
96932,"090650017001020","BB004","2021","CPV","09","06","50","017","001","020",39,2,18,0,0,13,0,0,5.12820512820513,0,0,0,0
96933,"090650019006003","BB004","2021","CPV","09","06","50","019","006","003",139,6,42,0,0,37,0,2,4.31654676258993,0,0,0,5.40540540540541
96934,"090650017001027","BB004","2021","CPV",NA,NA,NA,NA,NA,NA,0,0,0,0,0,0,0,0,NA,NA,NA,NA,NA
96935,"090650042003003","BB004","2021","CPV","09","06","50","042","003","003",83,10,24,0,0,22,0,0,12.0481927710843,0,0,0,0
96936,"090650034010005","BB004","2021","CPV","09","06","50","034","010","005",28,2,14,0,0,7,0,0,7.14285714285714,0,0,0,0
96937,"090650019005004","BB004","2021","CPV","09","06","50","019","005","004",80,8,27,0,0,23,1,1,10,0,0,4.34782608695652,4.34782608695652
96938,"090650019005003","BB004","2021","CPV","09","06","50","019","005","003",65,4,27,0,0,20,0,0,6.15384615384615,0,0,0,0
96939,"090650032005016","BB004","2021","CPV","09","06","50","032","005","016",19,0,6,0,0,6,0,0,0,0,0,0,0
96940,"090650032005017","BB004","2021","CPV","09","06","50","032","005","017",24,4,11,0,9,9,0,9,16.6666666666667,0,81.8181818181818,0,100
96941,"090650027001014","BB004","2021","CPV","09","06","50","027","001","014",52,2,23,0,0,15,0,0,3.84615384615385,0,0,0,0
96942,"090650032005018","BB004","2021","CPV",NA,NA,NA,NA,NA,NA,0,0,0,0,0,0,0,0,NA,NA,NA,NA,NA
96943,"090650028007010","BB004","2021","CPV","09","06","50","028","007","010",27,0,10,0,0,7,0,1,0,0,0,0,14.2857142857143
96944,"090650028007003","BB004","2021","CPV","09","06","50","028","007","003",33,3,10,0,0,9,0,0,9.09090909090909,0,0,0,0
96945,"090650016007002","BB004","2021","CPV","09","06","50","016","007","002",158,14,56,0,0,52,0,0,8.86075949367089,0,0,0,0
96946,"090650028007002","BB004","2021","CPV","09","06","50","028","007","002",13,1,10,0,0,4,0,0,7.69230769230769,0,0,0,0
96947,"090650028009006","BB004","2021","CPV","09","06","50","028","009","006",14,3,6,0,0,5,0,0,21.4285714285714,0,0,0,0
96948,"090650028009007","BB004","2021","CPV","09","06","50","028","009","007",55,9,18,0,2,19,0,2,16.3636363636364,0,11.1111111111111,0,10.5263157894737
96949,"090650028007013","BB004","2021","CPV","09","06","50","028","007","013",50,5,17,0,0,14,0,0,10,0,0,0,0
96950,"090650027002004","BB004","2021","CPV","09","06","50","027","002","004",49,3,15,0,0,14,2,3,6.12244897959184,0,0,14.2857142857143,21.4285714285714
96951,"090650027001016","BB004","2021","CPV","09","06","50","027","001","016",42,6,23,0,0,14,0,0,14.2857142857143,0,0,0,0
96952,"090650027001004","BB004","2021","CPV",NA,NA,NA,NA,NA,NA,0,0,0,0,0,0,0,0,NA,NA,NA,NA,NA
96953,"090650023006006","BB004","2021","CPV","09","06","50","023","006","006",35,4,16,0,0,13,0,0,11.4285714285714,0,0,0,0
96954,"090650023006007","BB004","2021","CPV",NA,NA,NA,NA,NA,NA,0,0,0,0,0,0,0,0,NA,NA,NA,NA,NA
96955,"090650019006004","BB004","2021","CPV","09","06","50","019","006","004",122,12,45,0,0,35,0,2,9.83606557377049,0,0,0,5.71428571428571
96956,"090650017005003","BB004","2021","CPV","09","06","50","017","005","003",99,7,38,0,0,31,0,0,7.07070707070707,0,0,0,0
96957,"090650017001005","BB004","2021","CPV","09","06","50","017","001","005",57,0,92,0,0,23,0,0,0,0,0,0,0
96958,"090650017001002","BB004","2021","CPV",NA,NA,NA,NA,NA,NA,0,0,0,0,0,0,0,0,NA,NA,NA,NA,NA
96959,"090650017002004","BB004","2021","CPV","09","06","50","017","002","004",15,0,13,0,0,4,0,0,0,0,0,0,0
96960,"090650018005005","BB004","2021","CPV","09","06","50","018","005","005",86,4,32,0,0,27,0,0,4.65116279069767,0,0,0,0
96961,"090650018009001","BB004","2021","CPV","09","06","50","018","009","001",158,12,45,0,0,43,0,1,7.59493670886076,0,0,0,2.32558139534884
96962,"090650018009005","BB004","2021","CPV","09","06","50","018","009","005",65,0,21,0,0,18,0,1,0,0,0,0,5.55555555555556
96963,"090650023006001","BB004","2021","CPV","09","06","50","023","006","001",153,19,59,0,0,50,0,3,12.4183006535948,0,0,0,6
96964,"090650023005001","BB004","2021","CPV","09","06","50","023","005","001",337,36,130,0,0,103,1,1,10.6824925816024,0,0,0.970873786407767,0.970873786407767
96965,"090650023009005","BB004","2021","CPV","09","06","50","023","009","005",161,23,54,0,0,51,0,5,14.2857142857143,0,0,0,9.80392156862745
96966,"090650023008005","BB004","2021","CPV","09","06","50","023","008","005",45,3,18,0,0,16,0,0,6.66666666666667,0,0,0,0
96967,"090650017001026","BB004","2021","CPV",NA,NA,NA,NA,NA,NA,0,0,0,0,0,0,0,0,NA,NA,NA,NA,NA
96968,"090650017001001","BB004","2021","CPV",NA,NA,NA,NA,NA,NA,0,0,0,0,0,0,0,0,NA,NA,NA,NA,NA
96969,"090650020004006","BB004","2021","CPV","09","06","50","020","004","006",88,2,32,0,0,24,0,0,2.27272727272727,0,0,0,0
96970,"090650018004002","BB004","2021","CPV","09","06","50","018","004","002",166,8,54,0,0,45,1,2,4.81927710843374,0,0,2.22222222222222,4.44444444444444
96971,"090650036003001","BB004","2021","CPV","09","06","50","036","003","001",39,7,10,0,0,10,0,0,17.9487179487179,0,0,0,0
96972,"090650036003004","BB004","2021","CPV","09","06","50","036","003","004",94,4,33,0,0,25,0,0,4.25531914893617,0,0,0,0
96973,"090650044007005","BB004","2021","CPV",NA,NA,NA,NA,NA,NA,0,0,0,0,0,0,0,0,NA,NA,NA,NA,NA
96974,"090650044006003","BB004","2021","CPV","09","06","50","044","006","003",73,5,44,0,0,30,0,1,6.84931506849315,0,0,0,3.33333333333333
96975,"090650036003006","BB004","2021","CPV","09","06","50","036","003","006",19,0,6,0,0,6,0,0,0,0,0,0,0
96976,"090650046002002","BB004","2021","CPV","09","06","50","046","002","002",71,1,36,0,0,22,0,0,1.40845070422535,0,0,0,0
96977,"090650038003001","BB004","2021","CPV","09","06","50","038","003","001",99,3,34,0,0,29,1,1,3.03030303030303,0,0,3.44827586206897,3.44827586206897
96978,"090650043006002","BB004","2021","CPV","09","06","50","043","006","002",66,8,25,0,0,19,0,0,12.1212121212121,0,0,0,0
96979,"090650045007006","BB004","2021","CPV","09","06","50","045","007","006",140,9,47,0,0,41,0,0,6.42857142857143,0,0,0,0
96980,"090650046007004","BB004","2021","CPV","09","06","50","046","007","004",103,6,38,0,0,31,0,0,5.8252427184466,0,0,0,0
96981,"090650046003005","BB004","2021","CPV","09","06","50","046","003","005",37,1,28,0,0,15,1,1,2.7027027027027,0,0,6.66666666666667,6.66666666666667
96982,"090650045007007","BB004","2021","CPV",NA,NA,NA,NA,NA,NA,0,0,0,0,0,0,0,0,NA,NA,NA,NA,NA
96983,"090650044005004","BB004","2021","CPV",NA,NA,NA,NA,NA,NA,0,0,0,0,0,0,0,0,NA,NA,NA,NA,NA
96984,"090650044007002","BB004","2021","CPV","09","06","50","044","007","002",126,16,48,0,0,39,0,0,12.6984126984127,0,0,0,0
96985,"090650045007002","BB004","2021","CPV","09","06","50","045","007","002",122,11,36,0,0,32,0,1,9.01639344262295,0,0,0,3.125
96986,"090650044009004","BB004","2021","CPV","09","06","50","044","009","004",110,11,43,0,0,34,0,1,10,0,0,0,2.94117647058824
96987,"090650027001008","BB004","2021","CPV",NA,NA,NA,NA,NA,NA,0,0,0,0,0,0,0,0,NA,NA,NA,NA,NA
96988,"090650027002001","BB004","2021","CPV","09","06","50","027","002","001",95,6,29,0,0,23,2,4,6.31578947368421,0,0,8.69565217391304,17.3913043478261
96989,"090650046003003","BB004","2021","CPV","09","06","50","046","003","003",106,2,48,0,0,32,0,0,1.88679245283019,0,0,0,0
96990,"090650038006002","BB004","2021","CPV","09","06","50","038","006","002",72,8,34,0,0,25,0,1,11.1111111111111,0,0,0,4
96991,"090650027005001","BB004","2021","CPV","09","06","50","027","005","001",39,3,25,0,0,18,0,0,7.69230769230769,0,0,0,0
96992,"090650027001002","BB004","2021","CPV","09","06","50","027","001","002",0,0,6,0,0,0,0,0,NA,0,0,NA,NA
96993,"090650027002002","BB004","2021","CPV","09","06","50","027","002","002",105,5,36,1,1,30,5,9,4.76190476190476,2.77777777777778,2.77777777777778,16.6666666666667,30
96994,"090650027002003","BB004","2021","CPV","09","06","50","027","002","003",136,4,36,2,0,35,7,9,2.94117647058824,5.55555555555556,0,20,25.7142857142857
96995,"090650044001003","BB004","2021","CPV","09","06","50","044","001","003",90,7,47,0,0,45,0,7,7.77777777777778,0,0,0,15.5555555555556
96996,"090650043006003","BB004","2021","CPV","09","06","50","043","006","003",74,8,28,0,0,22,0,0,10.8108108108108,0,0,0,0
96997,"090650046001005","BB004","2021","CPV","09","06","50","046","001","005",31,0,14,0,0,10,0,0,0,0,0,0,0
96998,"090650044001004","BB004","2021","CPV","09","06","50","044","001","004",82,1,31,0,0,26,0,3,1.21951219512195,0,0,0,11.5384615384615
96999,"090650040003002","BB004","2021","CPV","09","06","50","040","003","002",175,10,60,0,0,53,0,1,5.71428571428571,0,0,0,1.88679245283019
97000,"090650040003003","BB004","2021","CPV","09","06","50","040","003","003",165,11,59,0,0,49,0,1,6.66666666666667,0,0,0,2.04081632653061
97001,"090650037007017","BB004","2021","CPV","09","06","50","037","007","017",0,0,3,0,0,0,0,0,NA,0,0,NA,NA
97002,"090650037007018","BB004","2021","CPV","09","06","50","037","007","018",0,0,1,0,0,0,0,0,NA,0,0,NA,NA
97003,"090650017010006","BB004","2021","CPV","09","06","50","017","010","006",112,5,47,0,0,32,0,0,4.46428571428571,0,0,0,0
97004,"090650018001002","BB004","2021","CPV","09","06","50","018","001","002",162,6,47,0,0,43,0,0,3.7037037037037,0,0,0,0
97005,"090650018008004","BB004","2021","CPV",NA,NA,NA,NA,NA,NA,0,0,0,0,0,0,0,0,NA,NA,NA,NA,NA
97006,"090650017010001","BB004","2021","CPV",NA,NA,NA,NA,NA,NA,0,0,0,0,0,0,0,0,NA,NA,NA,NA,NA
97007,"090650017005004","BB004","2021","CPV","09","06","50","017","005","004",48,3,20,0,0,14,0,0,6.25,0,0,0,0
97008,"090650017001009","BB004","2021","CPV","09","06","50","017","001","009",32,1,15,0,0,8,0,0,3.125,0,0,0,0
97009,"090650018004001","BB004","2021","CPV","09","06","50","018","004","001",140,14,52,0,0,43,0,0,10,0,0,0,0
97010,"090650020006003","BB004","2021","CPV","09","06","50","020","006","003",92,10,32,0,0,26,0,0,10.8695652173913,0,0,0,0
97011,"090650016002003","BB004","2021","CPV","09","06","50","016","002","003",70,4,24,0,0,21,0,0,5.71428571428571,0,0,0,0
97012,"090650018001003","BB004","2021","CPV","09","06","50","018","001","003",179,7,57,0,0,53,1,1,3.91061452513966,0,0,1.88679245283019,1.88679245283019
97013,"090650017009001","BB004","2021","CPV","09","06","50","017","009","001",95,6,34,0,0,32,0,2,6.31578947368421,0,0,0,6.25
97014,"090650016002004","BB004","2021","CPV",NA,NA,NA,NA,NA,NA,0,0,0,0,0,0,0,0,NA,NA,NA,NA,NA
97015,"090650020004004","BB004","2021","CPV","09","06","50","020","004","004",102,3,34,0,0,29,0,1,2.94117647058824,0,0,0,3.44827586206897
97016,"090650020006004","BB004","2021","CPV","09","06","50","020","006","004",88,14,33,0,0,28,0,0,15.9090909090909,0,0,0,0
97017,"090650016006003","BB004","2021","CPV","09","06","50","016","006","003",145,4,53,0,0,48,0,1,2.75862068965517,0,0,0,2.08333333333333
97018,"090650020004005","BB004","2021","CPV","09","06","50","020","004","005",113,7,36,0,0,28,0,2,6.19469026548673,0,0,0,7.14285714285714
97019,"090650038003003","BB004","2021","CPV","09","06","50","038","003","003",93,15,39,0,0,32,1,2,16.1290322580645,0,0,3.125,6.25
97020,"090650046001003","BB004","2021","CPV","09","06","50","046","001","003",45,2,14,0,0,12,0,1,4.44444444444444,0,0,0,8.33333333333333
97021,"090650017001023","BB004","2021","CPV","09","06","50","017","001","023",64,1,22,0,0,17,0,0,1.5625,0,0,0,0
97022,"090650017008002","BB004","2021","CPV",NA,NA,NA,NA,NA,NA,0,0,0,0,0,0,0,0,NA,NA,NA,NA,NA
97023,"090650044004001","BB004","2021","CPV","09","06","50","044","004","001",20,4,6,0,0,6,0,0,20,0,0,0,0
97024,"090650044004002","BB004","2021","CPV","09","06","50","044","004","002",136,4,46,0,0,40,1,1,2.94117647058824,0,0,2.5,2.5
97025,"090650044002001","BB004","2021","CPV","09","06","50","044","002","001",58,6,26,0,0,19,0,0,10.3448275862069,0,0,0,0
97026,"090650044001001","BB004","2021","CPV","09","06","50","044","001","001",92,3,28,0,0,27,0,2,3.26086956521739,0,0,0,7.40740740740741
97027,"090650017010002","BB004","2021","CPV","09","06","50","017","010","002",87,10,28,0,0,26,0,0,11.4942528735632,0,0,0,0
97028,"090650018008002","BB004","2021","CPV","09","06","50","018","008","002",164,13,55,0,0,47,0,1,7.92682926829268,0,0,0,2.12765957446809
97029,"090650020006002","BB004","2021","CPV","09","06","50","020","006","002",113,7,35,0,0,30,0,0,6.19469026548673,0,0,0,0
97030,"090650016008003","BB004","2021","CPV","09","06","50","016","008","003",79,1,29,0,0,25,0,1,1.26582278481013,0,0,0,4
97031,"090650017001008","BB004","2021","CPV","09","06","50","017","001","008",21,1,19,0,0,8,0,0,4.76190476190476,0,0,0,0
97032,"090650037007009","BB004","2021","CPV","09","06","50","037","007","009",21,3,8,0,0,6,0,0,14.2857142857143,0,0,0,0
97033,"090650016003003","BB004","2021","CPV","09","06","50","016","003","003",57,5,24,0,0,20,0,1,8.7719298245614,0,0,0,5
97034,"090650017001013","BB004","2021","CPV","09","06","50","017","001","013",36,4,17,0,0,11,0,1,11.1111111111111,0,0,0,9.09090909090909
97035,"090650046004004","BB004","2021","CPV","09","06","50","046","004","004",24,1,11,0,0,8,0,1,4.16666666666667,0,0,0,12.5
97036,"090650046003004","BB004","2021","CPV","09","06","50","046","003","004",55,3,26,0,0,17,0,0,5.45454545454545,0,0,0,0
97037,"090650046003002","BB004","2021","CPV","09","06","50","046","003","002",35,2,17,0,0,12,0,0,5.71428571428571,0,0,0,0
97038,"090650046003001","BB004","2021","CPV",NA,NA,NA,NA,NA,NA,0,0,0,0,0,0,0,0,NA,NA,NA,NA,NA
97039,"090650045007004","BB004","2021","CPV","09","06","50","045","007","004",74,5,25,0,0,22,0,1,6.75675675675676,0,0,0,4.54545454545455
97040,"090650046001001","BB004","2021","CPV","09","06","50","046","001","001",76,4,31,0,0,19,0,0,5.26315789473684,0,0,0,0
97041,"090650046005001","BB004","2021","CPV","09","06","50","046","005","001",91,8,40,0,0,29,0,0,8.79120879120879,0,0,0,0
97042,"090650030010002","BB004","2021","CPV","09","06","50","030","010","002",61,2,22,0,0,19,0,0,3.27868852459016,0,0,0,0
97043,"090650031001018","BB004","2021","CPV","09","06","50","031","001","018",65,3,21,0,0,16,0,2,4.61538461538462,0,0,0,12.5
97044,"090650027003007","BB004","2021","CPV","09","06","50","027","003","007",24,2,5,0,1,5,0,1,8.33333333333333,0,20,0,20
97045,"090650025009002","BB004","2021","CPV","09","06","50","025","009","002",74,7,27,0,0,23,0,2,9.45945945945946,0,0,0,8.69565217391304
97046,"090650031001012","BB004","2021","CPV","09","06","50","031","001","012",33,0,17,0,0,9,0,1,0,0,0,0,11.1111111111111
97047,"090650026005001","BB004","2021","CPV","09","06","50","026","005","001",135,11,44,0,0,41,0,0,8.14814814814815,0,0,0,0
97048,"090650026006011","BB004","2021","CPV",NA,NA,NA,NA,NA,NA,0,0,0,0,0,0,0,0,NA,NA,NA,NA,NA
97049,"090650027003008","BB004","2021","CPV","09","06","50","027","003","008",38,2,11,0,0,11,4,10,5.26315789473684,0,0,36.3636363636364,90.9090909090909
97050,"090650026006001","BB004","2021","CPV","09","06","50","026","006","001",24,1,12,0,0,7,0,0,4.16666666666667,0,0,0,0
97051,"090650020006001","BB004","2021","CPV","09","06","50","020","006","001",15,0,6,0,0,5,0,1,0,0,0,0,20
97052,"090650020006006","BB004","2021","CPV",NA,NA,NA,NA,NA,NA,0,0,0,0,0,0,0,0,NA,NA,NA,NA,NA
97053,"090650017004003","BB004","2021","CPV","09","06","50","017","004","003",97,4,29,0,0,26,0,0,4.12371134020619,0,0,0,0
97054,"090650018006003","BB004","2021","CPV","09","06","50","018","006","003",119,8,42,0,0,37,0,1,6.72268907563025,0,0,0,2.7027027027027
97055,"090650016003001","BB004","2021","CPV","09","06","50","016","003","001",157,7,54,0,0,46,1,3,4.45859872611465,0,0,2.17391304347826,6.52173913043478
97056,"090650017012006","BB004","2021","CPV","09","06","50","017","012","006",3,0,1,0,0,1,0,0,0,0,0,0,0
97057,"090650017011004","BB004","2021","CPV","09","06","50","017","011","004",43,4,23,0,0,21,0,0,9.30232558139535,0,0,0,0
97058,"090650017008001","BB004","2021","CPV","09","06","50","017","008","001",59,1,22,0,0,19,0,0,1.69491525423729,0,0,0,0
97059,"090650032007002","BB004","2021","CPV","09","06","50","032","007","002",51,0,14,0,1,12,0,1,0,0,7.14285714285714,0,8.33333333333333
97060,"090650031012001","BB004","2021","CPV","09","06","50","031","012","001",135,7,48,0,0,41,0,0,5.18518518518519,0,0,0,0
97061,"090650037007008","BB004","2021","CPV","09","06","50","037","007","008",9,0,3,0,0,2,0,0,0,0,0,0,0
97062,"090650025001003","BB004","2021","CPV","09","06","50","025","001","003",81,5,26,0,0,22,0,1,6.17283950617284,0,0,0,4.54545454545455
97063,"090650020004001","BB004","2021","CPV",NA,NA,NA,NA,NA,NA,0,0,0,0,0,0,0,0,NA,NA,NA,NA,NA
97064,"090650017012002","BB004","2021","CPV","09","06","50","017","012","002",106,4,36,0,0,28,0,0,3.77358490566038,0,0,0,0
97065,"090650023003001","BB004","2021","CPV","09","06","50","023","003","001",155,14,52,0,0,43,0,3,9.03225806451613,0,0,0,6.97674418604651
97066,"090650020006005","BB004","2021","CPV","09","06","50","020","006","005",174,10,54,0,0,45,0,0,5.74712643678161,0,0,0,0
97067,"090650040005003","BB004","2021","CPV","09","06","50","040","005","003",142,7,42,0,0,41,0,4,4.92957746478873,0,0,0,9.75609756097561
97068,"090650027003010","BB004","2021","CPV","09","06","50","027","003","010",7,2,2,0,0,2,1,2,28.5714285714286,0,0,50,100
97069,"090650040006005","BB004","2021","CPV",NA,NA,NA,NA,NA,NA,0,0,0,0,0,0,0,0,NA,NA,NA,NA,NA
97070,"090650040006001","BB004","2021","CPV","09","06","50","040","006","001",124,10,45,0,0,39,1,2,8.06451612903226,0,0,2.56410256410256,5.12820512820513
97071,"090650040003001","BB004","2021","CPV","09","06","50","040","003","001",87,12,29,0,0,28,0,0,13.7931034482759,0,0,0,0
97072,"090650032009002","BB004","2021","CPV","09","06","50","032","009","002",65,2,22,0,0,19,0,0,3.07692307692308,0,0,0,0
97073,"090650040001001","BB004","2021","CPV",NA,NA,NA,NA,NA,NA,0,0,0,0,0,0,0,0,NA,NA,NA,NA,NA
97074,"090650040001002","BB004","2021","CPV","09","06","50","040","001","002",98,2,37,0,0,29,0,1,2.04081632653061,0,0,0,3.44827586206897
97075,"090650037001007","BB004","2021","CPV","09","06","50","037","001","007",110,10,40,0,0,35,0,2,9.09090909090909,0,0,0,5.71428571428571
97076,"090650037002003","BB004","2021","CPV","09","06","50","037","002","003",35,2,12,0,0,10,0,0,5.71428571428571,0,0,0,0
97077,"090650027003003","BB004","2021","CPV","09","06","50","027","003","003",229,14,51,0,3,50,19,25,6.11353711790393,0,5.88235294117647,38,50
97078,"090650037001006","BB004","2021","CPV","09","06","50","037","001","006",51,1,14,0,0,14,0,0,1.96078431372549,0,0,0,0
97079,"090650037001002","BB004","2021","CPV","09","06","50","037","001","002",75,2,25,0,0,21,0,0,2.66666666666667,0,0,0,0
97080,"090650037001003","BB004","2021","CPV","09","06","50","037","001","003",26,2,10,0,0,9,0,0,7.69230769230769,0,0,0,0
97081,"090650037001001","BB004","2021","CPV",NA,NA,NA,NA,NA,NA,0,0,0,0,0,0,0,0,NA,NA,NA,NA,NA
97082,"090650037001005","BB004","2021","CPV","09","06","50","037","001","005",33,2,13,0,0,11,0,0,6.06060606060606,0,0,0,0
97083,"090650025001005","BB004","2021","CPV","09","06","50","025","001","005",94,9,32,0,0,26,0,0,9.57446808510638,0,0,0,0
97084,"090650030005001","BB004","2021","CPV","09","06","50","030","005","001",16,1,6,0,0,4,0,0,6.25,0,0,0,0
97085,"090650027004005","BB004","2021","CPV","09","06","50","027","004","005",70,7,30,0,0,25,0,1,10,0,0,0,4
97086,"090650027003011","BB004","2021","CPV","09","06","50","027","003","011",46,10,12,0,0,11,4,5,21.7391304347826,0,0,36.3636363636364,45.4545454545455
97087,"090650023003003","BB004","2021","CPV","09","06","50","023","003","003",183,16,53,0,0,46,0,3,8.7431693989071,0,0,0,6.52173913043478
97088,"090650025001002","BB004","2021","CPV","09","06","50","025","001","002",110,9,37,0,0,29,0,0,8.18181818181818,0,0,0,0
97089,"090650030001006","BB004","2021","CPV","09","06","50","030","001","006",30,4,10,0,0,9,0,0,13.3333333333333,0,0,0,0
97090,"090650025001001","BB004","2021","CPV",NA,NA,NA,NA,NA,NA,0,0,0,0,0,0,0,0,NA,NA,NA,NA,NA
97091,"090650027003005","BB004","2021","CPV","09","06","50","027","003","005",33,5,10,0,0,9,2,4,15.1515151515152,0,0,22.2222222222222,44.4444444444444
97092,"090650027003002","BB004","2021","CPV","09","06","50","027","003","002",11,1,3,0,0,3,1,1,9.09090909090909,0,0,33.3333333333333,33.3333333333333
97093,"090650027004006","BB004","2021","CPV","09","06","50","027","004","006",45,0,15,0,0,13,0,0,0,0,0,0,0
97094,"090650023001004","BB004","2021","CPV","09","06","50","023","001","004",65,2,20,0,0,18,0,0,3.07692307692308,0,0,0,0
97095,"090650027004007","BB004","2021","CPV","09","06","50","027","004","007",14,0,7,0,0,7,0,0,0,0,0,0,0
97096,"090650027003001","BB004","2021","CPV","09","06","50","027","003","001",107,8,34,3,1,33,8,16,7.47663551401869,8.82352941176471,2.94117647058824,24.2424242424242,48.4848484848485
97097,"090650027001012","BB004","2021","CPV","09","06","50","027","001","012",2,0,25,0,0,1,0,0,0,0,0,0,0
97098,"090650027001013","BB004","2021","CPV","09","06","50","027","001","013",109,6,53,0,0,35,0,0,5.5045871559633,0,0,0,0
97099,"090650024004003","BB004","2021","CPV","09","06","50","024","004","003",86,6,27,0,0,23,0,0,6.97674418604651,0,0,0,0
97100,"090650032004006","BB004","2021","CPV",NA,NA,NA,NA,NA,NA,0,0,0,0,0,0,0,0,NA,NA,NA,NA,NA
97101,"090650030004010","BB004","2021","CPV","09","06","50","030","004","010",10,1,6,0,0,4,0,0,10,0,0,0,0
97102,"090650027005005","BB004","2021","CPV","09","06","50","027","005","005",77,3,26,0,0,21,0,0,3.8961038961039,0,0,0,0
97103,"090650027010002","BB004","2021","CPV","09","06","50","027","010","002",269,18,77,0,0,71,11,26,6.69144981412639,0,0,15.4929577464789,36.6197183098592
97104,"090650023009002","BB004","2021","CPV","09","06","50","023","009","002",62,7,22,0,0,21,0,0,11.2903225806452,0,0,0,0
97105,"090650032004002","BB004","2021","CPV","09","06","50","032","004","002",73,1,30,0,0,23,0,2,1.36986301369863,0,0,0,8.69565217391304
97106,"090650023009004","BB004","2021","CPV","09","06","50","023","009","004",72,12,23,0,0,20,0,0,16.6666666666667,0,0,0,0
97107,"090650032004005","BB004","2021","CPV","09","06","50","032","004","005",127,5,35,0,0,33,0,0,3.93700787401575,0,0,0,0
97108,"090650029007001","BB004","2021","CPV","09","06","50","029","007","001",24,0,7,0,0,6,0,1,0,0,0,0,16.6666666666667
97109,"090650032004004","BB004","2021","CPV","09","06","50","032","004","004",148,8,43,0,0,40,0,2,5.40540540540541,0,0,0,5
97110,"090650029007004","BB004","2021","CPV","09","06","50","029","007","004",120,13,50,0,0,43,1,1,10.8333333333333,0,0,2.32558139534884,2.32558139534884
97111,"090650023009003","BB004","2021","CPV","09","06","50","023","009","003",78,7,26,0,0,22,0,0,8.97435897435897,0,0,0,0
97112,"090650030004007","BB004","2021","CPV","09","06","50","030","004","007",22,3,8,0,0,7,0,0,13.6363636363636,0,0,0,0
97113,"090650029007002","BB004","2021","CPV","09","06","50","029","007","002",32,4,15,0,0,11,0,0,12.5,0,0,0,0
97114,"090650024004004","BB004","2021","CPV","09","06","50","024","004","004",83,6,26,0,0,23,0,0,7.2289156626506,0,0,0,0
97115,"090650025002002","BB004","2021","CPV","09","06","50","025","002","002",101,9,33,0,0,30,0,1,8.91089108910891,0,0,0,3.33333333333333
97116,"090650030004016","BB004","2021","CPV","09","06","50","030","004","016",28,0,9,0,0,7,0,0,0,0,0,0,0
97117,"090650030008005","BB004","2021","CPV",NA,NA,NA,NA,NA,NA,0,0,0,0,0,0,0,0,NA,NA,NA,NA,NA
97118,"090650025002001","BB004","2021","CPV","09","06","50","025","002","001",94,2,31,0,0,25,0,0,2.12765957446809,0,0,0,0
97119,"090650033004004","BB004","2021","CPV","09","06","50","033","004","004",80,4,27,0,0,22,0,1,5,0,0,0,4.54545454545455
97120,"090650032005024","BB004","2021","CPV","09","06","50","032","005","024",18,1,11,0,0,8,0,1,5.55555555555556,0,0,0,12.5
97121,"090650030004015","BB004","2021","CPV","09","06","50","030","004","015",26,1,12,0,1,9,0,2,3.84615384615385,0,8.33333333333333,0,22.2222222222222
97122,"090650037007003","BB004","2021","CPV","09","06","50","037","007","003",24,1,8,0,0,8,0,1,4.16666666666667,0,0,0,12.5
97123,"090650031002006","BB004","2021","CPV","09","06","50","031","002","006",29,2,12,0,0,10,0,0,6.89655172413793,0,0,0,0
97124,"090650029007003","BB004","2021","CPV","09","06","50","029","007","003",138,12,56,0,0,44,0,4,8.69565217391304,0,0,0,9.09090909090909
97125,"090650031004002","BB004","2021","CPV","09","06","50","031","004","002",93,4,32,0,0,26,0,0,4.3010752688172,0,0,0,0
97126,"090650030004019","BB004","2021","CPV","09","06","50","030","004","019",30,2,12,0,0,9,0,1,6.66666666666667,0,0,0,11.1111111111111
97127,"090650027005003","BB004","2021","CPV","09","06","50","027","005","003",68,2,28,0,0,21,0,0,2.94117647058824,0,0,0,0
97128,"090650027005004","BB004","2021","CPV","09","06","50","027","005","004",86,6,27,0,0,23,0,0,6.97674418604651,0,0,0,0
97129,"090650024004005","BB004","2021","CPV","09","06","50","024","004","005",54,7,21,0,0,16,0,1,12.962962962963,0,0,0,6.25
97130,"090650030004018","BB004","2021","CPV","09","06","50","030","004","018",28,3,12,0,0,10,0,0,10.7142857142857,0,0,0,0
97131,"090650041004004","BB004","2021","CPV","09","06","50","041","004","004",47,9,19,0,0,17,0,0,19.1489361702128,0,0,0,0
97132,"090650041004003","BB004","2021","CPV","09","06","50","041","004","003",61,6,19,0,0,17,0,0,9.83606557377049,0,0,0,0
97133,"090650045006001","BB004","2021","CPV","09","06","50","045","006","001",95,8,31,0,0,28,0,1,8.42105263157895,0,0,0,3.57142857142857
97134,"090650038004003","BB004","2021","CPV","09","06","50","038","004","003",106,6,35,0,0,30,1,2,5.66037735849057,0,0,3.33333333333333,6.66666666666667
97135,"090650032005002","BB004","2021","CPV",NA,NA,NA,NA,NA,NA,0,0,0,0,0,0,0,0,NA,NA,NA,NA,NA
97136,"090650032005003","BB004","2021","CPV",NA,NA,NA,NA,NA,NA,0,0,0,0,0,0,0,0,NA,NA,NA,NA,NA
97137,"090650034004002","BB004","2021","CPV","09","06","50","034","004","002",116,6,50,0,0,40,0,0,5.17241379310345,0,0,0,0
97138,"090650038004004","BB004","2021","CPV","09","06","50","038","004","004",144,15,52,0,0,46,0,1,10.4166666666667,0,0,0,2.17391304347826
97139,"090650038004001","BB004","2021","CPV",NA,NA,NA,NA,NA,NA,0,0,0,0,0,0,0,0,NA,NA,NA,NA,NA
97140,"090650036005009","BB004","2021","CPV","09","06","50","036","005","009",66,5,28,0,0,23,0,1,7.57575757575758,0,0,0,4.34782608695652
97141,"090650038004002","BB004","2021","CPV","09","06","50","038","004","002",126,6,36,0,0,33,0,0,4.76190476190476,0,0,0,0
97142,"090650034004003","BB004","2021","CPV","09","06","50","034","004","003",130,11,51,0,0,37,0,1,8.46153846153846,0,0,0,2.7027027027027
97143,"090650036004010","BB004","2021","CPV","09","06","50","036","004","010",60,6,23,0,0,21,0,0,10,0,0,0,0
97144,"090650045006003","BB004","2021","CPV","09","06","50","045","006","003",90,7,36,1,0,26,0,0,7.77777777777778,2.77777777777778,0,0,0
97145,"090650036005004","BB004","2021","CPV","09","06","50","036","005","004",9,0,5,0,0,5,0,0,0,0,0,0,0
97146,"090650034004001","BB004","2021","CPV","09","06","50","034","004","001",142,5,54,0,0,42,0,0,3.52112676056338,0,0,0,0
97147,"090650032005008","BB004","2021","CPV","09","06","50","032","005","008",5,0,3,0,0,3,0,0,0,0,0,0,0
97148,"090650032005013","BB004","2021","CPV","09","06","50","032","005","013",10,1,3,0,0,3,0,0,10,0,0,0,0
97149,"090650027001015","BB004","2021","CPV","09","06","50","027","001","015",61,4,25,0,0,20,0,1,6.55737704918033,0,0,0,5
97150,"090650032005009","BB004","2021","CPV","09","06","50","032","005","009",4,0,3,0,0,3,0,0,0,0,0,0,0
97151,"090650031008006","BB004","2021","CPV","09","06","50","031","008","006",23,1,9,0,0,6,0,0,4.34782608695652,0,0,0,0
97152,"090650030004005","BB004","2021","CPV","09","06","50","030","004","005",19,0,9,0,0,7,0,0,0,0,0,0,0
97153,"090650032005001","BB004","2021","CPV","09","06","50","032","005","001",0,0,1,0,0,0,0,0,NA,0,0,NA,NA
97154,"090650031006003","BB004","2021","CPV","09","06","50","031","006","003",57,6,24,0,0,18,0,1,10.5263157894737,0,0,0,5.55555555555556
97155,"090650032005005","BB004","2021","CPV",NA,NA,NA,NA,NA,NA,0,0,0,0,0,0,0,0,NA,NA,NA,NA,NA
97156,"090650032005004","BB004","2021","CPV",NA,NA,NA,NA,NA,NA,0,0,0,0,0,0,0,0,NA,NA,NA,NA,NA
97157,"090650032004007","BB004","2021","CPV","09","06","50","032","004","007",84,6,27,0,0,23,0,0,7.14285714285714,0,0,0,0
97158,"090650032005006","BB004","2021","CPV",NA,NA,NA,NA,NA,NA,0,0,0,0,0,0,0,0,NA,NA,NA,NA,NA
97159,"090650032005015","BB004","2021","CPV","09","06","50","032","005","015",16,0,6,0,0,4,0,0,0,0,0,0,0
97160,"090650032005014","BB004","2021","CPV","09","06","50","032","005","014",8,1,3,0,0,3,0,0,12.5,0,0,0,0
97161,"090650032005012","BB004","2021","CPV","09","06","50","032","005","012",19,2,7,0,0,6,0,0,10.5263157894737,0,0,0,0
97162,"090650032005010","BB004","2021","CPV",NA,NA,NA,NA,NA,NA,0,0,0,0,0,0,0,0,NA,NA,NA,NA,NA
97163,"090650030009004","BB004","2021","CPV",NA,NA,NA,NA,NA,NA,0,0,0,0,0,0,0,0,NA,NA,NA,NA,NA
97164,"090650031006004","BB004","2021","CPV","09","06","50","031","006","004",77,2,24,0,0,22,0,0,2.5974025974026,0,0,0,0
97165,"090650028006005","BB004","2021","CPV","09","06","50","028","006","005",93,15,32,0,1,29,0,1,16.1290322580645,0,3.125,0,3.44827586206897
97166,"090650028006002","BB004","2021","CPV","09","06","50","028","006","002",32,1,8,0,0,7,0,0,3.125,0,0,0,0
97167,"090650024004001","BB004","2021","CPV","09","06","50","024","004","001",95,7,34,0,0,29,0,1,7.36842105263158,0,0,0,3.44827586206897
97168,"090650030007004","BB004","2021","CPV","09","06","50","030","007","004",53,2,19,0,0,16,0,0,3.77358490566038,0,0,0,0
97169,"090650022005003","BB004","2021","CPV","09","06","50","022","005","003",61,6,20,0,0,18,0,0,9.83606557377049,0,0,0,0
97170,"090650031006002","BB004","2021","CPV","09","06","50","031","006","002",23,1,9,0,0,7,0,0,4.34782608695652,0,0,0,0
97171,"090650026002001","BB004","2021","CPV","09","06","50","026","002","001",13,1,12,0,0,3,0,0,7.69230769230769,0,0,0,0
97172,"090650030009007","BB004","2021","CPV","09","06","50","030","009","007",43,0,16,0,0,12,0,0,0,0,0,0,0
97173,"090650031008001","BB004","2021","CPV","09","06","50","031","008","001",50,3,20,0,0,14,0,1,6,0,0,0,7.14285714285714
97174,"090650031008002","BB004","2021","CPV",NA,NA,NA,NA,NA,NA,0,0,0,0,0,0,0,0,NA,NA,NA,NA,NA
97175,"090650030004011","BB004","2021","CPV","09","06","50","030","004","011",23,0,12,0,0,9,0,0,0,0,0,0,0
97176,"090650030007005","BB004","2021","CPV","09","06","50","030","007","005",56,5,19,0,0,17,0,0,8.92857142857143,0,0,0,0
97177,"090650031002003","BB004","2021","CPV","09","06","50","031","002","003",70,2,21,0,0,19,0,0,2.85714285714286,0,0,0,0
97178,"090650030004004","BB004","2021","CPV","09","06","50","030","004","004",10,1,7,0,0,5,0,0,10,0,0,0,0
97179,"090650019005001","BB004","2021","CPV","09","06","50","019","005","001",50,4,16,0,0,15,1,1,8,0,0,6.66666666666667,6.66666666666667
97180,"090650019004004","BB004","2021","CPV","09","06","50","019","004","004",80,2,23,0,0,21,0,1,2.5,0,0,0,4.76190476190476
97181,"090650017010003","BB004","2021","CPV","09","06","50","017","010","003",54,4,22,0,0,18,0,0,7.40740740740741,0,0,0,0
97182,"090650017001016","BB004","2021","CPV","09","06","50","017","001","016",0,0,4,0,0,0,0,0,NA,0,0,NA,NA
97183,"090650019004006","BB004","2021","CPV","09","06","50","019","004","006",87,1,33,0,0,27,0,1,1.14942528735632,0,0,0,3.7037037037037
97184,"090650017010004","BB004","2021","CPV","09","06","50","017","010","004",71,5,26,0,0,19,0,0,7.04225352112676,0,0,0,0
97185,"090650019004005","BB004","2021","CPV",NA,NA,NA,NA,NA,NA,0,0,0,0,0,0,0,0,NA,NA,NA,NA,NA
97186,"090650019004003","BB004","2021","CPV","09","06","50","019","004","003",59,3,21,0,0,19,0,0,5.08474576271187,0,0,0,0
97187,"090650031002004","BB004","2021","CPV","09","06","50","031","002","004",63,1,22,0,0,20,0,0,1.58730158730159,0,0,0,0
97188,"090650028006003","BB004","2021","CPV","09","06","50","028","006","003",32,2,11,0,0,9,0,0,6.25,0,0,0,0
97189,"090650028006001","BB004","2021","CPV","09","06","50","028","006","001",97,11,30,0,0,29,0,1,11.340206185567,0,0,0,3.44827586206897
97190,"090650031002001","BB004","2021","CPV","09","06","50","031","002","001",95,6,27,0,0,25,0,0,6.31578947368421,0,0,0,0
97191,"090650019003004","BB004","2021","CPV","09","06","50","019","003","004",69,1,21,0,0,19,0,0,1.44927536231884,0,0,0,0
97192,"090650016006002","BB004","2021","CPV","09","06","50","016","006","002",157,8,54,0,0,51,0,2,5.09554140127389,0,0,0,3.92156862745098
97193,"090650019003001","BB004","2021","CPV","09","06","50","019","003","001",24,2,8,0,0,7,0,1,8.33333333333333,0,0,0,14.2857142857143
97194,"090650019003003","BB004","2021","CPV",NA,NA,NA,NA,NA,NA,0,0,0,0,0,0,0,0,NA,NA,NA,NA,NA
97195,"090650028002001","BB004","2021","CPV","09","06","50","028","002","001",72,8,26,0,0,22,0,0,11.1111111111111,0,0,0,0
97196,"090650030008006","BB004","2021","CPV","09","06","50","030","008","006",82,5,25,0,0,23,0,0,6.09756097560976,0,0,0,0
97197,"090650032012004","BB004","2021","CPV","09","06","50","032","012","004",9,0,3,0,0,3,0,1,0,0,0,0,33.3333333333333
97198,"090650032012001","BB004","2021","CPV","09","06","50","032","012","001",92,6,37,0,0,30,0,0,6.52173913043478,0,0,0,0
97199,"090650026002006","BB004","2021","CPV","09","06","50","026","002","006",25,0,18,0,0,8,0,0,0,0,0,0,0
97200,"090650031008003","BB004","2021","CPV","09","06","50","031","008","003",79,3,27,0,0,22,0,0,3.79746835443038,0,0,0,0
97201,"090650030004017","BB004","2021","CPV","09","06","50","030","004","017",15,0,8,0,0,6,0,1,0,0,0,0,16.6666666666667
97202,"090650031006001","BB004","2021","CPV","09","06","50","031","006","001",86,1,35,0,0,28,1,1,1.16279069767442,0,0,3.57142857142857,3.57142857142857
97203,"090650028002003","BB004","2021","CPV","09","06","50","028","002","003",104,12,39,0,0,35,0,1,11.5384615384615,0,0,0,2.85714285714286
97204,"090650030004001","BB004","2021","CPV","09","06","50","030","004","001",11,0,9,0,0,5,0,0,0,0,0,0,0
97205,"090650032006002","BB004","2021","CPV","09","06","50","032","006","002",133,9,57,0,0,47,0,2,6.76691729323308,0,0,0,4.25531914893617
97206,"090650032006001","BB004","2021","CPV","09","06","50","032","006","001",88,4,33,0,0,28,0,1,4.54545454545455,0,0,0,3.57142857142857
97207,"090650031006005","BB004","2021","CPV","09","06","50","031","006","005",65,0,21,0,0,20,0,0,0,0,0,0,0
97208,"090650025002004","BB004","2021","CPV","09","06","50","025","002","004",104,12,30,0,0,27,0,0,11.5384615384615,0,0,0,0
97209,"090650030004009","BB004","2021","CPV","09","06","50","030","004","009",17,1,6,0,0,6,0,0,5.88235294117647,0,0,0,0
97210,"090650030004012","BB004","2021","CPV","09","06","50","030","004","012",20,0,8,0,0,7,0,0,0,0,0,0,0
97211,"090650030004003","BB004","2021","CPV","09","06","50","030","004","003",20,0,9,0,0,8,0,0,0,0,0,0,0
97212,"090650026002002","BB004","2021","CPV","09","06","50","026","002","002",14,0,12,0,0,4,0,0,0,0,0,0,0
97213,"090650029007005","BB004","2021","CPV","09","06","50","029","007","005",74,3,44,0,0,30,0,1,4.05405405405405,0,0,0,3.33333333333333
97214,"090650024004002","BB004","2021","CPV","09","06","50","024","004","002",69,5,30,0,0,22,0,0,7.2463768115942,0,0,0,0
97215,"090650030009006","BB004","2021","CPV","09","06","50","030","009","006",56,2,15,0,0,14,0,0,3.57142857142857,0,0,0,0
97216,"090650036005011","BB004","2021","CPV","09","06","50","036","005","011",26,2,14,0,0,9,0,0,7.69230769230769,0,0,0,0
97217,"090650028006004","BB004","2021","CPV","09","06","50","028","006","004",71,9,20,0,0,18,0,0,12.6760563380282,0,0,0,0
97218,"090650030009003","BB004","2021","CPV",NA,NA,NA,NA,NA,NA,0,0,0,0,0,0,0,0,NA,NA,NA,NA,NA
97219,"090650030004002","BB004","2021","CPV","09","06","50","030","004","002",4,0,1,0,0,1,0,0,0,0,0,0,0
97220,"090650030004006","BB004","2021","CPV","09","06","50","030","004","006",22,0,9,0,0,7,0,0,0,0,0,0,0
97221,"090650031008005","BB004","2021","CPV","09","06","50","031","008","005",73,4,26,0,0,18,0,0,5.47945205479452,0,0,0,0
97222,"090650031008004","BB004","2021","CPV","09","06","50","031","008","004",79,8,27,0,0,21,0,0,10.126582278481,0,0,0,0
97223,"090650031002002","BB004","2021","CPV","09","06","50","031","002","002",49,0,16,0,0,13,0,0,0,0,0,0,0
97224,"090650021002003","BB004","2021","CPV","09","06","50","021","002","003",151,7,41,0,0,36,0,2,4.63576158940397,0,0,0,5.55555555555556
97225,"090650030004013","BB004","2021","CPV","09","06","50","030","004","013",26,0,11,0,0,8,0,1,0,0,0,0,12.5
97226,"090650030004014","BB004","2021","CPV","09","06","50","030","004","014",27,2,11,0,0,8,0,0,7.40740740740741,0,0,0,0
97227,"090650017006003","BB004","2021","CPV","09","06","50","017","006","003",80,0,27,0,0,21,0,0,0,0,0,0,0
97228,"090650017004002","BB004","2021","CPV","09","06","50","017","004","002",54,3,27,0,0,19,0,0,5.55555555555556,0,0,0,0
97229,"090650019003006","BB004","2021","CPV","09","06","50","019","003","006",64,1,20,0,0,16,0,1,1.5625,0,0,0,6.25
97230,"090650019009003","BB004","2021","CPV","09","06","50","019","009","003",31,5,11,0,0,10,0,0,16.1290322580645,0,0,0,0
97231,"090650020002003","BB004","2021","CPV","09","06","50","020","002","003",113,7,38,0,0,30,0,1,6.19469026548673,0,0,0,3.33333333333333
97232,"090650017004004","BB004","2021","CPV","09","06","50","017","004","004",31,1,21,0,0,12,0,0,3.2258064516129,0,0,0,0
97233,"090650019003005","BB004","2021","CPV","09","06","50","019","003","005",44,0,24,0,0,17,0,1,0,0,0,0,5.88235294117647
97234,"090650019007003","BB004","2021","CPV","09","06","50","019","007","003",77,7,33,0,0,27,1,1,9.09090909090909,0,0,3.7037037037037,3.7037037037037
97235,"090650017006002","BB004","2021","CPV","09","06","50","017","006","002",132,5,38,0,0,33,0,0,3.78787878787879,0,0,0,0
97236,"090650017006004","BB004","2021","CPV","09","06","50","017","006","004",28,1,10,0,0,9,0,0,3.57142857142857,0,0,0,0
97237,"090650019009005","BB004","2021","CPV","09","06","50","019","009","005",134,4,45,0,0,38,0,1,2.98507462686567,0,0,0,2.63157894736842
97238,"090650018003001","BB004","2021","CPV","09","06","50","018","003","001",116,9,50,0,0,42,0,1,7.75862068965517,0,0,0,2.38095238095238
97239,"090650020009004","BB004","2021","CPV","09","06","50","020","009","004",9,0,4,0,0,2,0,0,0,0,0,0,0
97240,"090650020009002","BB004","2021","CPV","09","06","50","020","009","002",84,11,30,0,0,26,0,0,13.0952380952381,0,0,0,0
97241,"090650017006005","BB004","2021","CPV","09","06","50","017","006","005",125,5,38,0,0,36,0,0,4,0,0,0,0
97242,"090650016005003","BB004","2021","CPV","09","06","50","016","005","003",49,2,26,0,0,16,0,2,4.08163265306122,0,0,0,12.5
97243,"090650020008002","BB004","2021","CPV","09","06","50","020","008","002",72,5,22,0,0,21,0,1,6.94444444444444,0,0,0,4.76190476190476
97244,"090650020008003","BB004","2021","CPV","09","06","50","020","008","003",71,3,20,0,0,19,1,1,4.22535211267606,0,0,5.26315789473684,5.26315789473684
97245,"090650019006001","BB004","2021","CPV","09","06","50","019","006","001",59,4,19,0,0,18,1,1,6.77966101694915,0,0,5.55555555555556,5.55555555555556
97246,"090650019007001","BB004","2021","CPV","09","06","50","019","007","001",61,7,26,0,0,22,0,0,11.4754098360656,0,0,0,0
97247,"090650020008001","BB004","2021","CPV","09","06","50","020","008","001",10,4,5,0,0,4,0,0,40,0,0,0,0
97248,"090650019008003","BB004","2021","CPV","09","06","50","019","008","003",40,2,18,0,0,13,0,0,5,0,0,0,0
97249,"090650020008005","BB004","2021","CPV",NA,NA,NA,NA,NA,NA,0,0,0,0,0,0,0,0,NA,NA,NA,NA,NA
97250,"090650020008004","BB004","2021","CPV","09","06","50","020","008","004",81,3,22,0,0,19,0,0,3.7037037037037,0,0,0,0
97251,"090650016005005","BB004","2021","CPV","09","06","50","016","005","005",86,2,32,0,0,26,0,0,2.32558139534884,0,0,0,0
97252,"090650016005006","BB004","2021","CPV","09","06","50","016","005","006",132,4,47,0,0,41,0,0,3.03030303030303,0,0,0,0
97253,"090650017004001","BB004","2021","CPV","09","06","50","017","004","001",55,0,18,0,0,15,0,0,0,0,0,0,0
97254,"090650016005004","BB004","2021","CPV","09","06","50","016","005","004",90,4,28,0,0,27,0,0,4.44444444444444,0,0,0,0
97255,"090650016005002","BB004","2021","CPV",NA,NA,NA,NA,NA,NA,0,0,0,0,0,0,0,0,NA,NA,NA,NA,NA
97256,"090650019003007","BB004","2021","CPV","09","06","50","019","003","007",40,1,13,0,0,12,0,1,2.5,0,0,0,8.33333333333333
97257,"090650019001005","BB004","2021","CPV","09","06","50","019","001","005",139,5,44,0,0,37,0,0,3.59712230215827,0,0,0,0
97258,"090650019005002","BB004","2021","CPV","09","06","50","019","005","002",42,2,15,0,0,14,0,0,4.76190476190476,0,0,0,0
97259,"090650031003003","BB004","2021","CPV","09","06","50","031","003","003",36,1,10,0,0,9,0,0,2.77777777777778,0,0,0,0
97260,"090650031005003","BB004","2021","CPV","09","06","50","031","005","003",16,0,6,0,0,4,0,0,0,0,0,0,0
97261,"090650031005002","BB004","2021","CPV","09","06","50","031","005","002",10,0,3,0,0,2,0,0,0,0,0,0,0
97262,"090650031003005","BB004","2021","CPV","09","06","50","031","003","005",38,2,12,0,0,11,0,2,5.26315789473684,0,0,0,18.1818181818182
97263,"090650031004005","BB004","2021","CPV","09","06","50","031","004","005",116,4,36,0,0,30,0,1,3.44827586206897,0,0,0,3.33333333333333
97264,"090650031004004","BB004","2021","CPV","09","06","50","031","004","004",30,1,9,0,0,9,0,0,3.33333333333333,0,0,0,0
97265,"090650031005008","BB004","2021","CPV","09","06","50","031","005","008",39,6,17,0,0,14,0,0,15.3846153846154,0,0,0,0
97266,"090650031004001","BB004","2021","CPV","09","06","50","031","004","001",43,1,13,0,0,12,0,0,2.32558139534884,0,0,0,0
97267,"090650024004006","BB004","2021","CPV","09","06","50","024","004","006",41,4,15,0,0,12,0,0,9.75609756097561,0,0,0,0
97268,"090650036005010","BB004","2021","CPV","09","06","50","036","005","010",37,1,18,0,0,13,0,0,2.7027027027027,0,0,0,0
97269,"090650030004020","BB004","2021","CPV","09","06","50","030","004","020",25,0,8,0,0,7,0,0,0,0,0,0,0
97270,"090650036005006","BB004","2021","CPV","09","06","50","036","005","006",36,1,13,0,0,10,0,0,2.77777777777778,0,0,0,0
97271,"090650036004015","BB004","2021","CPV","09","06","50","036","004","015",47,9,18,0,0,12,0,0,19.1489361702128,0,0,0,0
97272,"090650036004007","BB004","2021","CPV","09","06","50","036","004","007",26,4,13,0,0,11,0,0,15.3846153846154,0,0,0,0
97273,"090650032004001","BB004","2021","CPV",NA,NA,NA,NA,NA,NA,0,0,0,0,0,0,0,0,NA,NA,NA,NA,NA
97274,"090650032003003","BB004","2021","CPV","09","06","50","032","003","003",14,0,5,0,0,5,0,1,0,0,0,0,20
97275,"090650018003002","BB004","2021","CPV","09","06","50","018","003","002",152,8,54,0,0,46,2,3,5.26315789473684,0,0,4.34782608695652,6.52173913043478
97276,"090650020003002","BB004","2021","CPV","09","06","50","020","003","002",122,8,42,0,0,33,0,0,6.55737704918033,0,0,0,0
97277,"090650030009002","BB004","2021","CPV","09","06","50","030","009","002",96,9,26,0,1,25,0,1,9.375,0,3.84615384615385,0,4
97278,"090650030009005","BB004","2021","CPV","09","06","50","030","009","005",36,4,14,0,0,11,0,0,11.1111111111111,0,0,0,0
97279,"090650019008002","BB004","2021","CPV","09","06","50","019","008","002",116,4,43,0,0,34,0,1,3.44827586206897,0,0,0,2.94117647058824
97280,"090650019009002","BB004","2021","CPV",NA,NA,NA,NA,NA,NA,0,0,0,0,0,0,0,0,NA,NA,NA,NA,NA
97281,"090650020003003","BB004","2021","CPV","09","06","50","020","003","003",98,3,29,0,0,23,0,0,3.06122448979592,0,0,0,0
97282,"090650020003001","BB004","2021","CPV","09","06","50","020","003","001",107,5,40,0,0,35,0,2,4.67289719626168,0,0,0,5.71428571428571
97283,"090650026002007","BB004","2021","CPV","09","06","50","026","002","007",17,2,10,0,0,6,0,0,11.7647058823529,0,0,0,0
97284,"090650026002003","BB004","2021","CPV","09","06","50","026","002","003",9,0,20,0,0,3,0,0,0,0,0,0,0
97285,"090650031003002","BB004","2021","CPV","09","06","50","031","003","002",39,1,17,0,1,14,2,14,2.56410256410256,0,5.88235294117647,14.2857142857143,100
97286,"090650031004003","BB004","2021","CPV","09","06","50","031","004","003",147,6,53,0,0,45,0,0,4.08163265306122,0,0,0,0
97287,"090650026002005","BB004","2021","CPV","09","06","50","026","002","005",12,0,14,0,0,4,0,0,0,0,0,0,0
97288,"090650026002004","BB004","2021","CPV","09","06","50","026","002","004",13,1,14,0,0,5,0,0,7.69230769230769,0,0,0,0
97289,"090650024003002","BB004","2021","CPV","09","06","50","024","003","002",53,6,19,0,0,15,0,0,11.3207547169811,0,0,0,0
97290,"090650033004003","BB004","2021","CPV","09","06","50","033","004","003",98,9,31,0,0,26,1,1,9.18367346938776,0,0,3.84615384615385,3.84615384615385
97291,"090650017012004","BB004","2021","CPV","09","06","50","017","012","004",48,4,29,0,0,19,0,0,8.33333333333333,0,0,0,0
97292,"090650016001001","BB004","2021","CPV",NA,NA,NA,NA,NA,NA,0,0,0,0,0,0,0,0,NA,NA,NA,NA,NA
97293,"090650018005004","BB004","2021","CPV","09","06","50","018","005","004",191,6,55,0,0,50,0,1,3.1413612565445,0,0,0,2
97294,"090650017001017","BB004","2021","CPV","09","06","50","017","001","017",32,0,18,0,0,9,0,0,0,0,0,0,0
97295,"090650020001003","BB004","2021","CPV","09","06","50","020","001","003",64,1,24,0,0,19,0,0,1.5625,0,0,0,0
97296,"090650020001002","BB004","2021","CPV","09","06","50","020","001","002",88,5,26,0,0,24,0,2,5.68181818181818,0,0,0,8.33333333333333
97297,"090650016001007","BB004","2021","CPV","09","06","50","016","001","007",144,9,53,0,0,47,0,2,6.25,0,0,0,4.25531914893617
97298,"090650017009002","BB004","2021","CPV","09","06","50","017","009","002",178,10,63,0,0,52,0,0,5.61797752808989,0,0,0,0
97299,"090650017001011","BB004","2021","CPV","09","06","50","017","001","011",44,3,19,0,0,14,0,0,6.81818181818182,0,0,0,0
97300,"090650017001021","BB004","2021","CPV","09","06","50","017","001","021",27,3,16,0,0,8,0,0,11.1111111111111,0,0,0,0
97301,"090650017001018","BB004","2021","CPV","09","06","50","017","001","018",47,5,20,0,0,14,0,0,10.6382978723404,0,0,0,0
97302,"090650016001006","BB004","2021","CPV","09","06","50","016","001","006",177,2,66,0,0,49,1,2,1.12994350282486,0,0,2.04081632653061,4.08163265306122
97303,"090650026004008","BB004","2021","CPV","09","06","50","026","004","008",48,1,20,0,0,17,0,0,2.08333333333333,0,0,0,0
97304,"090650026004010","BB004","2021","CPV",NA,NA,NA,NA,NA,NA,0,0,0,0,0,0,0,0,NA,NA,NA,NA,NA
97305,"090650017012003","BB004","2021","CPV","09","06","50","017","012","003",95,7,33,0,0,27,0,0,7.36842105263158,0,0,0,0
97306,"090650016001002","BB004","2021","CPV",NA,NA,NA,NA,NA,NA,0,0,0,0,0,0,0,0,NA,NA,NA,NA,NA
97307,"090650034007002","BB004","2021","CPV","09","06","50","034","007","002",118,6,56,0,0,42,1,13,5.08474576271187,0,0,2.38095238095238,30.952380952381
97308,"090650028007006","BB004","2021","CPV","09","06","50","028","007","006",22,1,10,0,0,8,0,0,4.54545454545455,0,0,0,0
97309,"090650037007011","BB004","2021","CPV","09","06","50","037","007","011",29,4,10,0,0,7,0,0,13.7931034482759,0,0,0,0
97310,"090650037007013","BB004","2021","CPV","09","06","50","037","007","013",48,4,16,0,0,14,0,0,8.33333333333333,0,0,0,0
97311,"090650034006002","BB004","2021","CPV","09","06","50","034","006","002",50,1,25,0,0,16,0,0,2,0,0,0,0
97312,"090650036004014","BB004","2021","CPV","09","06","50","036","004","014",12,1,6,0,0,5,0,0,8.33333333333333,0,0,0,0
97313,"090650028007004","BB004","2021","CPV","09","06","50","028","007","004",13,0,8,0,0,6,0,0,0,0,0,0,0
97314,"090650036005008","BB004","2021","CPV","09","06","50","036","005","008",39,4,15,0,0,14,0,0,10.2564102564103,0,0,0,0
97315,"090650018005003","BB004","2021","CPV",NA,NA,NA,NA,NA,NA,0,0,0,0,0,0,0,0,NA,NA,NA,NA,NA
97316,"090650027001009","BB004","2021","CPV",NA,NA,NA,NA,NA,NA,0,0,0,0,0,0,0,0,NA,NA,NA,NA,NA
97317,"090650016007001","BB004","2021","CPV","09","06","50","016","007","001",179,12,58,0,0,55,0,1,6.70391061452514,0,0,0,1.81818181818182
97318,"090650018005002","BB004","2021","CPV","09","06","50","018","005","002",111,9,39,0,0,35,0,1,8.10810810810811,0,0,0,2.85714285714286
97319,"090650037007014","BB004","2021","CPV","09","06","50","037","007","014",5,0,2,0,0,1,0,0,0,0,0,0,0
97320,"090650037007016","BB004","2021","CPV","09","06","50","037","007","016",6,3,2,0,0,2,0,0,50,0,0,0,0
97321,"090650017009003","BB004","2021","CPV","09","06","50","017","009","003",107,4,35,0,0,29,0,0,3.73831775700935,0,0,0,0
97322,"090650028007009","BB004","2021","CPV","09","06","50","028","007","009",27,0,9,0,1,8,0,2,0,0,11.1111111111111,0,25
97323,"090650020001001","BB004","2021","CPV","09","06","50","020","001","001",36,1,12,0,0,10,0,1,2.77777777777778,0,0,0,10
97324,"090650020002002","BB004","2021","CPV","09","06","50","020","002","002",101,7,36,0,0,32,0,0,6.93069306930693,0,0,0,0
97325,"090650015005001","BB004","2021","CPV","09","06","50","015","005","001",11,0,20,0,0,4,0,0,0,0,0,0,0
97326,"090650020001005","BB004","2021","CPV","09","06","50","020","001","005",105,9,40,0,0,33,0,1,8.57142857142857,0,0,0,3.03030303030303
97327,"090650019002001","BB004","2021","CPV","09","06","50","019","002","001",101,5,36,0,0,30,1,1,4.95049504950495,0,0,3.33333333333333,3.33333333333333
97328,"090650015008001","BB004","2021","CPV","09","06","50","015","008","001",1,0,1,0,0,1,0,0,0,0,0,0,0
97329,"090650019003002","BB004","2021","CPV","09","06","50","019","003","002",199,4,73,0,0,63,0,5,2.01005025125628,0,0,0,7.93650793650794
97330,"090650015004024","BB004","2021","CPV","09","06","50","015","004","024",9,0,15,0,0,2,0,0,0,0,0,0,0
97331,"090650020008009","BB004","2021","CPV","09","06","50","020","008","009",57,4,19,0,0,15,0,1,7.01754385964912,0,0,0,6.66666666666667
97332,"090650020008007","BB004","2021","CPV","09","06","50","020","008","007",11,0,4,0,0,3,0,0,0,0,0,0,0
97333,"090650020008006","BB004","2021","CPV","09","06","50","020","008","006",36,2,11,0,0,11,0,0,5.55555555555556,0,0,0,0
97334,"090650020008008","BB004","2021","CPV","09","06","50","020","008","008",34,2,15,0,0,12,0,0,5.88235294117647,0,0,0,0
97335,"090650015005007","BB004","2021","CPV","09","06","50","015","005","007",38,2,16,0,0,12,0,1,5.26315789473684,0,0,0,8.33333333333333
97336,"090650019004007","BB004","2021","CPV","09","06","50","019","004","007",43,5,15,0,0,13,0,0,11.6279069767442,0,0,0,0
97337,"090650020003004","BB004","2021","CPV","09","06","50","020","003","004",149,8,49,0,0,43,0,1,5.36912751677852,0,0,0,2.32558139534884
97338,"090650020004003","BB004","2021","CPV","09","06","50","020","004","003",101,8,42,0,0,32,0,1,7.92079207920792,0,0,0,3.125
97339,"090650017008004","BB004","2021","CPV","09","06","50","017","008","004",90,7,36,0,0,28,0,0,7.77777777777778,0,0,0,0
97340,"090650017008006","BB004","2021","CPV","09","06","50","017","008","006",110,7,36,1,0,31,1,1,6.36363636363636,2.77777777777778,0,3.2258064516129,3.2258064516129
97341,"090650020004002","BB004","2021","CPV",NA,NA,NA,NA,NA,NA,0,0,0,0,0,0,0,0,NA,NA,NA,NA,NA
97342,"090650017008005","BB004","2021","CPV","09","06","50","017","008","005",204,10,73,0,2,64,0,3,4.90196078431373,0,2.73972602739726,0,4.6875
97343,"090650019008001","BB004","2021","CPV","09","06","50","019","008","001",95,7,41,0,0,37,0,0,7.36842105263158,0,0,0,0
97344,"090650017001006","BB004","2021","CPV","09","06","50","017","001","006",17,0,15,0,0,6,0,1,0,0,0,0,16.6666666666667
97345,"090650017001014","BB004","2021","CPV","09","06","50","017","001","014",35,0,18,0,0,12,0,0,0,0,0,0,0
97346,"090650017001012","BB004","2021","CPV","09","06","50","017","001","012",31,3,17,0,0,10,0,0,9.67741935483871,0,0,0,0
97347,"090650019002002","BB004","2021","CPV","09","06","50","019","002","002",54,3,17,0,0,15,0,0,5.55555555555556,0,0,0,0
97348,"090650017001007","BB004","2021","CPV","09","06","50","017","001","007",32,3,19,0,0,11,0,1,9.375,0,0,0,9.09090909090909
97349,"090650015008002","BB004","2021","CPV","09","06","50","015","008","002",59,5,31,0,0,24,0,0,8.47457627118644,0,0,0,0
97350,"090650019002003","BB004","2021","CPV","09","06","50","019","002","003",39,2,17,0,0,11,0,0,5.12820512820513,0,0,0,0
97351,"090650019009006","BB004","2021","CPV","09","06","50","019","009","006",65,4,18,0,0,18,0,0,6.15384615384615,0,0,0,0
97352,"090650019009001","BB004","2021","CPV","09","06","50","019","009","001",58,3,18,0,0,17,0,0,5.17241379310345,0,0,0,0
97353,"090650018008003","BB004","2021","CPV","09","06","50","018","008","003",158,11,54,0,0,44,1,1,6.9620253164557,0,0,2.27272727272727,2.27272727272727
97354,"090650016001003","BB004","2021","CPV",NA,NA,NA,NA,NA,NA,0,0,0,0,0,0,0,0,NA,NA,NA,NA,NA
97355,"090650012005003","BB004","2021","CPV","09","06","50","012","005","003",5,0,2,0,0,2,0,0,0,0,0,0,0
97356,"090650012006001","BB004","2021","CPV","09","06","50","012","006","001",45,4,11,0,1,11,3,6,8.88888888888889,0,9.09090909090909,27.2727272727273,54.5454545454545
97357,"090650011006002","BB004","2021","CPV","09","06","50","011","006","002",54,4,19,0,0,16,2,3,7.40740740740741,0,0,12.5,18.75
97358,"090650013006005","BB004","2021","CPV","09","06","50","013","006","005",14,4,7,0,1,6,0,3,28.5714285714286,0,14.2857142857143,0,50
97359,"090650013004010","BB004","2021","CPV","09","06","50","013","004","010",47,1,14,1,2,9,2,5,2.12765957446809,7.14285714285714,14.2857142857143,22.2222222222222,55.5555555555556
97360,"090650003001007","BB004","2021","CPV","09","06","50","003","001","007",69,3,21,1,0,24,4,10,4.34782608695652,4.76190476190476,0,16.6666666666667,41.6666666666667
97361,"090650012006002","BB004","2021","CPV","09","06","50","012","006","002",12,0,3,0,0,3,0,2,0,0,0,0,66.6666666666667
97362,"090650013006004","BB004","2021","CPV","09","06","50","013","006","004",74,2,29,0,0,24,3,7,2.7027027027027,0,0,12.5,29.1666666666667
97363,"090650013006007","BB004","2021","CPV",NA,NA,NA,NA,NA,NA,0,0,0,0,0,0,0,0,NA,NA,NA,NA,NA
97364,"090650013005006","BB004","2021","CPV","09","06","50","013","005","006",35,2,9,0,0,9,1,1,5.71428571428571,0,0,11.1111111111111,11.1111111111111
97365,"090650011007009","BB004","2021","CPV","09","06","50","011","007","009",62,1,15,0,3,14,3,7,1.61290322580645,0,20,21.4285714285714,50
97366,"090650011001001","BB004","2021","CPV","09","06","50","011","001","001",92,14,30,1,0,25,0,1,15.2173913043478,3.33333333333333,0,0,4
97367,"090650011002002","BB004","2021","CPV","09","06","50","011","002","002",73,9,23,0,0,19,1,2,12.3287671232877,0,0,5.26315789473684,10.5263157894737
97368,"090650011006005","BB004","2021","CPV","09","06","50","011","006","005",54,6,20,0,0,15,2,3,11.1111111111111,0,0,13.3333333333333,20
97369,"090650013005002","BB004","2021","CPV","09","06","50","013","005","002",47,1,14,0,1,12,5,6,2.12765957446809,0,7.14285714285714,41.6666666666667,50
97370,"090650013005008","BB004","2021","CPV","09","06","50","013","005","008",39,4,13,0,0,12,1,1,10.2564102564103,0,0,8.33333333333333,8.33333333333333
97371,"090650011004001","BB004","2021","CPV","09","06","50","011","004","001",165,19,57,10,0,53,11,17,11.5151515151515,17.5438596491228,0,20.7547169811321,32.0754716981132
97372,"090650003009007","BB004","2021","CPV","09","06","50","003","009","007",42,0,12,0,0,12,3,4,0,0,0,25,33.3333333333333
97373,"090650003005002","BB004","2021","CPV","09","06","50","003","005","002",75,3,22,1,0,20,3,4,4,4.54545454545455,0,15,20
97374,"090650012005005","BB004","2021","CPV","09","06","50","012","005","005",12,3,3,0,0,3,0,1,25,0,0,0,33.3333333333333
97375,"090650011008002","BB004","2021","CPV","09","06","50","011","008","002",77,11,22,0,0,18,3,3,14.2857142857143,0,0,16.6666666666667,16.6666666666667
97376,"090650011008003","BB004","2021","CPV","09","06","50","011","008","003",41,3,21,1,1,15,0,3,7.31707317073171,4.76190476190476,4.76190476190476,0,20
97377,"090650003002006","BB004","2021","CPV","09","06","50","003","002","006",98,5,32,0,0,32,3,9,5.10204081632653,0,0,9.375,28.125
97378,"090650003002001","BB004","2021","CPV","09","06","50","003","002","001",3,1,2,0,0,2,0,0,33.3333333333333,0,0,0,0
97379,"090650013008001","BB004","2021","CPV",NA,NA,NA,NA,NA,NA,0,0,0,0,0,0,0,0,NA,NA,NA,NA,NA
97380,"090650003002005","BB004","2021","CPV","09","06","50","003","002","005",131,9,40,0,0,35,10,18,6.87022900763359,0,0,28.5714285714286,51.4285714285714
97381,"090650013004004","BB004","2021","CPV",NA,NA,NA,NA,NA,NA,0,0,0,0,0,0,0,0,NA,NA,NA,NA,NA
97382,"090650003010002","BB004","2021","CPV","09","06","50","003","010","002",55,6,15,0,0,14,4,6,10.9090909090909,0,0,28.5714285714286,42.8571428571429
97383,"090650011001003","BB004","2021","CPV","09","06","50","011","001","003",110,7,41,3,0,28,9,13,6.36363636363636,7.31707317073171,0,32.1428571428571,46.4285714285714
97384,"090650012005004","BB004","2021","CPV","09","06","50","012","005","004",11,0,5,0,0,3,1,1,0,0,0,33.3333333333333,33.3333333333333
97385,"090650011006001","BB004","2021","CPV","09","06","50","011","006","001",37,5,14,0,0,11,1,2,13.5135135135135,0,0,9.09090909090909,18.1818181818182
97386,"090650003002004","BB004","2021","CPV","09","06","50","003","002","004",131,7,40,0,0,41,8,18,5.34351145038168,0,0,19.5121951219512,43.9024390243902
97387,"090650011001002","BB004","2021","CPV","09","06","50","011","001","002",131,15,42,1,0,39,6,9,11.4503816793893,2.38095238095238,0,15.3846153846154,23.0769230769231
97388,"090650006005005","BB004","2021","CPV","09","06","50","006","005","005",49,0,18,0,1,12,0,2,0,0,5.55555555555556,0,16.6666666666667
97389,"090650011008004","BB004","2021","CPV","09","06","50","011","008","004",50,3,14,0,1,14,2,8,6,0,7.14285714285714,14.2857142857143,57.1428571428571
97390,"090650003001002","BB004","2021","CPV","09","06","50","003","001","002",31,1,9,0,1,8,1,6,3.2258064516129,0,11.1111111111111,12.5,75
97391,"090650003010005","BB004","2021","CPV","09","06","50","003","010","005",52,3,12,0,0,12,4,6,5.76923076923077,0,0,33.3333333333333,50
97392,"090650003002003","BB004","2021","CPV","09","06","50","003","002","003",174,6,40,2,1,45,17,30,3.44827586206897,5,2.5,37.7777777777778,66.6666666666667
97393,"090650008006002","BB004","2021","CPV","09","06","50","008","006","002",110,13,32,0,1,29,4,5,11.8181818181818,0,3.125,13.7931034482759,17.2413793103448
97394,"090650008001008","BB004","2021","CPV","09","06","50","008","001","008",40,9,16,0,1,11,1,2,22.5,0,6.25,9.09090909090909,18.1818181818182
97395,"090650011009005","BB004","2021","CPV","09","06","50","011","009","005",78,5,30,0,1,24,3,11,6.41025641025641,0,3.33333333333333,12.5,45.8333333333333
97396,"090650006005004","BB004","2021","CPV","09","06","50","006","005","004",37,0,16,0,1,13,1,4,0,0,6.25,7.69230769230769,30.7692307692308
97397,"090650003007004","BB004","2021","CPV","09","06","50","003","007","004",160,13,44,1,0,47,11,17,8.125,2.27272727272727,0,23.4042553191489,36.1702127659575
97398,"090650006005003","BB004","2021","CPV","09","06","50","006","005","003",34,1,13,0,0,13,2,4,2.94117647058824,0,0,15.3846153846154,30.7692307692308
97399,"090650003010008","BB004","2021","CPV","09","06","50","003","010","008",89,6,23,0,0,23,6,9,6.74157303370786,0,0,26.0869565217391,39.1304347826087
97400,"090650008006006","BB004","2021","CPV","09","06","50","008","006","006",52,2,13,1,2,14,6,7,3.84615384615385,7.69230769230769,15.3846153846154,42.8571428571429,50
97401,"090650003008007","BB004","2021","CPV","09","06","50","003","008","007",69,6,18,0,0,17,2,4,8.69565217391304,0,0,11.7647058823529,23.5294117647059
97402,"090650006003005","BB004","2021","CPV","09","06","50","006","003","005",42,2,10,0,0,9,3,5,4.76190476190476,0,0,33.3333333333333,55.5555555555556
97403,"090650012006004","BB004","2021","CPV","09","06","50","012","006","004",66,4,27,2,3,25,2,9,6.06060606060606,7.40740740740741,11.1111111111111,8,36
97404,"090650013005009","BB004","2021","CPV","09","06","50","013","005","009",21,1,8,0,0,6,1,1,4.76190476190476,0,0,16.6666666666667,16.6666666666667
97405,"090650003006002","BB004","2021","CPV","09","06","50","003","006","002",173,9,46,3,0,49,11,18,5.20231213872832,6.52173913043478,0,22.4489795918367,36.734693877551
97406,"090650003005001","BB004","2021","CPV","09","06","50","003","005","001",126,20,39,9,0,43,6,20,15.8730158730159,23.0769230769231,0,13.953488372093,46.5116279069767
97407,"090650011007010","BB004","2021","CPV","09","06","50","011","007","010",28,0,8,0,0,7,0,1,0,0,0,0,14.2857142857143
97408,"090650013005004","BB004","2021","CPV","09","06","50","013","005","004",54,0,16,0,0,14,6,11,0,0,0,42.8571428571429,78.5714285714286
97409,"090650011003002","BB004","2021","CPV","09","06","50","011","003","002",103,13,40,0,0,29,4,7,12.621359223301,0,0,13.7931034482759,24.1379310344828
97410,"090650011003004","BB004","2021","CPV","09","06","50","011","003","004",64,3,22,0,0,18,1,2,4.6875,0,0,5.55555555555556,11.1111111111111
97411,"090650013005001","BB004","2021","CPV","09","06","50","013","005","001",55,4,19,1,0,17,2,5,7.27272727272727,5.26315789473684,0,11.7647058823529,29.4117647058824
97412,"090650008005005","BB004","2021","CPV",NA,NA,NA,NA,NA,NA,0,0,0,0,0,0,0,0,NA,NA,NA,NA,NA
97413,"090650013005011","BB004","2021","CPV","09","06","50","013","005","011",38,2,15,0,1,13,2,8,5.26315789473684,0,6.66666666666667,15.3846153846154,61.5384615384615
97414,"090650003006001","BB004","2021","CPV","09","06","50","003","006","001",130,13,39,1,3,44,8,18,10,2.56410256410256,7.69230769230769,18.1818181818182,40.9090909090909
97415,"090650011003001","BB004","2021","CPV","09","06","50","011","003","001",122,20,48,0,1,36,7,12,16.3934426229508,0,2.08333333333333,19.4444444444444,33.3333333333333
97416,"090650013005012","BB004","2021","CPV","09","06","50","013","005","012",11,0,6,0,0,4,1,2,0,0,0,25,50
97417,"090650010006007","BB004","2021","CPV",NA,NA,NA,NA,NA,NA,0,0,0,0,0,0,0,0,NA,NA,NA,NA,NA
97418,"090650003010007","BB004","2021","CPV","09","06","50","003","010","007",61,8,18,0,0,16,4,5,13.1147540983607,0,0,25,31.25
97419,"090653001004004","BB004","2021","CPV","09","06","53","001","004","004",148,14,56,0,0,53,6,33,9.45945945945946,0,0,11.3207547169811,62.2641509433962
97420,"090653001006003","BB004","2021","CPV","09","06","53","001","006","003",34,1,13,0,1,12,1,3,2.94117647058824,0,7.69230769230769,8.33333333333333,25
97421,"090653001006006","BB004","2021","CPV","09","06","53","001","006","006",60,11,26,1,1,21,2,6,18.3333333333333,3.84615384615385,3.84615384615385,9.52380952380952,28.5714285714286
97422,"090653001005005","BB004","2021","CPV","09","06","53","001","005","005",29,5,10,0,0,9,3,7,17.2413793103448,0,0,33.3333333333333,77.7777777777778
97423,"090653001005003","BB004","2021","CPV","09","06","53","001","005","003",81,8,34,0,0,30,4,6,9.87654320987654,0,0,13.3333333333333,20
97424,"090653001004005","BB004","2021","CPV","09","06","53","001","004","005",108,7,33,3,5,30,10,20,6.48148148148148,9.09090909090909,15.1515151515152,33.3333333333333,66.6666666666667
97425,"090653001006004","BB004","2021","CPV","09","06","53","001","006","004",16,2,16,0,1,9,0,4,12.5,0,6.25,0,44.4444444444444
97426,"090653001006001","BB004","2021","CPV","09","06","53","001","006","001",26,4,8,0,0,9,1,3,15.3846153846154,0,0,11.1111111111111,33.3333333333333
97427,"090653001005006","BB004","2021","CPV","09","06","53","001","005","006",33,1,11,0,0,12,3,6,3.03030303030303,0,0,25,50
97428,"090653001006008","BB004","2021","CPV","09","06","53","001","006","008",42,4,11,0,0,13,2,6,9.52380952380952,0,0,15.3846153846154,46.1538461538462
97429,"090650003009003","BB004","2021","CPV","09","06","50","003","009","003",127,6,28,5,4,32,10,19,4.7244094488189,17.8571428571429,14.2857142857143,31.25,59.375
97430,"090650003009005","BB004","2021","CPV","09","06","50","003","009","005",86,1,24,0,1,24,7,9,1.16279069767442,0,4.16666666666667,29.1666666666667,37.5
97431,"090653001006005","BB004","2021","CPV","09","06","53","001","006","005",43,9,17,0,0,15,4,4,20.9302325581395,0,0,26.6666666666667,26.6666666666667
97432,"090653001006010","BB004","2021","CPV","09","06","53","001","006","010",23,1,12,1,0,10,0,4,4.34782608695652,8.33333333333333,0,0,40
97433,"090653001006011","BB004","2021","CPV","09","06","53","001","006","011",163,6,53,3,7,47,9,32,3.68098159509202,5.66037735849057,13.2075471698113,19.1489361702128,68.0851063829787
97434,"090653001006014","BB004","2021","CPV","09","06","53","001","006","014",49,8,16,0,1,17,1,11,16.3265306122449,0,6.25,5.88235294117647,64.7058823529412
97435,"090650036005012","BB004","2021","CPV","09","06","50","036","005","012",32,2,16,0,0,13,0,7,6.25,0,0,0,53.8461538461538
97436,"090650045002002","BB004","2021","CPV","09","06","50","045","002","002",92,4,26,0,0,23,0,0,4.34782608695652,0,0,0,0
97437,"090650031003004","BB004","2021","CPV","09","06","50","031","003","004",101,5,33,0,0,28,0,0,4.95049504950495,0,0,0,0
97438,"090650030007006","BB004","2021","CPV","09","06","50","030","007","006",60,0,21,0,0,17,0,0,0,0,0,0,0
97439,"090650023009001","BB004","2021","CPV","09","06","50","023","009","001",73,9,23,0,0,20,0,0,12.3287671232877,0,0,0,0
97440,"090650030004008","BB004","2021","CPV","09","06","50","030","004","008",23,0,8,0,0,6,0,0,0,0,0,0,0
97441,"090650033004002","BB004","2021","CPV","09","06","50","033","004","002",115,10,35,0,0,29,0,0,8.69565217391304,0,0,0,0
97442,"090650033004001","BB004","2021","CPV","09","06","50","033","004","001",84,5,26,0,0,23,0,2,5.95238095238095,0,0,0,8.69565217391304
97443,"090653001003007","BB004","2021","CPV","09","06","53","001","003","007",83,15,31,1,4,28,0,8,18.0722891566265,3.2258064516129,12.9032258064516,0,28.5714285714286
97444,"090653001005001","BB004","2021","CPV","09","06","53","001","005","001",63,9,28,0,2,22,3,9,14.2857142857143,0,7.14285714285714,13.6363636363636,40.9090909090909
97445,"090653001004002","BB004","2021","CPV","09","06","53","001","004","002",45,2,20,2,1,15,4,9,4.44444444444444,10,5,26.6666666666667,60
97446,"090653001004003","BB004","2021","CPV","09","06","53","001","004","003",56,9,27,0,0,21,3,10,16.0714285714286,0,0,14.2857142857143,47.6190476190476
97447,"090650022005002","BB004","2021","CPV","09","06","50","022","005","002",82,6,26,0,0,25,0,0,7.31707317073171,0,0,0,0
97448,"090650022005004","BB004","2021","CPV",NA,NA,NA,NA,NA,NA,0,0,0,0,0,0,0,0,NA,NA,NA,NA,NA
97449,"090653001005002","BB004","2021","CPV","09","06","53","001","005","002",77,15,31,0,0,27,5,14,19.4805194805195,0,0,18.5185185185185,51.8518518518518
97450,"090653001005004","BB004","2021","CPV","09","06","53","001","005","004",33,4,13,0,0,11,3,7,12.1212121212121,0,0,27.2727272727273,63.6363636363636
97451,"090650003004006","BB004","2021","CPV","09","06","50","003","004","006",111,5,28,5,8,35,6,21,4.5045045045045,17.8571428571429,28.5714285714286,17.1428571428571,60
97452,"090650013001005","BB004","2021","CPV","09","06","50","013","001","005",52,7,18,2,0,17,1,5,13.4615384615385,11.1111111111111,0,5.88235294117647,29.4117647058824
97453,"090650012005010","BB004","2021","CPV","09","06","50","012","005","010",74,10,20,3,5,22,5,19,13.5135135135135,15,25,22.7272727272727,86.3636363636364
97454,"090650010001004","BB004","2021","CPV",NA,NA,NA,NA,NA,NA,0,0,0,0,0,0,0,0,NA,NA,NA,NA,NA
97455,"090650003003001","BB004","2021","CPV","09","06","50","003","003","001",106,7,31,2,1,37,6,13,6.60377358490566,6.45161290322581,3.2258064516129,16.2162162162162,35.1351351351351
97456,"090650013008003","BB004","2021","CPV","09","06","50","013","008","003",29,1,10,0,0,8,2,5,3.44827586206897,0,0,25,62.5
97457,"090650013008006","BB004","2021","CPV","09","06","50","013","008","006",174,20,55,2,3,53,5,17,11.4942528735632,3.63636363636364,5.45454545454545,9.43396226415094,32.0754716981132
97458,"090650013008004","BB004","2021","CPV","09","06","50","013","008","004",19,2,7,0,1,6,1,3,10.5263157894737,0,14.2857142857143,16.6666666666667,50
97459,"090650013002004","BB004","2021","CPV","09","06","50","013","002","004",77,4,24,1,1,25,3,11,5.19480519480519,4.16666666666667,4.16666666666667,12,44
97460,"090650011004003","BB004","2021","CPV","09","06","50","011","004","003",102,11,33,4,3,33,5,10,10.7843137254902,12.1212121212121,9.09090909090909,15.1515151515152,30.3030303030303
97461,"090650013002005","BB004","2021","CPV","09","06","50","013","002","005",86,2,27,1,0,26,8,13,2.32558139534884,3.7037037037037,0,30.7692307692308,50
97462,"090650013004005","BB004","2021","CPV",NA,NA,NA,NA,NA,NA,0,0,0,0,0,0,0,0,NA,NA,NA,NA,NA
97463,"090650013004002","BB004","2021","CPV","09","06","50","013","004","002",105,3,22,0,0,24,4,6,2.85714285714286,0,0,16.6666666666667,25
97464,"090650012005008","BB004","2021","CPV","09","06","50","012","005","008",5,1,3,0,1,2,1,1,20,0,33.3333333333333,50,50
97465,"090650011008006","BB004","2021","CPV","09","06","50","011","008","006",91,12,32,1,0,24,3,6,13.1868131868132,3.125,0,12.5,25
97466,"090650013002002","BB004","2021","CPV","09","06","50","013","002","002",76,3,19,3,4,19,8,10,3.94736842105263,15.7894736842105,21.0526315789474,42.1052631578947,52.6315789473684
97467,"090650003009004","BB004","2021","CPV","09","06","50","003","009","004",56,2,18,0,0,16,0,2,3.57142857142857,0,0,0,12.5
97468,"090650003007002","BB004","2021","CPV","09","06","50","003","007","002",88,3,24,0,2,29,5,17,3.40909090909091,0,8.33333333333333,17.2413793103448,58.6206896551724
97469,"090650003008002","BB004","2021","CPV","09","06","50","003","008","002",101,4,35,4,0,33,6,12,3.96039603960396,11.4285714285714,0,18.1818181818182,36.3636363636364
97470,"090653001006013","BB004","2021","CPV","09","06","53","001","006","013",14,1,6,0,2,5,1,5,7.14285714285714,0,33.3333333333333,20,100
97471,"090653001006012","BB004","2021","CPV","09","06","53","001","006","012",2,0,1,0,0,1,0,1,0,0,0,0,100
97472,"090650013005003","BB004","2021","CPV","09","06","50","013","005","003",36,4,13,0,0,11,1,3,11.1111111111111,0,0,9.09090909090909,27.2727272727273
97473,"090650003006003","BB004","2021","CPV","09","06","50","003","006","003",54,4,16,1,0,15,4,8,7.40740740740741,6.25,0,26.6666666666667,53.3333333333333
97474,"090650003007003","BB004","2021","CPV",NA,NA,NA,NA,NA,NA,0,0,0,0,0,0,0,0,NA,NA,NA,NA,NA
97475,"090650003001001","BB004","2021","CPV","09","06","50","003","001","001",15,0,10,0,1,5,2,4,0,0,10,40,80
97476,"090650006005013","BB004","2021","CPV","09","06","50","006","005","013",28,1,8,1,1,8,1,3,3.57142857142857,12.5,12.5,12.5,37.5
97477,"090650003003004","BB004","2021","CPV","09","06","50","003","003","004",102,5,28,1,1,27,10,12,4.90196078431373,3.57142857142857,3.57142857142857,37.037037037037,44.4444444444444
97478,"090650003009001","BB004","2021","CPV","09","06","50","003","009","001",19,0,5,0,0,5,1,1,0,0,0,20,20
97479,"090650003006004","BB004","2021","CPV","09","06","50","003","006","004",199,9,55,9,5,70,12,26,4.52261306532663,16.3636363636364,9.09090909090909,17.1428571428571,37.1428571428571
97480,"090650006003002","BB004","2021","CPV","09","06","50","006","003","002",75,1,26,2,0,21,3,7,1.33333333333333,7.69230769230769,0,14.2857142857143,33.3333333333333
97481,"090650003004002","BB004","2021","CPV","09","06","50","003","004","002",57,7,17,1,1,15,8,9,12.280701754386,5.88235294117647,5.88235294117647,53.3333333333333,60
97482,"090653910001002","BB004","2021","CPV","09","06","53","910","001","002",30,2,12,0,10,10,3,10,6.66666666666667,0,83.3333333333333,30,100
97483,"090653001003012","BB004","2021","CPV","09","06","53","001","003","012",20,0,8,0,0,6,0,0,0,0,0,0,0
97484,"090653910001004","BB004","2021","CPV","09","06","53","910","001","004",56,8,25,0,9,20,2,14,14.2857142857143,0,36,10,70
97485,"090653910001003","BB004","2021","CPV","09","06","53","910","001","003",35,6,12,0,4,11,0,6,17.1428571428571,0,33.3333333333333,0,54.5454545454545
97486,"090653001004001","BB004","2021","CPV","09","06","53","001","004","001",51,5,17,1,2,17,3,12,9.80392156862745,5.88235294117647,11.7647058823529,17.6470588235294,70.5882352941177
97487,"090653001003013","BB004","2021","CPV","09","06","53","001","003","013",55,5,22,0,1,17,2,6,9.09090909090909,0,4.54545454545455,11.7647058823529,35.2941176470588
97488,"090653001003011","BB004","2021","CPV","09","06","53","001","003","011",23,2,5,0,0,7,2,2,8.69565217391304,0,0,28.5714285714286,28.5714285714286
97489,"090653001002008","BB004","2021","CPV","09","06","53","001","002","008",25,5,9,0,1,8,0,1,20,0,11.1111111111111,0,12.5
97490,"090653910001005","BB004","2021","CPV","09","06","53","910","001","005",16,3,6,0,3,5,0,4,18.75,0,50,0,80
97491,"090653910001011","BB004","2021","CPV","09","06","53","910","001","011",126,12,51,4,34,38,7,37,9.52380952380952,7.84313725490196,66.6666666666667,18.4210526315789,97.3684210526316
97492,"090653910001008","BB004","2021","CPV","09","06","53","910","001","008",12,4,4,0,3,3,0,3,33.3333333333333,0,75,0,100
97493,"090653910001006","BB004","2021","CPV","09","06","53","910","001","006",5,1,3,0,0,2,1,2,20,0,0,50,100
97494,"090653910001010","BB004","2021","CPV","09","06","53","910","001","010",5,1,2,0,2,2,0,2,20,0,100,0,100
97495,"090653001003001","BB004","2021","CPV","09","06","53","001","003","001",9,2,4,0,2,3,1,3,22.2222222222222,0,50,33.3333333333333,100
97496,"090653910001007","BB004","2021","CPV","09","06","53","910","001","007",97,13,31,0,25,28,7,27,13.4020618556701,0,80.6451612903226,25,96.4285714285714
97497,"090653910001001","BB004","2021","CPV","09","06","53","910","001","001",96,19,37,0,25,30,2,28,19.7916666666667,0,67.5675675675676,6.66666666666667,93.3333333333333
97498,"090653001002003","BB004","2021","CPV","09","06","53","001","002","003",34,3,15,0,0,10,1,3,8.82352941176471,0,0,10,30
97499,"090654913002012","BB004","2021","CPV","09","06","54","913","002","012",18,4,7,1,1,6,0,3,22.2222222222222,14.2857142857143,14.2857142857143,0,50
97500,"090653001002009","BB004","2021","CPV","09","06","53","001","002","009",34,5,12,0,0,11,2,3,14.7058823529412,0,0,18.1818181818182,27.2727272727273
97501,"090653001002010","BB004","2021","CPV","09","06","53","001","002","010",21,6,19,1,0,10,1,3,28.5714285714286,5.26315789473684,0,10,30
97502,"090653001001008","BB004","2021","CPV","09","06","53","001","001","008",4,0,2,0,0,2,0,0,0,0,0,0,0
97503,"090654913002006","BB004","2021","CPV","09","06","54","913","002","006",24,4,11,3,0,10,0,1,16.6666666666667,27.2727272727273,0,0,10
97504,"090653001002011","BB004","2021","CPV",NA,NA,NA,NA,NA,NA,0,0,0,0,0,0,0,0,NA,NA,NA,NA,NA
97505,"090653001001013","BB004","2021","CPV","09","06","53","001","001","013",34,5,10,0,1,9,1,4,14.7058823529412,0,10,11.1111111111111,44.4444444444444
97506,"090653001003004","BB004","2021","CPV","09","06","53","001","003","004",48,5,13,0,0,12,6,9,10.4166666666667,0,0,50,75
97507,"090653001002002","BB004","2021","CPV","09","06","53","001","002","002",9,2,2,0,0,2,2,2,22.2222222222222,0,0,100,100
97508,"090653001003008","BB004","2021","CPV","09","06","53","001","003","008",52,12,24,2,1,20,0,5,23.0769230769231,8.33333333333333,4.16666666666667,0,25
97509,"090653001003009","BB004","2021","CPV","09","06","53","001","003","009",26,2,10,0,0,8,1,6,7.69230769230769,0,0,12.5,75
97510,"090653001002014","BB004","2021","CPV","09","06","53","001","002","014",55,9,21,0,0,18,4,6,16.3636363636364,0,0,22.2222222222222,33.3333333333333
97511,"090653001001011","BB004","2021","CPV","09","06","53","001","001","011",14,2,5,0,1,4,1,2,14.2857142857143,0,20,25,50
97512,"090653001002012","BB004","2021","CPV","09","06","53","001","002","012",63,7,21,0,0,16,5,8,11.1111111111111,0,0,31.25,50
97513,"090653001002013","BB004","2021","CPV","09","06","53","001","002","013",27,5,12,0,0,9,0,0,18.5185185185185,0,0,0,0
97514,"090653001001019","BB004","2021","CPV","09","06","53","001","001","019",7,1,3,0,0,3,1,3,14.2857142857143,0,0,33.3333333333333,100
97515,"090653001001014","BB004","2021","CPV","09","06","53","001","001","014",27,0,8,0,0,6,2,3,0,0,0,33.3333333333333,50
97516,"090653001001010","BB004","2021","CPV","09","06","53","001","001","010",19,0,9,0,0,6,2,4,0,0,0,33.3333333333333,66.6666666666667
97517,"090653001001018","BB004","2021","CPV","09","06","53","001","001","018",13,0,6,0,0,3,1,1,0,0,0,33.3333333333333,33.3333333333333
97518,"090653001001005","BB004","2021","CPV","09","06","53","001","001","005",36,7,12,0,0,8,4,7,19.4444444444444,0,0,50,87.5
97519,"090653001007008","BB004","2021","CPV","09","06","53","001","007","008",40,4,10,0,0,11,2,6,10,0,0,18.1818181818182,54.5454545454545
97520,"090653001001006","BB004","2021","CPV","09","06","53","001","001","006",19,1,5,0,1,5,0,1,5.26315789473684,0,20,0,20
97521,"090653001001003","BB004","2021","CPV","09","06","53","001","001","003",7,2,3,0,1,3,0,2,28.5714285714286,0,33.3333333333333,0,66.6666666666667
97522,"090653001002001","BB004","2021","CPV","09","06","53","001","002","001",84,5,27,0,1,24,7,11,5.95238095238095,0,3.7037037037037,29.1666666666667,45.8333333333333
97523,"090653001001017","BB004","2021","CPV","09","06","53","001","001","017",6,0,2,0,0,2,0,0,0,0,0,0,0
97524,"090653001002005","BB004","2021","CPV","09","06","53","001","002","005",77,5,24,2,1,22,5,8,6.49350649350649,8.33333333333333,4.16666666666667,22.7272727272727,36.3636363636364
97525,"090653001002004","BB004","2021","CPV","09","06","53","001","002","004",41,4,17,0,1,14,1,1,9.75609756097561,0,5.88235294117647,7.14285714285714,7.14285714285714
97526,"090653001001009","BB004","2021","CPV","09","06","53","001","001","009",20,3,7,0,0,6,2,3,15,0,0,33.3333333333333,50
97527,"090653001001004","BB004","2021","CPV","09","06","53","001","001","004",6,1,2,0,0,1,0,1,16.6666666666667,0,0,0,100
97528,"090653001001015","BB004","2021","CPV",NA,NA,NA,NA,NA,NA,0,0,0,0,0,0,0,0,NA,NA,NA,NA,NA
97529,"090653001001016","BB004","2021","CPV","09","06","53","001","001","016",32,0,9,0,0,8,0,1,0,0,0,0,12.5
97530,"090653001007003","BB004","2021","CPV","09","06","53","001","007","003",20,2,5,0,2,8,2,5,10,0,40,25,62.5
97531,"090653001006007","BB004","2021","CPV","09","06","53","001","006","007",69,6,28,0,1,22,5,8,8.69565217391304,0,3.57142857142857,22.7272727272727,36.3636363636364
97532,"090653001007007","BB004","2021","CPV","09","06","53","001","007","007",68,5,22,1,1,21,4,13,7.35294117647059,4.54545454545455,4.54545454545455,19.047619047619,61.9047619047619
97533,"090653001007005","BB004","2021","CPV","09","06","53","001","007","005",98,6,26,0,0,29,4,16,6.12244897959184,0,0,13.7931034482759,55.1724137931034
97534,"090653001007006","BB004","2021","CPV","09","06","53","001","007","006",16,1,7,0,0,4,1,1,6.25,0,0,25,25
97535,"090653910001009","BB004","2021","CPV","09","06","53","910","001","009",4,3,2,0,1,2,0,2,75,0,50,0,100
97536,"090653001006009","BB004","2021","CPV","09","06","53","001","006","009",13,3,4,0,0,5,1,1,23.0769230769231,0,0,20,20
97537,"090653001006002","BB004","2021","CPV","09","06","53","001","006","002",45,1,19,0,0,14,1,4,2.22222222222222,0,0,7.14285714285714,28.5714285714286
97538,"090653001001001","BB004","2021","CPV","09","06","53","001","001","001",36,0,10,1,1,9,4,5,0,10,10,44.4444444444444,55.5555555555556
97539,"090653001007004","BB004","2021","CPV","09","06","53","001","007","004",38,5,9,1,0,10,2,5,13.1578947368421,11.1111111111111,0,20,50
97540,"090653001001002","BB004","2021","CPV","09","06","53","001","001","002",84,8,27,0,0,23,5,12,9.52380952380952,0,0,21.7391304347826,52.1739130434783
97541,"090653001001012","BB004","2021","CPV","09","06","53","001","001","012",45,14,25,2,3,20,1,14,31.1111111111111,8,12,5,70
97542,"090653001007010","BB004","2021","CPV","09","06","53","001","007","010",23,4,7,0,1,7,0,4,17.3913043478261,0,14.2857142857143,0,57.1428571428571
97543,"090653001007009","BB004","2021","CPV","09","06","53","001","007","009",49,9,20,1,1,19,1,10,18.3673469387755,5,5,5.26315789473684,52.6315789473684
97544,"090653001007002","BB004","2021","CPV","09","06","53","001","007","002",24,7,8,0,0,9,1,2,29.1666666666667,0,0,11.1111111111111,22.2222222222222
97545,"090653001007001","BB004","2021","CPV","09","06","53","001","007","001",74,16,24,0,2,26,7,8,21.6216216216216,0,8.33333333333333,26.9230769230769,30.7692307692308
97546,"090654001002005","BB004","2021","CPV","09","06","54","001","002","005",56,5,21,4,1,21,2,9,8.92857142857143,19.047619047619,4.76190476190476,9.52380952380952,42.8571428571429
97547,"090654926001002","BB004","2021","CPV","09","06","54","926","001","002",12,5,6,0,5,5,0,5,41.6666666666667,0,83.3333333333333,0,100
97548,"090654001001001","BB004","2021","CPV","09","06","54","001","001","001",83,16,26,2,3,26,1,16,19.2771084337349,7.69230769230769,11.5384615384615,3.84615384615385,61.5384615384615
97549,"090654001001004","BB004","2021","CPV","09","06","54","001","001","004",59,7,23,1,2,21,0,6,11.864406779661,4.34782608695652,8.69565217391304,0,28.5714285714286
97550,"090654001001003","BB004","2021","CPV","09","06","54","001","001","003",198,28,68,3,3,66,5,30,14.1414141414141,4.41176470588235,4.41176470588235,7.57575757575758,45.4545454545455
97551,"090654926001007","BB004","2021","CPV","09","06","54","926","001","007",25,1,7,1,6,6,1,6,4,14.2857142857143,85.7142857142857,16.6666666666667,100
97552,"090654926001009","BB004","2021","CPV","09","06","54","926","001","009",58,11,21,1,19,19,2,19,18.9655172413793,4.76190476190476,90.4761904761905,10.5263157894737,100
97553,"090654926001003","BB004","2021","CPV",NA,NA,NA,NA,NA,NA,0,0,0,0,0,0,0,0,NA,NA,NA,NA,NA
97554,"090654001003008","BB004","2021","CPV","09","06","54","001","003","008",36,4,11,0,0,12,2,5,11.1111111111111,0,0,16.6666666666667,41.6666666666667
97555,"090654001002006","BB004","2021","CPV","09","06","54","001","002","006",22,2,8,0,0,8,1,3,9.09090909090909,0,0,12.5,37.5
97556,"090654001003005","BB004","2021","CPV","09","06","54","001","003","005",33,1,13,0,2,12,0,4,3.03030303030303,0,15.3846153846154,0,33.3333333333333
97557,"090654001003004","BB004","2021","CPV","09","06","54","001","003","004",64,7,25,2,3,23,2,13,10.9375,8,12,8.69565217391304,56.5217391304348
97558,"090654001002002","BB004","2021","CPV","09","06","54","001","002","002",69,4,24,3,4,25,4,21,5.79710144927536,12.5,16.6666666666667,16,84
97559,"090654001001002","BB004","2021","CPV","09","06","54","001","001","002",119,2,41,0,2,35,5,17,1.68067226890756,0,4.8780487804878,14.2857142857143,48.5714285714286
97560,"090654001002004","BB004","2021","CPV","09","06","54","001","002","004",38,0,12,1,0,12,2,8,0,8.33333333333333,0,16.6666666666667,66.6666666666667
97561,"090654001002001","BB004","2021","CPV","09","06","54","001","002","001",64,2,24,2,0,20,3,12,3.125,8.33333333333333,0,15,60
97562,"090650003007006","BB004","2021","CPV","09","06","50","003","007","006",143,11,34,0,0,37,12,14,7.69230769230769,0,0,32.4324324324324,37.8378378378378
97563,"090650013005005","BB004","2021","CPV","09","06","50","013","005","005",67,3,21,0,0,20,4,7,4.47761194029851,0,0,20,35
97564,"090650006005009","BB004","2021","CPV",NA,NA,NA,NA,NA,NA,0,0,0,0,0,0,0,0,NA,NA,NA,NA,NA
97565,"090650008006005","BB004","2021","CPV","09","06","50","008","006","005",26,1,9,0,0,9,2,3,3.84615384615385,0,0,22.2222222222222,33.3333333333333
97566,"090650003010006","BB004","2021","CPV","09","06","50","003","010","006",38,2,13,0,0,13,4,6,5.26315789473684,0,0,30.7692307692308,46.1538461538462
97567,"090650006003009","BB004","2021","CPV","09","06","50","006","003","009",22,1,6,0,0,6,0,0,4.54545454545455,0,0,0,0
97568,"090650008001001","BB004","2021","CPV","09","06","50","008","001","001",29,4,6,0,0,6,1,1,13.7931034482759,0,0,16.6666666666667,16.6666666666667
97569,"090650013005007","BB004","2021","CPV",NA,NA,NA,NA,NA,NA,0,0,0,0,0,0,0,0,NA,NA,NA,NA,NA
97570,"090654926001001","BB004","2021","CPV","09","06","54","926","001","001",173,26,65,11,57,62,13,62,15.028901734104,16.9230769230769,87.6923076923077,20.9677419354839,100
97571,"090654926001004","BB004","2021","CPV","09","06","54","926","001","004",5,2,2,0,2,2,0,2,40,0,100,0,100
97572,"090654926001005","BB004","2021","CPV","09","06","54","926","001","005",30,4,13,1,10,11,1,10,13.3333333333333,7.69230769230769,76.9230769230769,9.09090909090909,90.9090909090909
97573,"090654926001010","BB004","2021","CPV","09","06","54","926","001","010",160,12,59,2,54,54,13,54,7.5,3.38983050847458,91.5254237288136,24.0740740740741,100
97574,"090650012006009","BB004","2021","CPV","09","06","50","012","006","009",101,13,38,3,9,36,3,22,12.8712871287129,7.89473684210526,23.6842105263158,8.33333333333333,61.1111111111111
97575,"090650011006004","BB004","2021","CPV","09","06","50","011","006","004",87,11,27,0,0,25,5,11,12.6436781609195,0,0,20,44
97576,"090654926001008","BB004","2021","CPV","09","06","54","926","001","008",40,4,13,0,11,11,2,11,10,0,84.6153846153846,18.1818181818182,100
97577,"090654926001006","BB004","2021","CPV","09","06","54","926","001","006",9,2,5,0,3,3,1,3,22.2222222222222,0,60,33.3333333333333,100
97578,"090654913002004","BB004","2021","CPV","09","06","54","913","002","004",45,6,19,3,0,19,0,14,13.3333333333333,15.7894736842105,0,0,73.6842105263158
97579,"090654913003005","BB004","2021","CPV","09","06","54","913","003","005",9,4,4,0,0,3,0,1,44.4444444444444,0,0,0,33.3333333333333
97580,"090654913002002","BB004","2021","CPV","09","06","54","913","002","002",58,8,21,3,1,18,3,12,13.7931034482759,14.2857142857143,4.76190476190476,16.6666666666667,66.6666666666667
97581,"090654913002001","BB004","2021","CPV","09","06","54","913","002","001",39,3,16,1,1,14,0,9,7.69230769230769,6.25,6.25,0,64.2857142857143
97582,"090654913003003","BB004","2021","CPV","09","06","54","913","003","003",33,5,18,0,0,11,0,3,15.1515151515152,0,0,0,27.2727272727273
97583,"090654913003001","BB004","2021","CPV","09","06","54","913","003","001",96,6,42,4,2,35,1,10,6.25,9.52380952380952,4.76190476190476,2.85714285714286,28.5714285714286
97584,"090654913003002","BB004","2021","CPV","09","06","54","913","003","002",75,8,34,3,0,30,0,9,10.6666666666667,8.82352941176471,0,0,30
97585,"090654913002013","BB004","2021","CPV","09","06","54","913","002","013",36,16,19,3,0,16,0,9,44.4444444444444,15.7894736842105,0,0,56.25
97586,"090654913002003","BB004","2021","CPV","09","06","54","913","002","003",52,5,20,1,0,18,2,7,9.61538461538462,5,0,11.1111111111111,38.8888888888889
97587,"090654913002011","BB004","2021","CPV","09","06","54","913","002","011",15,0,6,0,0,7,0,1,0,0,0,0,14.2857142857143
97588,"090654913002010","BB004","2021","CPV",NA,NA,NA,NA,NA,NA,0,0,0,0,0,0,0,0,NA,NA,NA,NA,NA
97589,"090654913002009","BB004","2021","CPV",NA,NA,NA,NA,NA,NA,0,0,0,0,0,0,0,0,NA,NA,NA,NA,NA
97590,"090654913003004","BB004","2021","CPV","09","06","54","913","003","004",71,6,27,2,0,25,1,7,8.45070422535211,7.40740740740741,0,4,28
97591,"090654913002008","BB004","2021","CPV","09","06","54","913","002","008",68,8,19,2,0,19,1,7,11.7647058823529,10.5263157894737,0,5.26315789473684,36.8421052631579
97592,"090654913002005","BB004","2021","CPV","09","06","54","913","002","005",12,1,6,0,0,5,0,3,8.33333333333333,0,0,0,60
97593,"090654913002007","BB004","2021","CPV","09","06","54","913","002","007",56,7,21,1,0,21,1,10,12.5,4.76190476190476,0,4.76190476190476,47.6190476190476
97594,"090654001003007","BB004","2021","CPV","09","06","54","001","003","007",162,26,57,6,3,53,10,31,16.0493827160494,10.5263157894737,5.26315789473684,18.8679245283019,58.4905660377358
97595,"090654001003003","BB004","2021","CPV","09","06","54","001","003","003",13,1,5,0,0,4,0,0,7.69230769230769,0,0,0,0
97596,"090654913001001","BB004","2021","CPV","09","06","54","913","001","001",33,3,10,0,1,9,2,3,9.09090909090909,0,10,22.2222222222222,33.3333333333333
97597,"090654001003001","BB004","2021","CPV","09","06","54","001","003","001",30,4,8,0,2,9,2,7,13.3333333333333,0,25,22.2222222222222,77.7777777777778
97598,"090654001002003","BB004","2021","CPV","09","06","54","001","002","003",276,11,85,3,4,84,8,36,3.98550724637681,3.52941176470588,4.70588235294118,9.52380952380952,42.8571428571429
97599,"090654001003006","BB004","2021","CPV","09","06","54","001","003","006",94,10,26,4,2,27,5,8,10.6382978723404,15.3846153846154,7.69230769230769,18.5185185185185,29.6296296296296
97600,"090654001003009","BB004","2021","CPV","09","06","54","001","003","009",45,4,10,1,1,14,2,9,8.88888888888889,10,10,14.2857142857143,64.2857142857143
97601,"090654913001003","BB004","2021","CPV","09","06","54","913","001","003",7,0,4,0,1,4,0,1,0,0,25,0,25
97602,"090654913001005","BB004","2021","CPV",NA,NA,NA,NA,NA,NA,0,0,0,0,0,0,0,0,NA,NA,NA,NA,NA
97603,"090654913001008","BB004","2021","CPV","09","06","54","913","001","008",35,6,13,2,0,11,0,2,17.1428571428571,15.3846153846154,0,0,18.1818181818182
97604,"090654913001004","BB004","2021","CPV","09","06","54","913","001","004",132,11,52,8,5,49,2,29,8.33333333333333,15.3846153846154,9.61538461538462,4.08163265306122,59.1836734693878
97605,"090654913001006","BB004","2021","CPV","09","06","54","913","001","006",12,0,6,0,0,5,0,2,0,0,0,0,40
97606,"090654001003002","BB004","2021","CPV",NA,NA,NA,NA,NA,NA,0,0,0,0,0,0,0,0,NA,NA,NA,NA,NA
97607,"090654913001009","BB004","2021","CPV","09","06","54","913","001","009",82,8,33,2,0,28,1,10,9.75609756097561,6.06060606060606,0,3.57142857142857,35.7142857142857
97608,"090654913001007","BB004","2021","CPV",NA,NA,NA,NA,NA,NA,0,0,0,0,0,0,0,0,NA,NA,NA,NA,NA
97609,"090650918003008","BB004","2021","CPV","09","06","50","918","003","008",127,11,40,3,5,43,6,41,8.66141732283465,7.5,12.5,13.953488372093,95.3488372093023
97610,"090650010002004","BB004","2021","CPV","09","06","50","010","002","004",64,2,26,2,2,21,1,5,3.125,7.69230769230769,7.69230769230769,4.76190476190476,23.8095238095238
97611,"090650918003009","BB004","2021","CPV","09","06","50","918","003","009",8,1,2,0,0,2,0,1,12.5,0,0,0,50
97612,"090650010004005","BB004","2021","CPV","09","06","50","010","004","005",113,5,34,0,0,31,8,12,4.42477876106195,0,0,25.8064516129032,38.7096774193548
97613,"090650918003020","BB004","2021","CPV","09","06","50","918","003","020",39,4,13,0,2,13,0,13,10.2564102564103,0,15.3846153846154,0,100
97614,"090650007008004","BB004","2021","CPV","09","06","50","007","008","004",6,1,3,0,0,2,0,0,16.6666666666667,0,0,0,0
97615,"090650918003010","BB004","2021","CPV","09","06","50","918","003","010",5,1,3,0,0,2,1,1,20,0,0,50,50
97616,"090650006004005","BB004","2021","CPV","09","06","50","006","004","005",16,0,5,0,0,5,0,1,0,0,0,0,20
97617,"090650918001009","BB004","2021","CPV",NA,NA,NA,NA,NA,NA,0,0,0,0,0,0,0,0,NA,NA,NA,NA,NA
97618,"090650010004007","BB004","2021","CPV",NA,NA,NA,NA,NA,NA,0,0,0,0,0,0,0,0,NA,NA,NA,NA,NA
97619,"090650918003007","BB004","2021","CPV","09","06","50","918","003","007",56,4,18,2,0,16,5,13,7.14285714285714,11.1111111111111,0,31.25,81.25
97620,"090650008003001","BB004","2021","CPV","09","06","50","008","003","001",47,12,20,1,1,16,1,3,25.531914893617,5,5,6.25,18.75
97621,"090650918003014","BB004","2021","CPV",NA,NA,NA,NA,NA,NA,0,0,0,0,0,0,0,0,NA,NA,NA,NA,NA
97622,"090650006004012","BB004","2021","CPV","09","06","50","006","004","012",8,0,3,1,1,3,1,3,0,33.3333333333333,33.3333333333333,33.3333333333333,100
97623,"090650918003017","BB004","2021","CPV",NA,NA,NA,NA,NA,NA,0,0,0,0,0,0,0,0,NA,NA,NA,NA,NA
97624,"090650010004001","BB004","2021","CPV","09","06","50","010","004","001",31,0,11,0,0,10,3,3,0,0,0,30,30
97625,"090650921002012","BB004","2021","CPV",NA,NA,NA,NA,NA,NA,0,0,0,0,0,0,0,0,NA,NA,NA,NA,NA
97626,"090650918003004","BB004","2021","CPV","09","06","50","918","003","004",11,0,2,0,2,2,1,2,0,0,100,50,100
97627,"090650918003013","BB004","2021","CPV","09","06","50","918","003","013",58,4,15,3,14,17,4,17,6.89655172413793,20,93.3333333333333,23.5294117647059,100
97628,"090650006009003","BB004","2021","CPV","09","06","50","006","009","003",22,1,6,0,0,6,2,3,4.54545454545455,0,0,33.3333333333333,50
97629,"090650001004008","BB004","2021","CPV","09","06","50","001","004","008",19,0,8,0,3,7,0,7,0,0,37.5,0,100
97630,"090650006009009","BB004","2021","CPV","09","06","50","006","009","009",64,4,18,1,1,20,0,1,6.25,5.55555555555556,5.55555555555556,0,5
97631,"090650006009004","BB004","2021","CPV","09","06","50","006","009","004",56,4,17,0,0,14,1,4,7.14285714285714,0,0,7.14285714285714,28.5714285714286
97632,"090650918003011","BB004","2021","CPV","09","06","50","918","003","011",82,3,17,2,1,20,6,18,3.65853658536585,11.7647058823529,5.88235294117647,30,90
97633,"090650921002002","BB004","2021","CPV","09","06","50","921","002","002",41,8,14,0,0,14,1,7,19.5121951219512,0,0,7.14285714285714,50
97634,"090650918003012","BB004","2021","CPV","09","06","50","918","003","012",74,1,20,2,4,21,6,19,1.35135135135135,10,20,28.5714285714286,90.4761904761905
97635,"090650010002005","BB004","2021","CPV","09","06","50","010","002","005",51,1,16,1,1,14,1,3,1.96078431372549,6.25,6.25,7.14285714285714,21.4285714285714
97636,"090650918003015","BB004","2021","CPV",NA,NA,NA,NA,NA,NA,0,0,0,0,0,0,0,0,NA,NA,NA,NA,NA
97637,"090650006006008","BB004","2021","CPV","09","06","50","006","006","008",76,6,19,0,1,20,7,9,7.89473684210526,0,5.26315789473684,35,45
97638,"090650918003016","BB004","2021","CPV",NA,NA,NA,NA,NA,NA,0,0,0,0,0,0,0,0,NA,NA,NA,NA,NA
97639,"090650010004004","BB004","2021","CPV","09","06","50","010","004","004",143,3,52,1,2,45,4,15,2.0979020979021,1.92307692307692,3.84615384615385,8.88888888888889,33.3333333333333
97640,"090650004008002","BB004","2021","CPV","09","06","50","004","008","002",109,14,32,3,3,30,5,9,12.8440366972477,9.375,9.375,16.6666666666667,30
97641,"090650006002001","BB004","2021","CPV","09","06","50","006","002","001",190,16,65,4,6,61,14,25,8.42105263157895,6.15384615384615,9.23076923076923,22.9508196721311,40.9836065573771
97642,"090650010004003","BB004","2021","CPV","09","06","50","010","004","003",113,7,34,0,1,30,5,8,6.19469026548673,0,2.94117647058824,16.6666666666667,26.6666666666667
97643,"090650006006005","BB004","2021","CPV","09","06","50","006","006","005",64,3,18,0,0,17,4,7,4.6875,0,0,23.5294117647059,41.1764705882353
97644,"090650005007003","BB004","2021","CPV","09","06","50","005","007","003",22,1,9,0,0,6,2,2,4.54545454545455,0,0,33.3333333333333,33.3333333333333
97645,"090650006001004","BB004","2021","CPV","09","06","50","006","001","004",56,10,19,0,0,18,5,12,17.8571428571429,0,0,27.7777777777778,66.6666666666667
97646,"090650006006006","BB004","2021","CPV","09","06","50","006","006","006",36,3,12,0,0,11,1,1,8.33333333333333,0,0,9.09090909090909,9.09090909090909
97647,"090650918003002","BB004","2021","CPV","09","06","50","918","003","002",14,0,4,2,4,5,1,5,0,50,100,20,100
97648,"090650010004002","BB004","2021","CPV","09","06","50","010","004","002",64,5,27,1,0,21,1,2,7.8125,3.7037037037037,0,4.76190476190476,9.52380952380952
97649,"090650918003001","BB004","2021","CPV","09","06","50","918","003","001",8,1,4,2,3,4,0,3,12.5,50,75,0,75
97650,"090650010002001","BB004","2021","CPV","09","06","50","010","002","001",53,3,21,2,2,19,4,8,5.66037735849057,9.52380952380952,9.52380952380952,21.0526315789474,42.1052631578947
97651,"090650004002002","BB004","2021","CPV","09","06","50","004","002","002",51,7,19,0,2,19,2,6,13.7254901960784,0,10.5263157894737,10.5263157894737,31.5789473684211
97652,"090650009006001","BB004","2021","CPV","09","06","50","009","006","001",84,6,29,0,0,23,7,8,7.14285714285714,0,0,30.4347826086957,34.7826086956522
97653,"090650002008004","BB004","2021","CPV","09","06","50","002","008","004",94,10,33,0,0,30,4,9,10.6382978723404,0,0,13.3333333333333,30
97654,"090650004002003","BB004","2021","CPV","09","06","50","004","002","003",9,2,4,0,0,3,0,1,22.2222222222222,0,0,0,33.3333333333333
97655,"090650006006001","BB004","2021","CPV","09","06","50","006","006","001",50,1,14,2,0,12,3,4,2,14.2857142857143,0,25,33.3333333333333
97656,"090650006004001","BB004","2021","CPV",NA,NA,NA,NA,NA,NA,0,0,0,0,0,0,0,0,NA,NA,NA,NA,NA
97657,"090650008010007","BB004","2021","CPV","09","06","50","008","010","007",74,3,21,0,1,18,2,5,4.05405405405405,0,4.76190476190476,11.1111111111111,27.7777777777778
97658,"090650006006002","BB004","2021","CPV","09","06","50","006","006","002",66,2,20,0,4,16,4,7,3.03030303030303,0,20,25,43.75
97659,"090650918001003","BB004","2021","CPV","09","06","50","918","001","003",77,5,21,0,0,22,4,18,6.49350649350649,0,0,18.1818181818182,81.8181818181818
97660,"090650008007003","BB004","2021","CPV","09","06","50","008","007","003",99,4,38,1,0,30,3,8,4.04040404040404,2.63157894736842,0,10,26.6666666666667
97661,"090650918001002","BB004","2021","CPV","09","06","50","918","001","002",90,7,32,1,2,28,2,26,7.77777777777778,3.125,6.25,7.14285714285714,92.8571428571429
97662,"090650010004006","BB004","2021","CPV","09","06","50","010","004","006",76,1,20,1,2,21,3,9,1.31578947368421,5,10,14.2857142857143,42.8571428571429
97663,"090650004008004","BB004","2021","CPV","09","06","50","004","008","004",122,16,34,7,10,35,6,14,13.1147540983607,20.5882352941176,29.4117647058824,17.1428571428571,40
97664,"090650006006004","BB004","2021","CPV","09","06","50","006","006","004",80,2,18,0,0,19,2,2,2.5,0,0,10.5263157894737,10.5263157894737
97665,"090650005006004","BB004","2021","CPV","09","06","50","005","006","004",80,5,33,0,0,26,3,5,6.25,0,0,11.5384615384615,19.2307692307692
97666,"090650004007002","BB004","2021","CPV","09","06","50","004","007","002",222,33,77,2,5,62,5,16,14.8648648648649,2.5974025974026,6.49350649350649,8.06451612903226,25.8064516129032
97667,"090650005007002","BB004","2021","CPV","09","06","50","005","007","002",63,3,19,0,0,18,1,2,4.76190476190476,0,0,5.55555555555556,11.1111111111111
97668,"090650006004024","BB004","2021","CPV","09","06","50","006","004","024",14,0,6,0,0,5,0,1,0,0,0,0,20
97669,"090650006009001","BB004","2021","CPV","09","06","50","006","009","001",66,5,19,1,1,18,5,6,7.57575757575758,5.26315789473684,5.26315789473684,27.7777777777778,33.3333333333333
97670,"090650005007005","BB004","2021","CPV","09","06","50","005","007","005",98,4,32,0,0,28,7,7,4.08163265306122,0,0,25,25
97671,"090650008010005","BB004","2021","CPV","09","06","50","008","010","005",89,2,25,3,1,26,3,9,2.24719101123596,12,4,11.5384615384615,34.6153846153846
97672,"090650006009007","BB004","2021","CPV","09","06","50","006","009","007",20,4,7,0,1,7,0,2,20,0,14.2857142857143,0,28.5714285714286
97673,"090650006009006","BB004","2021","CPV",NA,NA,NA,NA,NA,NA,0,0,0,0,0,0,0,0,NA,NA,NA,NA,NA
97674,"090650002001007","BB004","2021","CPV","09","06","50","002","001","007",72,1,28,1,1,21,2,8,1.38888888888889,3.57142857142857,3.57142857142857,9.52380952380952,38.0952380952381
97675,"090650010007001","BB004","2021","CPV","09","06","50","010","007","001",99,13,28,0,2,28,2,10,13.1313131313131,0,7.14285714285714,7.14285714285714,35.7142857142857
97676,"090650006001005","BB004","2021","CPV","09","06","50","006","001","005",47,4,16,0,0,13,1,3,8.51063829787234,0,0,7.69230769230769,23.0769230769231
97677,"090650006009010","BB004","2021","CPV","09","06","50","006","009","010",31,3,9,0,0,9,1,1,9.67741935483871,0,0,11.1111111111111,11.1111111111111
97678,"090650010007005","BB004","2021","CPV","09","06","50","010","007","005",51,10,16,0,0,14,4,4,19.6078431372549,0,0,28.5714285714286,28.5714285714286
97679,"090650002001001","BB004","2021","CPV","09","06","50","002","001","001",23,1,6,2,0,6,2,5,4.34782608695652,33.3333333333333,0,33.3333333333333,83.3333333333333
97680,"090650008010002","BB004","2021","CPV",NA,NA,NA,NA,NA,NA,0,0,0,0,0,0,0,0,NA,NA,NA,NA,NA
97681,"090650007007002","BB004","2021","CPV","09","06","50","007","007","002",59,2,21,0,0,14,1,1,3.38983050847458,0,0,7.14285714285714,7.14285714285714
97682,"090650005007006","BB004","2021","CPV","09","06","50","005","007","006",79,7,29,0,0,27,1,3,8.86075949367089,0,0,3.7037037037037,11.1111111111111
97683,"090650006009012","BB004","2021","CPV","09","06","50","006","009","012",12,0,3,0,2,4,1,4,0,0,66.6666666666667,25,100
97684,"090650009007003","BB004","2021","CPV","09","06","50","009","007","003",43,6,19,5,1,13,3,5,13.953488372093,26.3157894736842,5.26315789473684,23.0769230769231,38.4615384615385
97685,"090650002005004","BB004","2021","CPV","09","06","50","002","005","004",128,8,39,0,0,39,7,8,6.25,0,0,17.9487179487179,20.5128205128205
97686,"090650006006003","BB004","2021","CPV","09","06","50","006","006","003",71,4,26,0,1,20,2,5,5.63380281690141,0,3.84615384615385,10,25
97687,"090653001003014","BB004","2021","CPV","09","06","53","001","003","014",43,9,22,0,0,15,3,7,20.9302325581395,0,0,20,46.6666666666667
97688,"090653001002007","BB004","2021","CPV","09","06","53","001","002","007",24,5,12,0,1,9,2,4,20.8333333333333,0,8.33333333333333,22.2222222222222,44.4444444444444
97689,"090653001003003","BB004","2021","CPV","09","06","53","001","003","003",54,2,20,0,0,13,3,6,3.7037037037037,0,0,23.0769230769231,46.1538461538462
97690,"090653001003006","BB004","2021","CPV","09","06","53","001","003","006",25,1,7,0,0,7,2,5,4,0,0,28.5714285714286,71.4285714285714
97691,"090653001003005","BB004","2021","CPV","09","06","53","001","003","005",70,3,23,0,0,21,5,8,4.28571428571429,0,0,23.8095238095238,38.0952380952381
97692,"090653001002006","BB004","2021","CPV","09","06","53","001","002","006",90,6,25,0,0,25,2,5,6.66666666666667,0,0,8,20
97693,"090653001001007","BB004","2021","CPV","09","06","53","001","001","007",6,1,4,1,1,3,1,3,16.6666666666667,25,25,33.3333333333333,100
97694,"090653001003010","BB004","2021","CPV","09","06","53","001","003","010",43,4,12,0,1,10,5,8,9.30232558139535,0,8.33333333333333,50,80
97695,"090650006009008","BB004","2021","CPV","09","06","50","006","009","008",21,0,10,0,0,8,0,0,0,0,0,0,0
97696,"090650009007005","BB004","2021","CPV","09","06","50","009","007","005",142,15,36,3,0,33,6,10,10.5633802816901,8.33333333333333,0,18.1818181818182,30.3030303030303
97697,"090650009001003","BB004","2021","CPV","09","06","50","009","001","003",75,10,38,0,0,24,1,1,13.3333333333333,0,0,4.16666666666667,4.16666666666667
97698,"090650007007001","BB004","2021","CPV","09","06","50","007","007","001",139,17,45,3,3,40,7,13,12.2302158273381,6.66666666666667,6.66666666666667,17.5,32.5
97699,"090650006001006","BB004","2021","CPV","09","06","50","006","001","006",30,3,12,0,0,9,0,2,10,0,0,0,22.2222222222222
97700,"090653001003002","BB004","2021","CPV","09","06","53","001","003","002",24,3,9,0,0,5,0,2,12.5,0,0,0,40
97701,"090650009007001","BB004","2021","CPV","09","06","50","009","007","001",93,15,44,1,0,28,3,4,16.1290322580645,2.27272727272727,0,10.7142857142857,14.2857142857143
97702,"090650006008001","BB004","2021","CPV","09","06","50","006","008","001",171,27,65,0,2,58,5,11,15.7894736842105,0,3.07692307692308,8.62068965517241,18.9655172413793
97703,"090650007007004","BB004","2021","CPV","09","06","50","007","007","004",87,8,34,1,1,26,3,7,9.19540229885057,2.94117647058824,2.94117647058824,11.5384615384615,26.9230769230769
97704,"090650001004005","BB004","2021","CPV","09","06","50","001","004","005",36,3,14,1,2,14,3,10,8.33333333333333,7.14285714285714,14.2857142857143,21.4285714285714,71.4285714285714
97705,"090650001005007","BB004","2021","CPV",NA,NA,NA,NA,NA,NA,0,0,0,0,0,0,0,0,NA,NA,NA,NA,NA
97706,"090650006006007","BB004","2021","CPV","09","06","50","006","006","007",5,1,3,0,0,2,0,0,20,0,0,0,0
97707,"090650002003003","BB004","2021","CPV","09","06","50","002","003","003",92,1,25,2,2,23,11,17,1.08695652173913,8,8,47.8260869565217,73.9130434782609
97708,"090650004005003","BB004","2021","CPV","09","06","50","004","005","003",133,17,38,1,0,34,6,6,12.781954887218,2.63157894736842,0,17.6470588235294,17.6470588235294
97709,"090650001004002","BB004","2021","CPV","09","06","50","001","004","002",67,7,20,3,1,22,4,14,10.4477611940298,15,5,18.1818181818182,63.6363636363636
97710,"090650002004003","BB004","2021","CPV","09","06","50","002","004","003",107,4,24,1,2,36,8,19,3.73831775700935,4.16666666666667,8.33333333333333,22.2222222222222,52.7777777777778
97711,"090650006001002","BB004","2021","CPV","09","06","50","006","001","002",6,3,3,0,0,3,0,0,50,0,0,0,0
97712,"090650007007003","BB004","2021","CPV",NA,NA,NA,NA,NA,NA,0,0,0,0,0,0,0,0,NA,NA,NA,NA,NA
97713,"090650009001001","BB004","2021","CPV","09","06","50","009","001","001",79,4,28,0,1,22,3,5,5.06329113924051,0,3.57142857142857,13.6363636363636,22.7272727272727
97714,"090650006001001","BB004","2021","CPV","09","06","50","006","001","001",1,0,2,0,0,1,0,0,0,0,0,0,0
97715,"090650001004003","BB004","2021","CPV","09","06","50","001","004","003",90,9,26,2,6,29,5,14,10,7.69230769230769,23.0769230769231,17.2413793103448,48.2758620689655
97716,"090650002003004","BB004","2021","CPV","09","06","50","002","003","004",102,6,31,2,0,30,7,19,5.88235294117647,6.45161290322581,0,23.3333333333333,63.3333333333333
97717,"090650006009002","BB004","2021","CPV",NA,NA,NA,NA,NA,NA,0,0,0,0,0,0,0,0,NA,NA,NA,NA,NA
97718,"090650001004006","BB004","2021","CPV",NA,NA,NA,NA,NA,NA,0,0,0,0,0,0,0,0,NA,NA,NA,NA,NA
97719,"090650002009003","BB004","2021","CPV","09","06","50","002","009","003",85,2,27,2,0,26,8,14,2.35294117647059,7.40740740740741,0,30.7692307692308,53.8461538461538
97720,"090650005001007","BB004","2021","CPV","09","06","50","005","001","007",55,0,18,0,3,16,4,10,0,0,16.6666666666667,25,62.5
97721,"090650002001008","BB004","2021","CPV","09","06","50","002","001","008",58,2,19,1,0,15,4,7,3.44827586206897,5.26315789473684,0,26.6666666666667,46.6666666666667
97722,"090650001005005","BB004","2021","CPV","09","06","50","001","005","005",34,5,12,1,1,12,2,10,14.7058823529412,8.33333333333333,8.33333333333333,16.6666666666667,83.3333333333333
97723,"090650002005001","BB004","2021","CPV","09","06","50","002","005","001",139,6,45,0,0,42,11,19,4.31654676258993,0,0,26.1904761904762,45.2380952380952
97724,"090650006009011","BB004","2021","CPV","09","06","50","006","009","011",20,2,6,0,0,5,0,1,10,0,0,0,20
97725,"090650005001005","BB004","2021","CPV","09","06","50","005","001","005",68,1,27,0,3,22,4,8,1.47058823529412,0,11.1111111111111,18.1818181818182,36.3636363636364
97726,"090650009006002","BB004","2021","CPV","09","06","50","009","006","002",62,12,19,0,0,16,0,2,19.3548387096774,0,0,0,12.5
97727,"090650001004007","BB004","2021","CPV","09","06","50","001","004","007",95,7,36,8,6,38,6,33,7.36842105263158,22.2222222222222,16.6666666666667,15.7894736842105,86.8421052631579
97728,"090650002003005","BB004","2021","CPV",NA,NA,NA,NA,NA,NA,0,0,0,0,0,0,0,0,NA,NA,NA,NA,NA
97729,"090650002001006","BB004","2021","CPV","09","06","50","002","001","006",61,2,23,1,1,17,5,9,3.27868852459016,4.34782608695652,4.34782608695652,29.4117647058824,52.9411764705882
97730,"090650005007001","BB004","2021","CPV","09","06","50","005","007","001",30,0,23,0,0,11,1,1,0,0,0,9.09090909090909,9.09090909090909
97731,"090650004002007","BB004","2021","CPV","09","06","50","004","002","007",60,6,26,0,3,18,3,9,10,0,11.5384615384615,16.6666666666667,50
97732,"090650002005003","BB004","2021","CPV","09","06","50","002","005","003",129,9,48,0,1,41,13,25,6.97674418604651,0,2.08333333333333,31.7073170731707,60.9756097560976
97733,"090650002003008","BB004","2021","CPV","09","06","50","002","003","008",55,2,18,0,0,14,3,5,3.63636363636364,0,0,21.4285714285714,35.7142857142857
97734,"090650002002003","BB004","2021","CPV","09","06","50","002","002","003",24,4,10,0,0,9,0,3,16.6666666666667,0,0,0,33.3333333333333
97735,"090650012001001","BB004","2021","CPV","09","06","50","012","001","001",9,2,2,0,1,2,1,1,22.2222222222222,0,50,50,50
97736,"090650006008002","BB004","2021","CPV","09","06","50","006","008","002",149,15,50,2,2,42,7,16,10.0671140939597,4,4,16.6666666666667,38.0952380952381
97737,"090650005006005","BB004","2021","CPV","09","06","50","005","006","005",59,3,23,1,0,19,1,2,5.08474576271187,4.34782608695652,0,5.26315789473684,10.5263157894737
97738,"090650002004002","BB004","2021","CPV","09","06","50","002","004","002",36,1,13,0,1,13,4,8,2.77777777777778,0,7.69230769230769,30.7692307692308,61.5384615384615
97739,"090650005005009","BB004","2021","CPV","09","06","50","005","005","009",66,2,24,0,0,18,2,2,3.03030303030303,0,0,11.1111111111111,11.1111111111111
97740,"090650010007009","BB004","2021","CPV","09","06","50","010","007","009",22,2,3,0,0,3,0,1,9.09090909090909,0,0,0,33.3333333333333
97741,"090650005005016","BB004","2021","CPV","09","06","50","005","005","016",19,1,7,1,1,5,1,3,5.26315789473684,14.2857142857143,14.2857142857143,20,60
97742,"090650005005013","BB004","2021","CPV","09","06","50","005","005","013",20,1,7,0,2,6,0,4,5,0,28.5714285714286,0,66.6666666666667
97743,"090650002008002","BB004","2021","CPV","09","06","50","002","008","002",127,8,34,0,0,39,5,17,6.2992125984252,0,0,12.8205128205128,43.5897435897436
97744,"090650002004005","BB004","2021","CPV","09","06","50","002","004","005",95,2,35,1,0,31,6,15,2.10526315789474,2.85714285714286,0,19.3548387096774,48.3870967741936
97745,"090650005006011","BB004","2021","CPV","09","06","50","005","006","011",12,0,5,1,0,3,0,0,0,20,0,0,0
97746,"090650002008005","BB004","2021","CPV","09","06","50","002","008","005",67,6,26,0,0,27,2,10,8.95522388059701,0,0,7.40740740740741,37.037037037037
97747,"090650005005002","BB004","2021","CPV",NA,NA,NA,NA,NA,NA,0,0,0,0,0,0,0,0,NA,NA,NA,NA,NA
97748,"090650005005010","BB004","2021","CPV","09","06","50","005","005","010",56,1,19,0,0,14,2,4,1.78571428571429,0,0,14.2857142857143,28.5714285714286
97749,"090650005005001","BB004","2021","CPV","09","06","50","005","005","001",48,1,20,0,1,15,2,4,2.08333333333333,0,5,13.3333333333333,26.6666666666667
97750,"090650008002003","BB004","2021","CPV","09","06","50","008","002","003",51,11,22,0,0,16,0,2,21.5686274509804,0,0,0,12.5
97751,"090650010006003","BB004","2021","CPV","09","06","50","010","006","003",95,7,31,0,1,29,1,4,7.36842105263158,0,3.2258064516129,3.44827586206897,13.7931034482759
97752,"090650007004003","BB004","2021","CPV","09","06","50","007","004","003",75,12,21,1,2,22,4,7,16,4.76190476190476,9.52380952380952,18.1818181818182,31.8181818181818
97753,"090650008002002","BB004","2021","CPV","09","06","50","008","002","002",119,23,51,0,0,38,2,3,19.327731092437,0,0,5.26315789473684,7.89473684210526
97754,"090650009004001","BB004","2021","CPV","09","06","50","009","004","001",164,25,54,0,2,45,10,14,15.2439024390244,0,3.7037037037037,22.2222222222222,31.1111111111111
97755,"090650007003002","BB004","2021","CPV","09","06","50","007","003","002",39,9,14,0,2,12,0,3,23.0769230769231,0,14.2857142857143,0,25
97756,"090650007003004","BB004","2021","CPV","09","06","50","007","003","004",12,1,3,0,0,3,0,0,8.33333333333333,0,0,0,0
97757,"090650010007002","BB004","2021","CPV","09","06","50","010","007","002",45,0,13,0,0,12,4,9,0,0,0,33.3333333333333,75
97758,"090650010005005","BB004","2021","CPV",NA,NA,NA,NA,NA,NA,0,0,0,0,0,0,0,0,NA,NA,NA,NA,NA
97759,"090650009004002","BB004","2021","CPV","09","06","50","009","004","002",82,9,36,0,2,25,2,8,10.9756097560976,0,5.55555555555556,8,32
97760,"090650010007008","BB004","2021","CPV","09","06","50","010","007","008",13,0,5,0,1,4,0,1,0,0,20,0,25
97761,"090650010005002","BB004","2021","CPV",NA,NA,NA,NA,NA,NA,0,0,0,0,0,0,0,0,NA,NA,NA,NA,NA
97762,"090650006008003","BB004","2021","CPV","09","06","50","006","008","003",37,8,20,1,2,15,0,4,21.6216216216216,5,10,0,26.6666666666667
97763,"090650007004004","BB004","2021","CPV","09","06","50","007","004","004",98,14,25,0,0,28,4,5,14.2857142857143,0,0,14.2857142857143,17.8571428571429
97764,"090650010005008","BB004","2021","CPV","09","06","50","010","005","008",75,5,22,1,1,20,3,7,6.66666666666667,4.54545454545455,4.54545454545455,15,35
97765,"090650009002003","BB004","2021","CPV","09","06","50","009","002","003",164,22,47,1,3,42,5,8,13.4146341463415,2.12765957446809,6.38297872340426,11.9047619047619,19.047619047619
97766,"090650005005006","BB004","2021","CPV","09","06","50","005","005","006",4,1,4,0,0,3,0,0,25,0,0,0,0
97767,"090650004002004","BB004","2021","CPV","09","06","50","004","002","004",53,6,19,2,0,17,1,2,11.3207547169811,10.5263157894737,0,5.88235294117647,11.7647058823529
97768,"090650002002004","BB004","2021","CPV","09","06","50","002","002","004",53,0,22,0,0,16,5,7,0,0,0,31.25,43.75
97769,"090650013003008","BB004","2021","CPV","09","06","50","013","003","008",49,4,13,0,2,14,5,9,8.16326530612245,0,15.3846153846154,35.7142857142857,64.2857142857143
97770,"090650002004004","BB004","2021","CPV","09","06","50","002","004","004",90,1,29,2,2,32,9,16,1.11111111111111,6.89655172413793,6.89655172413793,28.125,50
97771,"090650004003002","BB004","2021","CPV","09","06","50","004","003","002",75,4,35,0,1,26,3,4,5.33333333333333,0,2.85714285714286,11.5384615384615,15.3846153846154
97772,"090650002003006","BB004","2021","CPV","09","06","50","002","003","006",125,4,40,1,1,35,8,12,3.2,2.5,2.5,22.8571428571429,34.2857142857143
97773,"090650012002001","BB004","2021","CPV","09","06","50","012","002","001",70,10,29,0,0,21,1,1,14.2857142857143,0,0,4.76190476190476,4.76190476190476
97774,"090650002009004","BB004","2021","CPV","09","06","50","002","009","004",159,7,47,0,1,48,14,30,4.40251572327044,0,2.12765957446809,29.1666666666667,62.5
97775,"090650002002002","BB004","2021","CPV","09","06","50","002","002","002",8,0,3,1,0,3,1,2,0,33.3333333333333,0,33.3333333333333,66.6666666666667
97776,"090650012004003","BB004","2021","CPV","09","06","50","012","004","003",87,9,33,0,0,28,3,7,10.3448275862069,0,0,10.7142857142857,25
97777,"090650012002003","BB004","2021","CPV","09","06","50","012","002","003",64,18,30,0,0,23,1,2,28.125,0,0,4.34782608695652,8.69565217391304
97778,"090650013003001","BB004","2021","CPV",NA,NA,NA,NA,NA,NA,0,0,0,0,0,0,0,0,NA,NA,NA,NA,NA
97779,"090650012002002","BB004","2021","CPV","09","06","50","012","002","002",69,19,30,1,3,22,1,5,27.536231884058,3.33333333333333,10,4.54545454545455,22.7272727272727
97780,"090650013003005","BB004","2021","CPV","09","06","50","013","003","005",41,4,12,0,0,11,0,0,9.75609756097561,0,0,0,0
97781,"090650002002006","BB004","2021","CPV","09","06","50","002","002","006",25,2,10,0,0,10,1,3,8,0,0,10,30
97782,"090650005005008","BB004","2021","CPV","09","06","50","005","005","008",46,2,19,0,1,16,3,6,4.34782608695652,0,5.26315789473684,18.75,37.5
97783,"090650005005014","BB004","2021","CPV",NA,NA,NA,NA,NA,NA,0,0,0,0,0,0,0,0,NA,NA,NA,NA,NA
97784,"090650002003007","BB004","2021","CPV","09","06","50","002","003","007",87,4,26,1,0,22,4,6,4.59770114942529,3.84615384615385,0,18.1818181818182,27.2727272727273
97785,"090650005005005","BB004","2021","CPV",NA,NA,NA,NA,NA,NA,0,0,0,0,0,0,0,0,NA,NA,NA,NA,NA
97786,"090650004004007","BB004","2021","CPV","09","06","50","004","004","007",45,3,10,4,2,12,6,10,6.66666666666667,40,20,50,83.3333333333333
97787,"090650005005007","BB004","2021","CPV",NA,NA,NA,NA,NA,NA,0,0,0,0,0,0,0,0,NA,NA,NA,NA,NA
97788,"090650004004005","BB004","2021","CPV","09","06","50","004","004","005",131,17,40,1,1,39,4,5,12.9770992366412,2.5,2.5,10.2564102564103,12.8205128205128
97789,"090650004003001","BB004","2021","CPV","09","06","50","004","003","001",19,1,7,0,0,7,1,2,5.26315789473684,0,0,14.2857142857143,28.5714285714286
97790,"090650004002005","BB004","2021","CPV","09","06","50","004","002","005",61,5,25,0,2,19,4,4,8.19672131147541,0,8,21.0526315789474,21.0526315789474
97791,"090650002004006","BB004","2021","CPV","09","06","50","002","004","006",120,4,38,0,3,40,8,17,3.33333333333333,0,7.89473684210526,20,42.5
97792,"090650004008003","BB004","2021","CPV","09","06","50","004","008","003",30,6,16,0,0,12,0,4,20,0,0,0,33.3333333333333
97793,"090650004007001","BB004","2021","CPV","09","06","50","004","007","001",151,18,44,3,3,40,7,11,11.9205298013245,6.81818181818182,6.81818181818182,17.5,27.5
97794,"090650004004003","BB004","2021","CPV","09","06","50","004","004","003",64,7,27,4,2,23,2,6,10.9375,14.8148148148148,7.40740740740741,8.69565217391304,26.0869565217391
97795,"090650004004002","BB004","2021","CPV",NA,NA,NA,NA,NA,NA,0,0,0,0,0,0,0,0,NA,NA,NA,NA,NA
97796,"090650002001002","BB004","2021","CPV","09","06","50","002","001","002",209,7,58,11,1,56,16,37,3.34928229665072,18.9655172413793,1.72413793103448,28.5714285714286,66.0714285714286
97797,"090650004006001","BB004","2021","CPV","09","06","50","004","006","001",166,10,62,1,0,49,6,12,6.02409638554217,1.61290322580645,0,12.2448979591837,24.4897959183673
97798,"090650010007003","BB004","2021","CPV","09","06","50","010","007","003",15,0,5,0,0,6,1,3,0,0,0,16.6666666666667,50
97799,"090650008001013","BB004","2021","CPV","09","06","50","008","001","013",75,10,26,1,0,25,0,4,13.3333333333333,3.84615384615385,0,0,16
97800,"090650006004003","BB004","2021","CPV",NA,NA,NA,NA,NA,NA,0,0,0,0,0,0,0,0,NA,NA,NA,NA,NA
97801,"090650010007006","BB004","2021","CPV","09","06","50","010","007","006",64,4,18,0,0,18,3,4,6.25,0,0,16.6666666666667,22.2222222222222
97802,"090650010007007","BB004","2021","CPV","09","06","50","010","007","007",42,3,14,0,0,12,3,8,7.14285714285714,0,0,25,66.6666666666667
97803,"090650011005003","BB004","2021","CPV","09","06","50","011","005","003",90,4,32,0,0,27,5,8,4.44444444444444,0,0,18.5185185185185,29.6296296296296
97804,"090650006004021","BB004","2021","CPV","09","06","50","006","004","021",7,0,2,0,0,2,0,0,0,0,0,0,0
97805,"090650008003004","BB004","2021","CPV","09","06","50","008","003","004",50,10,21,0,1,19,1,10,20,0,4.76190476190476,5.26315789473684,52.6315789473684
97806,"090650010003001","BB004","2021","CPV","09","06","50","010","003","001",147,9,48,0,0,48,6,11,6.12244897959184,0,0,12.5,22.9166666666667
97807,"090650010007004","BB004","2021","CPV","09","06","50","010","007","004",72,3,24,1,1,24,3,11,4.16666666666667,4.16666666666667,4.16666666666667,12.5,45.8333333333333
97808,"090650006008005","BB004","2021","CPV","09","06","50","006","008","005",1,1,1,1,1,1,0,1,100,100,100,0,100
97809,"090650010003004","BB004","2021","CPV","09","06","50","010","003","004",84,2,26,0,1,23,4,9,2.38095238095238,0,3.84615384615385,17.3913043478261,39.1304347826087
97810,"090650008004001","BB004","2021","CPV","09","06","50","008","004","001",56,11,23,1,0,20,3,7,19.6428571428571,4.34782608695652,0,15,35
97811,"090650006004014","BB004","2021","CPV",NA,NA,NA,NA,NA,NA,0,0,0,0,0,0,0,0,NA,NA,NA,NA,NA
97812,"090650006007004","BB004","2021","CPV",NA,NA,NA,NA,NA,NA,0,0,0,0,0,0,0,0,NA,NA,NA,NA,NA
97813,"090650007002003","BB004","2021","CPV","09","06","50","007","002","003",131,17,54,0,0,45,2,5,12.9770992366412,0,0,4.44444444444444,11.1111111111111
97814,"090650006004018","BB004","2021","CPV","09","06","50","006","004","018",22,2,8,0,1,7,0,3,9.09090909090909,0,12.5,0,42.8571428571429
97815,"090650918003003","BB004","2021","CPV",NA,NA,NA,NA,NA,NA,0,0,0,0,0,0,0,0,NA,NA,NA,NA,NA
97816,"090650918002008","BB004","2021","CPV","09","06","50","918","002","008",16,1,6,0,0,5,0,4,6.25,0,0,0,80
97817,"090650918002004","BB004","2021","CPV","09","06","50","918","002","004",42,2,11,0,1,12,0,11,4.76190476190476,0,9.09090909090909,0,91.6666666666667
97818,"090650007008006","BB004","2021","CPV","09","06","50","007","008","006",39,2,12,0,2,11,0,3,5.12820512820513,0,16.6666666666667,0,27.2727272727273
97819,"090650004003004","BB004","2021","CPV","09","06","50","004","003","004",162,21,50,0,2,51,11,22,12.962962962963,0,4,21.5686274509804,43.1372549019608
97820,"090650010002003","BB004","2021","CPV","09","06","50","010","002","003",61,1,20,1,4,19,2,5,1.63934426229508,5,20,10.5263157894737,26.3157894736842
97821,"090650007008007","BB004","2021","CPV","09","06","50","007","008","007",80,6,27,4,3,24,4,8,7.5,14.8148148148148,11.1111111111111,16.6666666666667,33.3333333333333
97822,"090650011008005","BB004","2021","CPV","09","06","50","011","008","005",92,16,25,0,0,21,3,5,17.3913043478261,0,0,14.2857142857143,23.8095238095238
97823,"090650003003006","BB004","2021","CPV","09","06","50","003","003","006",69,6,23,0,1,20,6,9,8.69565217391304,0,4.34782608695652,30,45
97824,"090650013002007","BB004","2021","CPV","09","06","50","013","002","007",130,2,36,1,2,39,11,27,1.53846153846154,2.77777777777778,5.55555555555556,28.2051282051282,69.2307692307692
97825,"090650013006002","BB004","2021","CPV",NA,NA,NA,NA,NA,NA,0,0,0,0,0,0,0,0,NA,NA,NA,NA,NA
97826,"090650013002003","BB004","2021","CPV","09","06","50","013","002","003",64,2,22,1,1,20,2,7,3.125,4.54545454545455,4.54545454545455,10,35
97827,"090650006002005","BB004","2021","CPV","09","06","50","006","002","005",129,72,1,0,0,1,0,0,55.8139534883721,0,0,0,0
97828,"090650013006006","BB004","2021","CPV","09","06","50","013","006","006",32,1,9,0,4,10,4,8,3.125,0,44.4444444444444,40,80
97829,"090650011009001","BB004","2021","CPV","09","06","50","011","009","001",123,12,32,3,2,33,6,12,9.75609756097561,9.375,6.25,18.1818181818182,36.3636363636364
97830,"090650010005010","BB004","2021","CPV","09","06","50","010","005","010",72,7,23,1,1,20,3,4,9.72222222222222,4.34782608695652,4.34782608695652,15,20
97831,"090650010008005","BB004","2021","CPV","09","06","50","010","008","005",17,0,7,0,2,4,2,4,0,0,28.5714285714286,50,100
97832,"090650010003003","BB004","2021","CPV","09","06","50","010","003","003",45,1,25,0,0,14,2,2,2.22222222222222,0,0,14.2857142857143,14.2857142857143
97833,"090650010005009","BB004","2021","CPV","09","06","50","010","005","009",97,15,24,0,0,23,1,7,15.4639175257732,0,0,4.34782608695652,30.4347826086957
97834,"090650010005006","BB004","2021","CPV","09","06","50","010","005","006",91,3,32,2,2,27,5,15,3.2967032967033,6.25,6.25,18.5185185185185,55.5555555555556
97835,"090650007001003","BB004","2021","CPV","09","06","50","007","001","003",81,13,36,0,0,27,2,15,16.0493827160494,0,0,7.40740740740741,55.5555555555556
97836,"090650008004003","BB004","2021","CPV","09","06","50","008","004","003",115,22,42,0,0,36,6,11,19.1304347826087,0,0,16.6666666666667,30.5555555555556
97837,"090650009004004","BB004","2021","CPV",NA,NA,NA,NA,NA,NA,0,0,0,0,0,0,0,0,NA,NA,NA,NA,NA
97838,"090650010006005","BB004","2021","CPV","09","06","50","010","006","005",37,1,11,0,0,10,1,2,2.7027027027027,0,0,10,20
97839,"090650010005007","BB004","2021","CPV","09","06","50","010","005","007",64,6,18,1,0,18,4,7,9.375,5.55555555555556,0,22.2222222222222,38.8888888888889
97840,"090650007003005","BB004","2021","CPV","09","06","50","007","003","005",32,9,17,0,0,13,0,9,28.125,0,0,0,69.2307692307692
97841,"090650010006006","BB004","2021","CPV","09","06","50","010","006","006",22,1,10,1,1,7,1,3,4.54545454545455,10,10,14.2857142857143,42.8571428571429
97842,"090650010006004","BB004","2021","CPV",NA,NA,NA,NA,NA,NA,0,0,0,0,0,0,0,0,NA,NA,NA,NA,NA
97843,"090650010003002","BB004","2021","CPV","09","06","50","010","003","002",115,12,47,1,2,36,8,12,10.4347826086957,2.12765957446809,4.25531914893617,22.2222222222222,33.3333333333333
97844,"090650007006004","BB004","2021","CPV","09","06","50","007","006","004",56,3,19,1,3,18,3,7,5.35714285714286,5.26315789473684,15.7894736842105,16.6666666666667,38.8888888888889
97845,"090650006008004","BB004","2021","CPV","09","06","50","006","008","004",24,8,8,0,1,7,1,2,33.3333333333333,0,12.5,14.2857142857143,28.5714285714286
97846,"090650006004011","BB004","2021","CPV","09","06","50","006","004","011",19,1,7,0,0,7,1,4,5.26315789473684,0,0,14.2857142857143,57.1428571428571
97847,"090650008004002","BB004","2021","CPV","09","06","50","008","004","002",92,19,36,2,2,26,4,8,20.6521739130435,5.55555555555556,5.55555555555556,15.3846153846154,30.7692307692308
97848,"090650008003005","BB004","2021","CPV","09","06","50","008","003","005",94,11,31,1,4,29,3,9,11.7021276595745,3.2258064516129,12.9032258064516,10.3448275862069,31.0344827586207
97849,"090650006004006","BB004","2021","CPV","09","06","50","006","004","006",24,0,12,0,0,8,2,3,0,0,0,25,37.5
97850,"090650007001001","BB004","2021","CPV","09","06","50","007","001","001",32,10,15,0,0,11,0,2,31.25,0,0,0,18.1818181818182
97851,"090650007006001","BB004","2021","CPV","09","06","50","007","006","001",207,16,63,2,7,73,9,25,7.72946859903382,3.17460317460317,11.1111111111111,12.3287671232877,34.2465753424658
97852,"090650008003003","BB004","2021","CPV","09","06","50","008","003","003",70,11,27,1,1,21,1,3,15.7142857142857,3.7037037037037,3.7037037037037,4.76190476190476,14.2857142857143
97853,"090650009008004","BB004","2021","CPV","09","06","50","009","008","004",64,8,31,1,1,21,4,5,12.5,3.2258064516129,3.2258064516129,19.047619047619,23.8095238095238
97854,"090650010008001","BB004","2021","CPV","09","06","50","010","008","001",40,0,14,0,2,10,4,6,0,0,14.2857142857143,40,60
97855,"090650006004017","BB004","2021","CPV","09","06","50","006","004","017",21,1,11,1,2,7,1,2,4.76190476190476,9.09090909090909,18.1818181818182,14.2857142857143,28.5714285714286
97856,"090650007002001","BB004","2021","CPV","09","06","50","007","002","001",81,10,31,0,0,24,0,1,12.3456790123457,0,0,0,4.16666666666667
97857,"090650010008002","BB004","2021","CPV","09","06","50","010","008","002",49,0,13,0,0,12,2,6,0,0,0,16.6666666666667,50
97858,"090650007002002","BB004","2021","CPV","09","06","50","007","002","002",124,24,66,0,0,40,0,1,19.3548387096774,0,0,0,2.5
97859,"090650008003002","BB004","2021","CPV","09","06","50","008","003","002",9,4,7,0,0,4,0,1,44.4444444444444,0,0,0,25
97860,"090650013001004","BB004","2021","CPV","09","06","50","013","001","004",121,7,38,1,0,34,10,13,5.78512396694215,2.63157894736842,0,29.4117647058824,38.2352941176471
97861,"090650013004007","BB004","2021","CPV","09","06","50","013","004","007",70,3,24,1,3,20,6,11,4.28571428571429,4.16666666666667,12.5,30,55
97971,"090650002004001","BB004","2022","CPV","09","06","50","002","004","001",125,4,49,3,4,36,10,22,3.2,6.12244897959184,8.16326530612245,27.7777777777778,61.1111111111111
97972,"090650001007006","BB004","2022","CPV","09","06","50","001","007","006",61,5,24,8,10,25,6,24,8.19672131147541,33.3333333333333,41.6666666666667,24,96
97973,"090650001006005","BB004","2022","CPV","09","06","50","001","006","005",168,16,61,7,5,56,9,47,9.52380952380952,11.4754098360656,8.19672131147541,16.0714285714286,83.9285714285714
97974,"090650001007002","BB004","2022","CPV","09","06","50","001","007","002",40,1,17,0,2,13,4,8,2.5,0,11.7647058823529,30.7692307692308,61.5384615384615
97975,"090650001007001","BB004","2022","CPV","09","06","50","001","007","001",163,15,61,4,6,51,6,32,9.20245398773006,6.55737704918033,9.83606557377049,11.7647058823529,62.7450980392157
97976,"090650001007007","BB004","2022","CPV","09","06","50","001","007","007",29,3,9,0,0,9,1,7,10.3448275862069,0,0,11.1111111111111,77.7777777777778
97977,"090650001003001","BB004","2022","CPV","09","06","50","001","003","001",75,6,29,1,1,23,7,23,8,3.44827586206897,3.44827586206897,30.4347826086957,100
97978,"090650012005001","BB004","2022","CPV","09","06","50","012","005","001",208,14,80,0,5,60,7,15,6.73076923076923,0,6.25,11.6666666666667,25
97979,"090650013006008","BB004","2022","CPV","09","06","50","013","006","008",21,5,7,0,4,5,1,4,23.8095238095238,0,57.1428571428571,20,80
97980,"090650012007007","BB004","2022","CPV","09","06","50","012","007","007",108,8,34,0,2,30,5,14,7.40740740740741,0,5.88235294117647,16.6666666666667,46.6666666666667
97981,"090650012007005","BB004","2022","CPV","09","06","50","012","007","005",47,4,24,3,3,20,3,13,8.51063829787234,12.5,12.5,15,65
97982,"090656001003005","BB004","2022","CPV","09","06","56","001","003","005",258,29,90,7,11,97,14,90,11.2403100775194,7.77777777777778,12.2222222222222,14.4329896907216,92.7835051546392
97983,"090656001003008","BB004","2022","CPV","09","06","56","001","003","008",14,1,5,0,0,5,0,2,7.14285714285714,0,0,0,40
97984,"090650025010003","BB004","2022","CPV","09","06","50","025","010","003",264,10,81,1,37,73,12,56,3.78787878787879,1.23456790123457,45.679012345679,16.4383561643836,76.7123287671233
97992,"090650921002001","BB004","2022","CPV","09","06","50","921","002","001",9,1,4,1,0,4,0,3,11.1111111111111,25,0,0,75
97993,"090654913001002","BB004","2022","CPV","09","06","54","913","001","002",82,4,28,4,1,25,2,8,4.8780487804878,14.2857142857143,3.57142857142857,8,32
98069,"090650006004007","BB004","2021","CPV","09","06","50","006","004","007",45,1,11,0,0,12,4,7,2.22222222222222,0,0,33.3333333333333,58.3333333333333
98070,"090650006001007","BB004","2021","CPV","09","06","50","006","001","007",129,20,57,2,8,41,4,15,15.5038759689922,3.50877192982456,14.0350877192982,9.75609756097561,36.5853658536585
98071,"090650006005008","BB004","2021","CPV","09","06","50","006","005","008",35,0,11,1,0,11,2,2,0,9.09090909090909,0,18.1818181818182,18.1818181818182
