"NOMPROV","PROV","NOMDEPTO","DEPTO","FRAC","RADIO","TIPO","LINK","OBS2020","area_km2","link_chr","codigo","indice_envejecimiento","pct_pob_65_mas","pct_pob_80_mas","tasa_actividad","tasa_empleo","pct_sin_agua_red","pct_desague_sin_red","poblacion_total","densidad_poblacional"
"NEUQUEN","58","Confluencia","035","35","01","U","580353501",NA,2.11236317594345,"580353501",580353501,31.25,8.62,2.01,63.64,59.68,83.7,97.5,348,164.744398105014
"NEUQUEN","58","Confluencia","035","35","07","U","580353507",NA,5.35132808842885,"580353507",580353507,15.79,4.96,0.5,77.25,71.33,18.9,85.6,605,113.056047022829
"NEUQUEN","58","Confluencia","035","35","02","U","580353502",NA,0.207005451231528,"580353502",580353502,5.36,1.95,0.22,76.16,70.53,8.7,85.8,462,2231.82528407559
"NEUQUEN","58","Confluencia","035","16","08","M","580351608",NA,28.8236104816618,"580351608",580351608,16.47,4.62,0,70.27,66.22,17.9,92.4,303,10.5122153309966
"NEUQUEN","58","Confluencia","035","35","03","U","580353503",NA,0.176887345154699,"580353503",580353503,8.76,2.8,0.38,71.87,67.88,4.1,50.2,785,4437.85280011676
"NEUQUEN","58","Confluencia","035","35","06","U","580353506",NA,0.244291257263608,"580353506",580353506,7.16,2.26,0.53,65.39,60.38,4,43.8,1326,5427.94701232041
"NEUQUEN","58","Confluencia","035","35","04","U","580353504",NA,0.155689270354053,"580353504",580353504,16.78,4.27,0.53,66.82,60.73,3.9,5.4,1124,7219.50843140257
"NEUQUEN","58","Confluencia","035","25","01","U","580352501",NA,0.0974369575159624,"580352501",580352501,10.61,1.99,0.43,66.38,59.52,4.2,16.2,703,7214.92150332006
"NEUQUEN","58","Confluencia","035","25","02","U","580352502",NA,0.088823777591005,"580352502",580352502,24.3,5.04,0.39,68.36,63.04,2.4,11.9,516,5809.25529170755
"NEUQUEN","58","Confluencia","035","35","05","U","580353505",NA,0.151424371244915,"580353505",580353505,16.67,4.48,1.15,67.81,60.94,1.1,24.2,960,6339.79848889245
"NEUQUEN","58","Confluencia","035","25","18","U","580352518",NA,0.0953946715639457,"580352518",580352518,24.32,5.4,1.05,66.04,62.26,2.7,19.1,667,6992.00478459524
"NEUQUEN","58","Confluencia","035","25","19","U","580352519",NA,0.0940350230958685,"580352519",580352519,40.32,7.7,1.08,69.29,65.36,4.9,9,649,6901.68384749952
"NEUQUEN","58","Confluencia","035","25","11","U","580352511",NA,0.211674910825096,"580352511",580352511,28.07,5.38,1.23,64.21,60.25,3.8,5.2,892,4214.00909783327
"NEUQUEN","58","Confluencia","035","25","03","U","580352503",NA,0.099131078646671,"580352503",580352503,13.97,3.35,0.54,66.9,60.89,3.1,12.9,747,7535.47737196023
"NEUQUEN","58","Confluencia","035","25","12","U","580352512",NA,0.148123120557731,"580352512",580352512,20.21,5.22,0.71,67.33,61.49,0,7.7,1131,7635.5399193686
"NEUQUEN","58","Confluencia","035","35","08","U","580353508",NA,0.219107811610205,"580353508",580353508,5.73,2.07,0.46,71.3,67.48,4.7,92,870,3970.64802759172
"NEUQUEN","58","Confluencia","035","25","04","U","580352504",NA,0.129723604919933,"580352504",580352504,93.46,11.81,2.13,65,60,2.2,5.1,847,6529.26659356083
"NEUQUEN","58","Confluencia","035","25","20","U","580352520",NA,0.113932894698068,"580352520",580352520,37.96,6.31,0.62,62.59,57.12,2.5,4.6,650,5705.11266059335
"NEUQUEN","58","Confluencia","035","25","13","U","580352513",NA,0.130843756291157,"580352513",580352513,24.31,5.98,1.02,68.21,61.81,2.7,18.5,1171,8949.60549278533
"NEUQUEN","58","Confluencia","035","25","05","U","580352505",NA,0.0774121811348945,"580352505",580352505,75.86,8.26,1.13,60.96,54.49,2.1,2.6,533,6885.22132028836
"NEUQUEN","58","Confluencia","035","25","14","U","580352514",NA,0.200593606095759,"580352514",580352514,38.21,7.89,1.09,64.08,57.97,1.6,13.8,1192,5942.36288583876
"NEUQUEN","58","Confluencia","035","35","09","U","580353509",NA,0.400803536166947,"580353509",580353509,5.23,1.82,0.4,72.59,68.07,3.7,72.8,494,1232.52405586121
"NEUQUEN","58","Confluencia","035","25","06","U","580352506",NA,0.0452142345092315,"580352506",580352506,103.51,16.95,3.45,59.12,52.03,3.9,3.1,348,7696.69118093657
"NEUQUEN","58","Confluencia","035","01","02","M","580350102",NA,186.059968032125,"580350102",580350102,58.43,15.2,1.17,62.35,59.22,24.4,97.6,342,1.83811705235245
"NEUQUEN","58","Confluencia","035","01","05","M","580350105",NA,1349.09228707971,"580350105",580350105,53.45,11.36,2.2,70,68.18,84.5,92,273,0.202358283873185
"NEUQUEN","58","Confluencia","035","01","10","U","580350110",NA,0.807967987966746,"580350110",580350110,60,12,0,61.9,52.38,0,30,25,30.9418199388228
"NEUQUEN","58","Confluencia","035","01","09","U","580350109",NA,0.429564488926955,"580350109",580350109,55.56,16.13,1.94,36.04,24.32,10.8,70.3,155,360.830571417082
"NEUQUEN","58","Confluencia","035","01","04","U","580350104",NA,0.28382375831712,"580350104",580350104,70,15.91,4.55,50,47.06,18.8,68.8,44,155.025781706541
"NEUQUEN","58","Confluencia","035","01","11","U","580350111",NA,0.568786651916042,"580350111",580350111,46.67,10.77,0,54.9,29.41,23.5,5.9,65,114.278349854094
"NEUQUEN","58","Confluencia","035","01","12","U","580350112",NA,0.726591664189051,"580350112",580350112,100,18.75,0,92.31,76.92,62.5,75,16,22.0206214694984
"NEUQUEN","58","Confluencia","035","20","04","M","580352004",NA,1384.62633279499,"580352004",580352004,100,11.32,1.89,70.21,68.09,35,55,53,0.03827747511707
"NEUQUEN","58","Confluencia","035","01","13","U","580350113",NA,1.91680491244596,"580350113",580350113,0,0,0,58.33,41.67,80,100,16,8.34722401644047
"NEUQUEN","58","Confluencia","035","01","14","U","580350114",NA,1.63408723064675,"580350114",580350114,0,0,0,42.86,28.57,0,0,8,4.89569947672483
"NEUQUEN","58","Confluencia","035","16","01","M","580351601",NA,87.7069976774976,"580351601",580351601,37.01,9.14,1.36,64.12,60.69,57.2,97.8,1029,11.7322451714021
"NEUQUEN","58","Confluencia","035","16","02","U","580351602",NA,0.470557679874342,"580351602",580351602,25,6.8,1.21,62.62,59.02,12.1,84.3,412,875.556850140074
"NEUQUEN","58","Confluencia","035","16","17","U","580351617",NA,0.173819290864423,"580351617",580351617,41.42,10.51,1.05,60.08,55.43,3.6,40.3,666,3831.56551086998
"NEUQUEN","58","Confluencia","035","16","03","M","580351603",NA,8.54683746779758,"580351603",580351603,34.65,9.28,1.69,68.93,65.82,59.6,100,474,55.4591100843929
"NEUQUEN","58","Confluencia","035","16","05","U","580351605",NA,1.68613294811218,"580351605",580351605,33.22,8.84,1.35,62.59,59.83,8.7,95.8,1109,657.718005713399
"NEUQUEN","58","Confluencia","035","16","06","M","580351606",NA,12.2429117498869,"580351606",580351606,52.17,11.27,2.4,66.54,64.46,16.6,65.4,958,78.2493592677288
"NEUQUEN","58","Confluencia","035","16","04","U","580351604",NA,0.101552261579052,"580351604",580351604,70.25,14.53,3.59,61.31,57.72,9.4,96.3,585,5760.58071877224
"NEUQUEN","58","Confluencia","035","16","07","M","580351607",NA,7.22713840836899,"580351607",580351607,27.31,6.45,1.33,69.31,64.19,21.3,84.9,1055,145.977555760979
"NEUQUEN","58","Confluencia","035","16","11","U","580351611",NA,0.269217547310931,"580351611",580351611,30.21,8.67,1.49,62.68,56.91,1.8,100,669,2484.97918015479
"NEUQUEN","58","Confluencia","035","25","10","U","580352510",NA,0.139503266099961,"580352510",580352510,95.36,13.91,2.03,60.83,54.91,9.2,11.6,1035,7419.18113414184
"NEUQUEN","58","Confluencia","035","25","07","U","580352507",NA,0.0538137096777856,"580352507",580352507,87.8,16.85,2.65,58,50.85,2.3,2.3,641,11911.4627822175
"NEUQUEN","58","Confluencia","035","25","08","U","580352508",NA,0.0872307574894987,"580352508",580352508,64.08,11.91,1.81,68.4,64.5,1.3,2.2,554,6350.97087247802
"NEUQUEN","58","Confluencia","035","25","15","U","580352515",NA,0.13987113193405,"580352515",580352515,62.26,12.07,1.59,60.99,55.46,2.7,14.9,820,5862.53924352762
"NEUQUEN","58","Confluencia","035","35","10","U","580353510",NA,0.192151236320227,"580353510",580353510,6.56,2.18,0.27,72.39,68.24,2.3,83.1,734,3819.90776669665
"NEUQUEN","58","Confluencia","035","25","09","U","580352509",NA,0.0951050025016628,"580352509",580352509,81.82,15.21,2.61,55.54,51.66,1.3,1.7,651,6845.06579965253
"NEUQUEN","58","Confluencia","035","17","04","U","580351704",NA,0.111657498656616,"580351704",580351704,62.5,11.44,2.29,58.84,55.52,1.1,3.3,437,3913.75416123123
"NEUQUEN","58","Confluencia","035","17","09","U","580351709",NA,0.088312694183809,"580351709",580351709,137.5,20.99,3.44,56.07,51.21,3,2.5,524,5933.46182950071
"NEUQUEN","58","Confluencia","035","17","01","U","580351701",NA,0.291268777120143,"580351701",580351701,103.55,18.07,5.07,62.04,57.9,4.3,2.3,808,2774.07008052468
"NEUQUEN","58","Confluencia","035","17","16","U","580351716",NA,0.096776841657199,"580351716",580351716,75.51,13.03,2.64,61.12,58.84,2.8,1.9,568,5869.17273051706
"NEUQUEN","58","Confluencia","035","17","17","U","580351717",NA,0.0968285640896056,"580351717",580351717,121.36,20.59,4.45,60.39,56.12,2.3,2.3,607,6268.81133379485
"NEUQUEN","58","Confluencia","035","25","16","U","580352516",NA,0.138670750269519,"580352516",580352516,40.4,9.05,0.9,64.05,59.77,2.4,11.1,884,6374.81226777721
"NEUQUEN","58","Confluencia","035","17","10","U","580351710",NA,0.0704112733486891,"580351710",580351710,107.14,20.32,5.64,60.11,58.2,1.7,4.1,443,6291.60614389383
"NEUQUEN","58","Confluencia","035","35","12","U","580353512",NA,0.152280489940953,"580353512",580353512,5.98,2.4,1.03,71.63,67.77,2.9,100,584,3835.0283757719
"NEUQUEN","58","Confluencia","035","35","11","U","580353511",NA,0.135904530804368,"580353511",580353511,5.95,1.95,0.19,76.35,74.07,6.6,95.8,513,3774.70859112457
"NEUQUEN","58","Confluencia","035","17","11","U","580351711",NA,0.131420548696993,"580351711",580351711,75.76,14.73,2.5,63.11,58.05,0.4,3.5,679,5166.61973132925
"NEUQUEN","58","Confluencia","035","25","17","U","580352517",NA,0.167705133212637,"580352517",580352517,52.61,11.4,1.33,63.66,58.89,3.6,8.7,974,5807.81268492863
"NEUQUEN","58","Confluencia","035","17","12","U","580351712",NA,0.245796811303457,"580351712",580351712,46.67,9.28,1.52,68.84,63.02,4.6,4.1,528,2148.11574324347
"NEUQUEN","58","Confluencia","035","36","01","U","580353601",NA,0.154530361177074,"580353601",580353601,6.45,2.19,0.41,73.67,68.78,4.4,67.3,729,4717.51955050859
"NEUQUEN","58","Confluencia","035","17","02","U","580351702",NA,0.175885418740235,"580351702",580351702,121.51,19.12,4.57,63.35,60.76,0.7,1.8,591,3360.14209837853
"NEUQUEN","58","Confluencia","035","17","18","U","580351718",NA,0.111750286174182,"580351718",580351718,104.9,18.17,4.07,60,56.53,1.8,3.6,589,5270.68001492133
"NEUQUEN","58","Confluencia","035","17","08","U","580351708",NA,0.145547520600017,"580351708",580351708,78.22,14.13,4.65,61.94,57.42,1.9,5.3,559,3840.67002787497
"NEUQUEN","58","Confluencia","035","17","03","U","580351703",NA,0.117197502863005,"580351703",580351703,104.69,16.79,5.01,64.53,59.01,1.7,2.3,399,3404.50939868916
"NEUQUEN","58","Confluencia","035","36","07","U","580353607",NA,0.243340832989167,"580353607",580353607,4.23,1.27,0,74.4,66.67,6.2,94.8,237,973.942585338936
"NEUQUEN","58","Confluencia","035","36","02","U","580353602",NA,0.165344237453183,"580353602",580353602,7.8,2.4,0.15,71.49,67.09,3.5,22.5,666,4027.96015306295
"NEUQUEN","58","Confluencia","035","17","07","U","580351707",NA,0.154529711438589,"580351707",580351707,76.11,13.74,3.99,60.08,56.27,2.4,4,626,4051.00089925928
"NEUQUEN","58","Confluencia","035","36","03","U","580353603",NA,0.0715316037982963,"580353603",580353603,28.03,5.99,0.16,72.18,67.14,1.5,2.5,618,8639.5378711573
"NEUQUEN","58","Confluencia","035","17","15","U","580351715",NA,0.0941786947534084,"580351715",580351715,47.19,11.63,3.88,60.11,53.19,3.9,8.6,722,7666.27740903014
"NEUQUEN","58","Confluencia","035","17","13","U","580351713",NA,0.318395814340705,"580351713",580351713,100,17.28,2.66,64.03,54.15,3.2,4.8,301,945.364186471087
"NEUQUEN","58","Confluencia","035","36","04","U","580353604",NA,0.122534445132799,"580353604",580353604,14.35,4.04,0.54,68.04,64.11,2.6,9.6,743,6063.60113023532
"NEUQUEN","58","Confluencia","035","36","08","U","580353608",NA,0.13740472818866,"580353608",580353608,2.94,1.21,0.24,70.59,65.88,4.1,100,413,3005.71898394167
"NEUQUEN","58","Confluencia","035","36","06","U","580353606",NA,0.216119545577994,"580353606",580353606,6.84,2.28,0.55,68.97,62.85,3.5,84.4,1270,5876.37733830826
"NEUQUEN","58","Confluencia","035","16","09","M","580351609",NA,7.44683771569835,"580351609",580351609,25.81,6.14,1.73,73.38,70.15,15,49,521,69.9625827620364
"NEUQUEN","58","Confluencia","035","17","14","U","580351714",NA,0.145634004304446,"580351714",580351714,58.65,11.45,2.64,63.73,57.45,2.4,5.2,681,4676.10571619233
"NEUQUEN","58","Confluencia","035","17","06","U","580351706",NA,0.211367691838481,"580351706",580351706,89.91,15.17,2.32,62.98,60.04,2.5,1.4,646,3056.2854444834
"NEUQUEN","58","Confluencia","035","36","05","U","580353605",NA,0.745161357477784,"580353605",580353605,8.54,2.92,0.42,72.09,64.72,4.7,80,479,642.81379488238
"NEUQUEN","58","Confluencia","035","36","09","U","580353609",NA,0.14289988837006,"580353609",580353609,5.53,2.07,0,72.65,66.76,5.4,97.8,579,4051.78762981673
"NEUQUEN","58","Confluencia","035","17","05","U","580351705",NA,0.683563474467885,"580351705",580351705,46.07,9.69,2.36,68.53,65.88,1.9,23,423,618.815978032298
"NEUQUEN","58","Confluencia","035","36","10","U","580353610",NA,0.261263433902476,"580353610",580353610,7.76,2.56,0.43,70.71,66.32,5.7,84.7,704,2694.59828145254
"NEUQUEN","58","Confluencia","035","36","12","U","580353612",NA,0.384695602663091,"580353612",580353612,3.85,1.14,0,79.94,77.07,1.2,5.5,437,1135.96307567549
"NEUQUEN","58","Confluencia","035","36","11","U","580353611",NA,0.282084065695647,"580353611",580353611,9.88,3.31,0.58,65.71,59.43,2.5,96.2,514,1822.15184233262
"NEUQUEN","58","Confluencia","035","16","10","M","580351610",NA,7.96029864943919,"580351610",580351610,27.87,7.45,1.75,75,73.05,45.7,81.3,685,86.0520478145954
"NEUQUEN","58","Confluencia","035","16","13","U","580351613",NA,0.325322946712473,"580351613",580351613,16.18,4.62,0.42,70.31,68.07,6,85.3,476,1463.16146712116
"NEUQUEN","58","Confluencia","035","16","15","U","580351615",NA,4.24126115630856,"580351615",580351615,13.04,2.86,0.95,80.95,72.62,81.4,97.6,105,24.756787222079
"NEUQUEN","58","Confluencia","035","02","03","U","580350203",NA,1.84053814307874,"580350203",580350203,11.54,3.07,0,75.69,73.39,80.4,91,293,159.192571532306
"NEUQUEN","58","Confluencia","035","16","12","U","580351612",NA,0.0642340929445606,"580351612",580351612,85.71,13.57,1.81,58.64,56.02,1.1,8,221,3440.54052714252
"NEUQUEN","58","Confluencia","035","16","14","U","580351614",NA,0.694915285033328,"580351614",580351614,9.28,2.78,0.62,79.08,76.19,3.5,95.2,972,1398.73164533053
"NEUQUEN","58","Confluencia","035","21","01","M","580352101",NA,70.7036443915994,"580352101",580352101,23.17,6.15,0.97,71.27,64.36,23.9,65.4,618,8.74070927061615
"NEUQUEN","58","Confluencia","035","23","01","M","580352301",NA,10.7243501179362,"580352301",580352301,26.23,8,2.5,67.59,64.14,18.4,72.6,200,18.6491486943814
"NEUQUEN","58","Confluencia","035","22","01","M","580352201",NA,50.8453633116388,"580352201",580352201,27.94,7.59,1.07,63.48,58.33,62.2,91.7,751,14.7702750277741
"NEUQUEN","58","Confluencia","035","02","01","M","580350201",NA,21.6901660374266,"580350201",580350201,9.78,3.29,0.67,72.78,67.41,26,85.6,2522,116.273890925882
"NEUQUEN","58","Confluencia","035","02","04","U","580350204",NA,3.77336805654252,"580350204",580350204,25.93,7.62,0.97,65.28,60.27,80.8,92,827,219.167594469374
"NEUQUEN","58","Confluencia","035","02","08","U","580350208",NA,2.8636116513736,"580350208",580350208,15.38,4.54,0.68,70.22,66.14,2.2,26.1,441,154.001328982044
"NEUQUEN","58","Confluencia","035","16","16","U","580351616",NA,0.497469340397259,"580351616",580351616,6.49,2.15,0.36,69.13,64.38,84.5,96.2,557,1119.66699205061
"NEUQUEN","58","Confluencia","035","33","03","U","580353303",NA,0.388880180978975,"580353303",580353303,80,13.89,1.56,58.4,54.71,0.5,1.4,576,1481.17602329325
"NEUQUEN","58","Confluencia","035","19","03","U","580351903",NA,0.142379573469477,"580351903",580351903,82.63,17.21,3.18,60,55.78,1.2,15.4,912,6405.41320483387
"NEUQUEN","58","Confluencia","035","27","11","U","580352711",NA,0.128518857687026,"580352711",580352711,70.94,12.31,3.12,58.98,54.4,1.1,2.5,674,5244.3665632428
"NEUQUEN","58","Confluencia","035","19","05","U","580351905",NA,0.177359391611621,"580351905",580351905,71.92,13.54,3.15,66.22,61.43,0.5,7.5,1078,6078.05422765878
"NEUQUEN","58","Confluencia","035","33","05","U","580353305",NA,0.194804804724989,"580353305",580353305,33.7,7.1,1.26,67.9,59.34,5.1,6.9,873,4481.40897362586
"NEUQUEN","58","Confluencia","035","13","01","U","580351301",NA,0.389239964697992,"580351301",580351301,94.87,15.5,4.33,66.06,61.94,2,3.5,716,1839.48223445025
"NEUQUEN","58","Confluencia","035","33","02","U","580353302",NA,0.3118530110026,"580353302",580353302,97.46,12.85,1.9,59.9,53.51,0.3,2.7,895,2869.94182651178
"NEUQUEN","58","Confluencia","035","27","12","U","580352712",NA,0.0854157327157762,"580352712",580352712,68.93,13.22,2.79,64.71,59.95,1.4,1.9,537,6286.89800960774
"NEUQUEN","58","Confluencia","035","33","01","U","580353301",NA,0.18269969900022,"580353301",580353301,50,7.72,0.59,67.9,63.51,5.5,4.4,505,2764.09869728023
"NEUQUEN","58","Confluencia","035","12","05","U","580351205",NA,0.0966129729257287,"580351205",580351205,87.8,15.86,4.26,63.78,58.13,0.8,1.2,681,7048.74282797942
"NEUQUEN","58","Confluencia","035","34","05","U","580353405",NA,0.290737864898283,"580353405",580353405,60.44,12.06,2.41,64.5,59.76,3,4.8,912,3136.84631452828
"NEUQUEN","58","Confluencia","035","14","04","U","580351404",NA,0.160639280695919,"580351404",580351404,34.29,5.51,1.07,70.02,65.17,1.2,3.3,653,4065.00824188881
"NEUQUEN","58","Confluencia","035","12","04","U","580351204",NA,0.149745890232636,"580351204",580351204,82.76,14.52,3.53,59.52,53.82,1.7,2.5,992,6624.5557621574
"NEUQUEN","58","Confluencia","035","34","01","U","580353401",NA,0.231070035776393,"580353401",580353401,92.25,13.21,3.88,71.78,66.62,2.6,3.1,901,3899.25070540907
"NEUQUEN","58","Confluencia","035","14","03","U","580351403",NA,0.0613240332131833,"580351403",580351403,60,7.23,2.41,82.88,81.51,2.2,2.2,166,2706.9321977393
"NEUQUEN","58","Confluencia","035","33","04","U","580353304",NA,0.15261067984298,"580353304",580353304,10.19,3.49,0.44,68.93,63.11,8.3,4.2,459,3007.65320272645
"NEUQUEN","58","Confluencia","035","12","17","U","580351217",NA,0.208891153196372,"580351217",580351217,64.96,12.84,2.03,64.69,60.82,0.9,6.4,592,2834.01183315542
"NEUQUEN","58","Confluencia","035","19","02","U","580351902",NA,0.115510963938054,"580351902",580351902,66.36,13.94,2.55,62.27,58.49,1.6,14.9,1019,8821.67341748156
"NEUQUEN","58","Confluencia","035","12","03","U","580351203",NA,0.104937546640912,"580351203",580351203,100.85,17.43,5.02,64.15,59.05,3.5,3.9,677,6451.45633446757
"NEUQUEN","58","Confluencia","035","12","02","U","580351202",NA,0.0940961921051202,"580351202",580351202,68.83,12.5,2.12,73.56,66.95,2.5,1.5,424,4506.02718892519
"NEUQUEN","58","Confluencia","035","19","15","U","580351915",NA,0.12865079827201,"580351915",580351915,91,16.16,3.55,58.64,56.72,1.7,12.2,563,4376.18738136108
"NEUQUEN","58","Confluencia","035","19","16","U","580351916",NA,0.359060577751619,"580351916",580351916,26.92,5.94,0.51,65.53,62.77,4.8,70.9,589,1640.39172355881
"NEUQUEN","58","Confluencia","035","11","01","M","580351101",NA,10.7696257363266,"580351101",580351101,20.73,5.89,0.76,69.5,65.11,34.5,52.5,1443,133.987943065902
"NEUQUEN","58","Confluencia","035","13","02","U","580351302",NA,0.132797524372611,"580351302",580351302,70.91,11.89,1.83,69.53,64.52,6.6,7.9,328,2469.92556186271
"NEUQUEN","58","Confluencia","035","13","03","U","580351303",NA,0.0949162213458121,"580351303",580351303,75.86,12.94,3.53,72.89,66.2,2.8,4.2,340,3582.10635841965
"NEUQUEN","58","Confluencia","035","27","15","U","580352715",NA,0.162267821396695,"580352715",580352715,87.72,14.84,3.12,62.96,57.5,3.4,4.8,674,4153.62697421244
"NEUQUEN","58","Confluencia","035","02","06","U","580350206",NA,0.346018524082247,"580350206",580350206,7.35,2.35,0,74.15,70.29,22.1,97.3,639,1846.72193980029
"NEUQUEN","58","Confluencia","035","02","05","U","580350205",NA,2.80748970524128,"580350205",580350205,27.1,7.14,0.85,67.8,62.36,81.1,94,588,209.439770661409
"NEUQUEN","58","Confluencia","035","02","07","U","580350207",NA,0.507533661314569,"580350207",580350207,9.45,2.88,0.3,70.21,65.87,6.6,94.5,1007,1984.10485206391
"NEUQUEN","58","Confluencia","035","21","03","U","580352103",NA,2.45395084646299,"580352103",580352103,75.41,13.79,2.1,59.12,55.23,2.4,6.9,1334,543.613170542011
"NEUQUEN","58","Confluencia","035","02","02","M","580350202",NA,1.5252129779238,"580350202",580350202,10.75,2.93,0,77.65,76.47,3.2,5.6,341,223.575333370285
"NEUQUEN","58","Confluencia","035","03","02","M","580350302",NA,2.66146304340066,"580350302",580350302,148.63,21.07,4.17,54.81,51.9,1.2,7.1,1030,387.005185946121
"NEUQUEN","58","Confluencia","035","03","06","U","580350306",NA,0.0584674157543704,"580350306",580350306,111.45,20.45,2.38,54.76,49.75,0.8,1.9,714,12211.930197148
"NEUQUEN","58","Confluencia","035","03","05","U","580350305",NA,0.116512465263858,"580350305",580350305,59.59,13.74,1.58,59.24,55.22,5.5,14.7,633,5432.89508608787
"NEUQUEN","58","Confluencia","035","03","03","U","580350303",NA,0.943809914151333,"580350303",580350303,14.21,4.29,0.15,71.58,68,2.4,31.9,653,691.876605881146
"NEUQUEN","58","Confluencia","035","03","07","U","580350307",NA,0.0732527422269173,"580350307",580350307,97.92,18.29,2.72,63.05,58.18,1.5,1.1,771,10525.2032423803
"NEUQUEN","58","Confluencia","035","21","02","U","580352102",NA,0.79354217816163,"580352102",580352102,23.62,7.15,1.08,61.9,57.69,2.3,72.1,1021,1286.63608324552
"NEUQUEN","58","Confluencia","035","03","04","U","580350304",NA,0.105356811843561,"580350304",580350304,7.72,2.31,0.12,71.13,65.07,0.8,9.2,866,8219.68684175713
"NEUQUEN","58","Confluencia","035","03","01","M","580350301",NA,1.40693280410017,"580350301",580350301,7.19,2,0,70.81,68.92,1.7,2.8,501,356.093765487558
"NEUQUEN","58","Confluencia","035","02","13","U","580350213",NA,0.328410365625097,"580350213",580350213,6.83,2.36,0.34,73.42,67.34,4.4,81.6,592,1802.62276092652
"NEUQUEN","58","Confluencia","035","30","01","U","580353001",NA,0.212848292379871,"580353001",580353001,7.98,2.52,0.39,65.59,59.95,3.2,0.7,516,2424.26187323642
"NEUQUEN","58","Confluencia","035","30","02","U","580353002",NA,0.17087358993531,"580353002",580353002,7.05,2.48,0.46,75.93,68.46,0.9,3,646,3780.5725287598
"NEUQUEN","58","Confluencia","035","02","15","U","580350215",NA,0.57452462923554,"580350215",580350215,12.5,3.76,1.09,76.28,72.87,3.7,96.3,824,1434.22920109867
"NEUQUEN","58","Confluencia","035","31","06","U","580353106",NA,0.211790284640528,"580353106",580353106,13.91,3.85,0.83,73.68,71.19,3.8,5.6,962,4542.22912837009
"NEUQUEN","58","Confluencia","035","30","11","U","580353011",NA,0.250930456091814,"580353011",580353011,7.1,2.03,0,68.49,62.18,2.6,3.1,640,2550.50745918952
"NEUQUEN","58","Confluencia","035","21","04","U","580352104",NA,0.317180806306605,"580352104",580352104,98.15,19.16,2.41,58.79,53.62,2,3.3,830,2616.8039915936
"NEUQUEN","58","Confluencia","035","23","02","U","580352302",NA,0.201224048746359,"580352302",580352302,37.99,7.36,1.41,62.88,57.73,0.3,1.2,924,4591.8964743856
"NEUQUEN","58","Confluencia","035","30","05","U","580353005",NA,0.151039081113024,"580353005",580353005,5.64,2.08,0.36,70.54,63.62,1.5,92.3,1107,7329.22891110295
"NEUQUEN","58","Confluencia","035","30","03","U","580353003",NA,0.104936862436295,"580353003",580353003,3.24,1.2,0.33,69.83,64.83,1.2,3.5,917,8738.58793478503
"NEUQUEN","58","Confluencia","035","22","02","U","580352202",NA,0.198265484178502,"580352202",580352202,25.22,5.51,0.97,65.05,61.29,2.3,2.1,1035,5220.27323257219
"NEUQUEN","58","Confluencia","035","23","05","U","580352305",NA,0.176554821939714,"580352305",580352305,15.29,3.72,1.15,68.05,62.18,1.5,2.1,1048,5935.83334901975
"NEUQUEN","58","Confluencia","035","03","08","U","580350308",NA,0.156285391118143,"580350308",580350308,5.23,1.42,0.35,77.91,72.21,1,1.2,1129,7223.96374941109
"NEUQUEN","58","Confluencia","035","21","05","U","580352105",NA,0.164875198107149,"580352105",580352105,97.4,18.25,1.82,53.3,48.16,3.1,7.1,822,4985.58915735644
"NEUQUEN","58","Confluencia","035","03","09","U","580350309",NA,0.0912263747487231,"580350309",580350309,24.78,4.78,0.85,72.22,68.11,1.7,3.8,586,6423.58091740571
"NEUQUEN","58","Confluencia","035","23","06","U","580352306",NA,0.144663626017869,"580352306",580352306,9.02,2.59,0.11,67.84,61.82,1,1,925,6394.14361068031
"NEUQUEN","58","Confluencia","035","18","02","M","580351802",NA,25.93625284042,"580351802",580351802,28.65,7.34,1.44,67.49,62.74,91.2,97.3,695,26.796469184511
"NEUQUEN","58","Confluencia","035","18","03","M","580351803",NA,19.1110790873616,"580351803",580351803,23.93,6.57,1.08,68.88,64.94,27.8,97.3,1949,101.982729028048
"NEUQUEN","58","Confluencia","035","23","03","U","580352303",NA,0.155842346345048,"580352303",580352303,53.98,10.82,0.89,63.2,58.66,1,3.1,564,3619.04202052538
"NEUQUEN","58","Confluencia","035","02","16","U","580350216",NA,0.591471384105606,"580350216",580350216,16.33,3.62,0,84.39,80.92,88,97.8,221,373.644449991753
"NEUQUEN","58","Confluencia","035","03","11","U","580350311",NA,0.129967489727989,"580350311",580350311,36.78,7.84,1.35,69.36,65.7,0.6,1.2,816,6278.49319632025
"NEUQUEN","58","Confluencia","035","31","07","U","580353107",NA,1.16138636058737,"580353107",580353107,89.5,14.84,2.11,63.44,61.18,9,3.6,1092,940.255574766455
"NEUQUEN","58","Confluencia","035","23","07","U","580352307",NA,0.199195649947969,"580352307",580352307,5.24,1.55,0.36,70.18,64.51,0.4,1.2,840,4216.95955820025
"NEUQUEN","58","Confluencia","035","30","04","U","580353004",NA,0.129867426398247,"580353004",580353004,11.02,3.44,0.37,70.19,63.95,0.7,69.2,815,6275.6306381305
"NEUQUEN","58","Confluencia","035","03","12","U","580350312",NA,0.323399521467589,"580350312",580350312,12.33,3.24,0.6,70.87,67.56,1,2.3,833,2575.76138709124
"NEUQUEN","58","Confluencia","035","31","05","U","580353105",NA,1.18734173285124,"580353105",580353105,43.59,8.38,1.23,70.49,66.92,2.2,0.9,811,683.038402139287
"NEUQUEN","58","Confluencia","035","23","04","U","580352304",NA,0.200334531114391,"580352304",580352304,77.09,15.16,2.53,60.27,54.36,1.2,3.5,910,4542.40212577426
"NEUQUEN","58","Confluencia","035","02","14","U","580350214",NA,0.42208669414944,"580350214",580350214,19.19,5.56,0.59,68.09,62.56,1.3,97.4,1187,2812.21847656667
"NEUQUEN","58","Confluencia","035","30","06","U","580353006",NA,0.132039174240228,"580353006",580353006,6.62,2.19,0.24,66.55,61.92,0,80.8,411,3112.71258976703
"NEUQUEN","58","Confluencia","035","02","10","U","580350210",NA,0.173427820115704,"580350210",580350210,4.37,1.75,0.55,73.04,68.89,1.8,4.3,1088,6273.50328957678
"NEUQUEN","58","Confluencia","035","30","10","U","580353010",NA,0.0958884279757896,"580353010",580353010,5.74,1.6,0.4,68.57,64.11,0.5,1.5,750,7821.59031942169
"NEUQUEN","58","Confluencia","035","03","10","U","580350310",NA,0.102693184391528,"580350310",580350310,109.18,16.04,3.45,62.87,57.51,7.3,9.8,667,6495.07563673353
"NEUQUEN","58","Confluencia","035","02","12","U","580350212",NA,0.13581632998598,"580350212",580350212,4.06,1.67,0.37,74.39,70,0.3,24.6,1079,7944.55276557232
"NEUQUEN","58","Confluencia","035","08","02","U","580350802",NA,0.121967591280688,"580350802",580350802,7.75,2.67,0.38,65.74,61.08,0.9,16.5,786,6444.33485770127
"NEUQUEN","58","Confluencia","035","21","06","U","580352106",NA,0.585087956952327,"580352106",580352106,85.94,16.22,1.62,59.79,56.26,3.3,5.1,678,1158.80012901247
"NEUQUEN","58","Confluencia","035","03","13","U","580350313",NA,0.153911755246762,"580350313",580350313,115.58,18.2,2.66,61.39,57.31,0,2.5,489,3177.14523634664
"NEUQUEN","58","Confluencia","035","02","11","U","580350211",NA,0.265871010433828,"580350211",580350211,4.65,1.55,0.52,67.5,61.63,0.6,11,1158,4355.49553939883
"NEUQUEN","58","Confluencia","035","08","04","U","580350804",NA,0.10595979787739,"580350804",580350804,24.42,5.38,0.77,67.95,62.32,0.8,10,781,7370.71998668518
"NEUQUEN","58","Confluencia","035","24","01","U","580352401",NA,0.117299811147299,"580352401",580352401,8.68,2.49,0.54,70.97,65.4,0.8,6.9,923,7868.72537110011
"NEUQUEN","58","Confluencia","035","22","03","U","580352203",NA,0.635070952804764,"580352203",580352203,57.58,12.18,1.28,69.35,66.13,3.3,21.7,156,245.641844129436
"NEUQUEN","58","Confluencia","035","23","09","U","580352309",NA,0.280133098561372,"580352309",580352309,103.88,17.86,5.34,60.4,55.84,0,2.4,599,2138.2692836947
"NEUQUEN","58","Confluencia","035","07","01","M","580350701",NA,1.11822970266429,"580350701",580350701,27.45,6.82,1.14,69.64,62.85,1.8,5.4,616,550.87071871935
"NEUQUEN","58","Confluencia","035","30","09","U","580353009",NA,0.0973570422589015,"580353009",580353009,10,3.15,0,67.03,62.77,0,33,1015,10425.5426875111
"NEUQUEN","58","Confluencia","035","08","03","U","580350803",NA,0.118567781606184,"580350803",580350803,25.52,5.68,0.47,70,65.18,0.6,4.6,1074,9058.10993046345
"NEUQUEN","58","Confluencia","035","23","08","U","580352308",NA,0.221465719441462,"580352308",580352308,162.24,21.54,7.59,54.33,50.46,0.3,0.3,738,3332.34417435457
"NEUQUEN","58","Confluencia","035","24","02","U","580352402",NA,0.134269536783591,"580352402",580352402,14.83,3.87,0.88,60.69,55.2,1.1,2.9,905,6740.17369597867
"NEUQUEN","58","Confluencia","035","08","05","U","580350805",NA,0.16306976388165,"580350805",580350805,7.65,2.33,0.74,69.42,62.84,1.3,9.4,1074,6586.13819285021
"NEUQUEN","58","Confluencia","035","21","08","U","580352108",NA,0.384756682643228,"580352108",580352108,132.28,21.05,3.83,53.23,48.53,2.8,2.6,993,2580.85185987731
"NEUQUEN","58","Confluencia","035","30","08","U","580353008",NA,0.126667094102291,"580353008",580353008,7.22,2.53,0.53,72.24,69.09,4,89.6,752,5936.82207150593
"NEUQUEN","58","Confluencia","035","30","07","U","580353007",NA,0.0811870368655063,"580353007",580353007,4.46,1.64,0.36,69.23,64.84,1.8,89.6,549,6762.16328611017
"NEUQUEN","58","Confluencia","035","22","09","U","580352209",NA,0.20078010011473,"580352209",580352209,70.93,14.37,3.18,63.76,58.37,0.9,1.8,849,4228.50670716302
"NEUQUEN","58","Confluencia","035","21","07","U","580352107",NA,0.279236453089052,"580352107",580352107,76.19,15.11,2.95,57.89,52.53,2.1,7.9,847,3033.27158983029
"NEUQUEN","58","Confluencia","035","23","11","U","580352311",NA,0.277315852355061,"580352311",580352311,151.89,22.3,5.54,60.13,56.3,1.6,3.5,722,2603.5294912589
"NEUQUEN","58","Confluencia","035","22","08","U","580352208",NA,0.151200940042281,"580352208",580352208,69.44,14.37,4.21,56.62,51.35,0.8,1.1,1044,6904.71897666816
"NEUQUEN","58","Confluencia","035","38","01","M","580353801",NA,0.691688885429341,"580353801",580353801,7.41,2.6,0.32,72.25,66.99,7.5,100,308,445.286900640047
"NEUQUEN","58","Confluencia","035","24","08","U","580352408",NA,0.131164840347504,"580352408",580352408,9.71,3.03,0.27,65.33,59.32,0.6,6.8,1122,8554.12164591827
"NEUQUEN","58","Confluencia","035","26","01","U","580352601",NA,0.232390347116977,"580352601",580352601,114.29,19.8,3.34,62.13,59.76,1.5,0.9,808,3476.90861528461
"NEUQUEN","58","Confluencia","035","24","06","U","580352406",NA,0.181712239506578,"580352406",580352406,13.96,3.68,0.94,68.39,63.33,0.8,20.4,1170,6438.75174934292
"NEUQUEN","58","Confluencia","035","22","06","U","580352206",NA,0.0741436454989631,"580352206",580352206,59.32,14.15,1.62,59,55.02,0.8,0.4,742,10007.6007189366
"NEUQUEN","58","Confluencia","035","24","07","U","580352407",NA,0.121834486387499,"580352407",580352407,16.27,4.98,1.01,65.13,59.49,1.2,8.6,1085,8905.5244715287
"NEUQUEN","58","Confluencia","035","22","07","U","580352207",NA,0.0995524140743976,"580352207",580352207,85.96,17.21,2.59,55.26,51.25,0.3,1.5,889,8929.96928568333
"NEUQUEN","58","Confluencia","035","31","01","U","580353101",NA,0.176926606858318,"580353101",580353101,90.36,14.45,1.73,60.05,56.66,1,3,519,2933.4197338426
"NEUQUEN","58","Confluencia","035","23","10","U","580352310",NA,0.168885535986954,"580352310",580352310,96.15,18.56,4.46,57.83,52.71,6.1,7.9,404,2392.15275386998
"NEUQUEN","58","Confluencia","035","18","05","U","580351805",NA,0.101197042267722,"580351805",580351805,8.99,3.04,0.49,71.73,65.9,1.2,98.4,822,8122.76704516086
"NEUQUEN","58","Confluencia","035","18","06","U","580351806",NA,0.103035613943256,"580351806",580351806,6.95,2.71,0,70.55,65.08,0.5,95.9,664,6444.37369360148
"NEUQUEN","58","Confluencia","035","18","07","U","580351807",NA,0.19945720380199,"580351807",580351807,14.41,3.97,0.87,69.22,65.72,1.5,79.7,806,4040.9671079123
"NEUQUEN","58","Confluencia","035","21","15","U","580352115",NA,0.392173323878997,"580352115",580352115,37.68,7.6,1.07,68.11,61.03,0.6,5.1,1026,2616.19018308488
"NEUQUEN","58","Confluencia","035","37","01","U","580353701",NA,0.138274404042363,"580353701",580353701,7.26,2.13,0.47,69.02,63.44,2.8,96.4,845,6111.03700538183
"NEUQUEN","58","Confluencia","035","37","02","U","580353702",NA,0.200547913986929,"580353702",580353702,10.27,3.17,0.5,70.37,65.74,2.7,95.1,600,2991.80374441146
"NEUQUEN","58","Confluencia","035","37","03","U","580353703",NA,0.536279553351603,"580353703",580353703,18.04,4.65,0.8,73.37,69.66,0.8,83.3,752,1402.25372252252
"NEUQUEN","58","Confluencia","035","22","04","U","580352204",NA,3.78088468136569,"580352204",580352204,8.59,2.58,0.33,71.7,67.67,0.2,1,1511,399.641916466549
"NEUQUEN","58","Confluencia","035","38","04","U","580353804",NA,0.51542789364418,"580353804",580353804,21.05,5.28,1.13,69.7,67.24,3.2,94.6,530,1028.27186214699
"NEUQUEN","58","Confluencia","035","22","05","U","580352205",NA,0.438442823688762,"580352205",580352205,16.48,4.72,0.64,66.67,60.82,2.6,6.8,932,2125.70476615122
"NEUQUEN","58","Confluencia","035","31","04","U","580353104",NA,0.286141937652352,"580353104",580353104,181.94,25.69,5.49,51.75,48.25,0.9,3.2,1020,3564.66447515027
"NEUQUEN","58","Confluencia","035","22","10","U","580352210",NA,0.161821425909275,"580352210",580352210,96.27,16.91,4.85,60.82,56.11,1.8,1.5,763,4715.07401268219
"NEUQUEN","58","Confluencia","035","24","04","U","580352404",NA,0.132826679600755,"580352404",580352404,13.04,3.54,0.52,70.8,64.86,2.5,18.6,763,5744.3278887449
"NEUQUEN","58","Confluencia","035","22","11","U","580352211",NA,0.173603619122907,"580352211",580352211,67.99,13.24,2.8,62.61,57.03,0.6,0.6,1428,8225.63496783448
"NEUQUEN","58","Confluencia","035","08","07","U","580350807",NA,0.176523956006233,"580350807",580350807,28.52,5.92,1.05,70.16,64.42,1.1,2.3,1234,6990.55260214331
"NEUQUEN","58","Confluencia","035","09","01","U","580350901",NA,0.103654131653462,"580350901",580350901,16.85,4.64,0.3,69.24,62.05,1,2.6,1012,9763.23841468603
"NEUQUEN","58","Confluencia","035","09","02","U","580350902",NA,0.095658120628401,"580350902",580350902,34.16,6.97,0.81,66.88,61.12,1.8,1.5,990,10349.3565783694
"NEUQUEN","58","Confluencia","035","08","06","U","580350806",NA,0.102743577295959,"580350806",580350806,28.48,6.3,0.56,71.13,66.02,1.4,2.7,714,6949.33949927869
"NEUQUEN","58","Confluencia","035","24","05","U","580352405",NA,0.128458628951114,"580352405",580352405,22.88,5.17,1.25,65.86,62.61,0.6,1,1044,8127.1301782094
"NEUQUEN","58","Confluencia","035","24","03","U","580352403",NA,0.112299267362915,"580352403",580352403,11.11,3.12,0.42,71.69,66.81,2.1,8.8,962,8566.39604683374
"NEUQUEN","58","Confluencia","035","24","14","U","580352414",NA,0.134825899420222,"580352414",580352414,13.59,3.29,0.53,67.45,64.25,0.8,1.9,759,5629.482193435
"NEUQUEN","58","Confluencia","035","21","14","U","580352114",NA,0.286791070540193,"580352114",580352114,50.65,11.1,1.9,62.56,57.3,1.4,5.2,1054,3675.149292531
"NEUQUEN","58","Confluencia","035","21","13","U","580352113",NA,0.300471348738298,"580352113",580352113,54.98,11.76,1.67,61.85,57.46,1,2.9,1080,3594.35268798506
"NEUQUEN","58","Confluencia","035","26","02","U","580352602",NA,0.243278279035994,"580352602",580352602,130.28,20.33,4.51,59.85,56.5,0.8,1.3,910,3740.57233389653
"NEUQUEN","58","Confluencia","035","24","18","U","580352418",NA,0.282812234594756,"580352418",580352418,14.29,4.07,0.86,69.48,65.41,1.2,26.4,467,1651.27226786765
"NEUQUEN","58","Confluencia","035","08","09","U","580350809",NA,0.168982485115387,"580350809",580350809,17.77,4.81,0.85,65.26,60.17,2.5,9.3,1061,6278.75722904366
"NEUQUEN","58","Confluencia","035","21","16","U","580352116",NA,0.224217567899292,"580352116",580352116,28.68,7.19,0.76,61.47,56.69,3,4.2,1057,4714.17119498305
"NEUQUEN","58","Confluencia","035","09","03","U","580350903",NA,0.159003798386972,"580350903",580350903,55.46,10.06,1.37,65.45,59.23,1.3,2.7,656,4125.68760403744
"NEUQUEN","58","Confluencia","035","08","08","U","580350808",NA,0.0971504616368186,"580350808",580350808,57.45,7.36,1.63,65.27,59.38,0.4,2,734,7555.29091301636
"NEUQUEN","58","Confluencia","035","21","09","U","580352109",NA,0.307698238907464,"580352109",580352109,7.96,2.32,0.14,72.19,69.23,0.8,0.4,691,2245.70671074854
"NEUQUEN","58","Confluencia","035","26","03","U","580352603",NA,0.214422246577027,"580352603",580352603,83.85,16.32,4.64,61.3,57.87,0,2,668,3115.34838695029
"NEUQUEN","58","Confluencia","035","31","09","U","580353109",NA,1.20729930376383,"580353109",580353109,110.53,15.61,2.6,74.68,66.95,4.3,8,269,222.81136016676
"NEUQUEN","58","Confluencia","035","21","11","U","580352111",NA,0.0491870496630168,"580352111",580352111,78.64,14.31,0.88,60.93,54.78,3.5,11,566,11507.0939175595
"NEUQUEN","58","Confluencia","035","24","09","U","580352409",NA,0.108981852133414,"580352409",580352409,4.49,1.78,0.45,72.25,66.85,2.3,56.3,897,8230.728166575
"NEUQUEN","58","Confluencia","035","31","02","U","580353102",NA,0.193366962668168,"580353102",580353102,10.62,3.3,0.23,64.85,57.95,0.8,8.8,879,4545.76101248707
"NEUQUEN","58","Confluencia","035","24","15","U","580352415",NA,0.116939156774901,"580352415",580352415,24.9,5.78,0.47,69.3,63.59,0.9,3,1055,9021.78559428812
"NEUQUEN","58","Confluencia","035","24","17","U","580352417",NA,0.089526502777494,"580352417",580352417,16.91,4.92,0.7,69.47,64.31,1.8,16.4,711,7941.78235429451
"NEUQUEN","58","Confluencia","035","26","07","U","580352607",NA,0.227193228836701,"580352607",580352607,117.82,17.89,2.86,55.29,51.65,0,1.5,665,2927.02385280144
"NEUQUEN","58","Confluencia","035","38","03","M","580353803",NA,2.95839749355832,"580353803",580353803,18.94,5,0.09,68.17,64.47,11.6,92.3,1141,385.681776192834
"NEUQUEN","58","Confluencia","035","31","03","U","580353103",NA,0.320075092903191,"580353103",580353103,19.61,5.15,0.22,73.55,68.02,3.4,7.5,1358,4242.75437267696
"NEUQUEN","58","Confluencia","035","09","19","U","580350919",NA,0.0839927664085422,"580350919",580350919,37.11,9.16,1.24,67.95,62.68,1.8,4.1,644,7667.32693226907
"NEUQUEN","58","Confluencia","035","21","12","U","580352112",NA,0.24323481213677,"580352112",580352112,17.42,4.39,0.48,60.25,55.53,0.9,2.4,1048,4308.59378554214
"NEUQUEN","58","Confluencia","035","22","14","U","580352214",NA,0.151667596587746,"580352214",580352214,75.47,14.53,4.12,58.17,53.61,1,2.4,826,5446.1204540953
"NEUQUEN","58","Confluencia","035","09","04","U","580350904",NA,0.116286952495167,"580350904",580350904,45.49,9.04,1.33,63.78,58.46,9.2,13.3,1283,11033.0520533103
"NEUQUEN","58","Confluencia","035","09","05","U","580350905",NA,0.0871206927659437,"580350905",580350905,40,7.7,0.96,66.95,61.11,1.1,1.1,1143,13119.7303844995
"NEUQUEN","58","Confluencia","035","31","10","U","580353110",NA,0.123425340679626,"580353110",580353110,152.24,20.16,3.56,64.63,58.05,1.4,1,506,4099.64434543
"NEUQUEN","58","Confluencia","035","26","04","U","580352604",NA,0.269177215980001,"580352604",580352604,101.89,16.74,4.96,58.95,53.47,1.8,1.3,968,3596.14388786873
"NEUQUEN","58","Confluencia","035","21","10","U","580352110",NA,0.142370680242568,"580352110",580352110,22.07,4.8,0.75,64.85,59.4,0.9,2.3,667,4684.95338270196
"NEUQUEN","58","Confluencia","035","08","10","U","580350810",NA,0.140443662883488,"580350810",580350810,28.34,6.25,0.47,68.53,62.94,5.8,24.7,848,6038.00828452832
"NEUQUEN","58","Confluencia","035","21","17","U","580352117",NA,0.255459554347826,"580352117",580352117,16.54,4.63,0.63,70,65.43,5.8,5.9,475,1859.39414641448
"NEUQUEN","58","Confluencia","035","37","05","U","580353705",NA,0.0839289408403821,"580353705",580353705,10.9,3.62,0.5,66.91,64.21,2.1,97.4,802,9555.7026214028
"NEUQUEN","58","Confluencia","035","37","04","U","580353704",NA,0.0842727741461657,"580353704",580353704,6.69,2.18,0.24,67.12,63.03,1.7,92.8,824,9777.77233927087
"NEUQUEN","58","Confluencia","035","38","05","U","580353805",NA,0.547305642261764,"580353805",580353805,12.76,3.81,0.76,74.04,71.28,3.6,97.3,657,1200.42614083955
"NEUQUEN","58","Confluencia","035","38","02","M","580353802",NA,1.22447492548494,"580353802",580353802,21.64,5.42,0.56,65.87,61.81,3.9,81.2,535,436.921972728938
"NEUQUEN","58","Confluencia","035","24","16","U","580352416",NA,0.0904958974440773,"580352416",580352416,16.11,3.74,0,69.09,62.31,0.5,2.4,775,8563.92413234995
"NEUQUEN","58","Confluencia","035","22","13","U","580352213",NA,0.119501381674599,"580352213",580352213,80.54,15.87,1.85,54.52,51.77,0.4,0,756,6326.28668728352
"NEUQUEN","58","Confluencia","035","24","10","U","580352410",NA,0.108283939420138,"580352410",580352410,16.08,3.75,0.73,64.55,58.52,0,2.5,1226,11322.0853116838
"NEUQUEN","58","Confluencia","035","09","06","U","580350906",NA,0.060018722276289,"580350906",580350906,18.71,4.44,0.46,67.38,63.09,0.9,0.5,653,10879.9383797941
"NEUQUEN","58","Confluencia","035","08","13","U","580350813",NA,0.0951019773161868,"580350813",580350813,60.61,11.79,1.3,62.93,56.9,0.7,0.7,848,8916.74415118251
"NEUQUEN","58","Confluencia","035","08","12","U","580350812",NA,0.0929452392071984,"580350812",580350812,22.38,5.96,0.56,69.68,65.04,1.1,34.5,537,5777.59554529621
"NEUQUEN","58","Confluencia","035","09","09","U","580350909",NA,0.195125506123709,"580350909",580350909,69.59,11.3,1.67,67.13,60.51,0.7,1.1,1195,6124.26342275508
"NEUQUEN","58","Confluencia","035","08","11","U","580350811",NA,0.126693744170317,"580350811",580350811,45.78,10.24,1.38,62.07,56.44,0.9,2.7,1377,10868.7292258793
"NEUQUEN","58","Confluencia","035","24","19","U","580352419",NA,0.797645305770539,"580352419",580352419,10.93,3.06,0.45,71.43,65.2,1.4,61.8,882,1105.75464259515
"NEUQUEN","58","Confluencia","035","26","08","U","580352608",NA,0.174363964386139,"580352608",580352608,98.54,16.28,0.97,58.3,55.32,1.5,2.2,829,4754.4227554045
"NEUQUEN","58","Confluencia","035","29","01","U","580352901",NA,0.0559721289445832,"580352901",580352901,150,15.19,0.63,53.5,47.55,0.7,1.4,316,5645.66697673524
"NEUQUEN","58","Confluencia","035","07","02","U","580350702",NA,0.0347577490299586,"580350702",580350702,157.35,21.75,3.86,55.94,51.52,1,3.4,492,14155.1168798627
"NEUQUEN","58","Confluencia","035","31","11","U","580353111",NA,0.1269447535007,"580353111",580353111,107.53,17.89,3.94,65.82,63.06,2.9,3.7,559,4403.49037344751
"NEUQUEN","58","Confluencia","035","26","05","U","580352605",NA,0.239169981351356,"580352605",580352605,79.5,15.72,3.69,58.13,53.46,0.3,0.7,814,3403.43715127101
"NEUQUEN","58","Confluencia","035","29","03","U","580352903",NA,0.100010550200648,"580352903",580352903,29.1,6.64,0.56,66.35,61.98,0.3,4.8,1069,10688.8723025251
"NEUQUEN","58","Confluencia","035","22","12","U","580352212",NA,0.0393106926091388,"580352212",580352212,20.41,6.65,0.89,54.72,51.89,0.7,0.7,451,11472.7055176625
"NEUQUEN","58","Confluencia","035","02","17","U","580350217",NA,0.577859349029822,"580350217",580350217,45.35,10.43,1.07,62.46,60.41,1.6,3.1,374,647.216317652236
"NEUQUEN","58","Confluencia","035","09","10","U","580350910",NA,0.0618465953513831,"580350910",580350910,39.22,9.02,1.2,70.17,66.16,1.3,0,665,10752.4108032428
"NEUQUEN","58","Confluencia","035","22","22","U","580352222",NA,0.283116408851232,"580352222",580352222,17.26,4.19,0.43,63.43,59.33,0.4,3.6,692,2444.22427794929
"NEUQUEN","58","Confluencia","035","37","06","U","580353706",NA,0.147778909412313,"580353706",580353706,14.91,3.86,0.48,69.53,64.54,3.8,18.8,1244,8417.98065060255
"NEUQUEN","58","Confluencia","035","22","15","U","580352215",NA,0.17033258604968,"580352215",580352215,54.96,11.59,3.38,61.55,58.37,0.4,0.9,621,3645.80855843331
"NEUQUEN","58","Confluencia","035","24","11","U","580352411",NA,0.112494466232084,"580352411",580352411,66.93,12.35,1.18,64.88,58,1.8,3.1,1360,12089.4835590777
"NEUQUEN","58","Confluencia","035","21","18","U","580352118",NA,0.444578086176243,"580352118",580352118,10.2,2.98,0.2,66.58,61.92,7.2,3.9,503,1131.40979198106
"NEUQUEN","58","Confluencia","035","07","03","U","580350703",NA,0.0334988075480779,"580350703",580350703,48.15,9.73,1,66.56,61.04,1.2,1.8,802,23941.1507066023
"NEUQUEN","58","Confluencia","035","31","12","U","580353112",NA,0.180622627530623,"580353112",580353112,99.15,18.38,5.55,64.63,60.61,1.8,2.8,631,3493.47149151077
"NEUQUEN","58","Confluencia","035","09","07","U","580350907",NA,0.0800475931596421,"580350907",580350907,45.6,8.64,1.67,68.65,63.53,0.3,1.1,1018,12717.4342140402
"NEUQUEN","58","Confluencia","035","09","08","U","580350908",NA,0.118378751008494,"580350908",580350908,54.35,9.51,1.81,68,63.31,0.8,1.3,1052,8886.73001731973
"NEUQUEN","58","Confluencia","035","31","08","U","580353108",NA,1.03572656750812,"580353108",580353108,92.86,14.94,2.59,63.97,62.63,1.5,1.5,348,335.996015663925
"NEUQUEN","58","Confluencia","035","08","14","U","580350814",NA,0.0679336638960093,"580350814",580350814,85.56,15.34,2.99,66.19,59.47,2.8,1.4,502,7389.56168724309
"NEUQUEN","58","Confluencia","035","09","11","U","580350911",NA,0.076229119536208,"580350911",580350911,36.59,7.12,0.79,65.13,60.12,1.8,13.9,632,8290.79495926497
"NEUQUEN","58","Confluencia","035","26","06","U","580352606",NA,0.150832451964892,"580352606",580352606,48.86,10.17,2.36,60.65,56.24,1,1.7,846,5608.87255348016
"NEUQUEN","58","Confluencia","035","18","08","U","580351808",NA,0.118722279737929,"580351808",580351808,15.71,4.8,0.87,76.07,71.78,3.7,96.3,229,1928.8713163654
"NEUQUEN","58","Confluencia","035","07","04","U","580350704",NA,0.0667387502666768,"580350704",580350704,46.62,8.63,0.88,69.07,64.26,0.7,2.4,800,11987.0389661679
"NEUQUEN","58","Confluencia","035","22","16","U","580352216",NA,0.0971140572735108,"580352216",580352216,68.63,14,4.8,62.32,58.13,1.7,3.3,500,5148.58522069371
"NEUQUEN","58","Confluencia","035","09","20","U","580350920",NA,0.0794328133825306,"580350920",580350920,7.22,2.17,0.31,71.15,64.64,0.5,18.5,644,8107.48068180137
"NEUQUEN","58","Confluencia","035","24","12","U","580352412",NA,0.0972853778236508,"580352412",580352412,44.28,10.06,0.75,64.37,57.9,0.8,3.3,1193,12262.8911629716
"NEUQUEN","58","Confluencia","035","21","19","U","580352119",NA,0.35970264334823,"580352119",580352119,15.66,4.79,0.46,70,63.7,7.7,6.4,647,1798.70793825008
"NEUQUEN","58","Confluencia","035","22","18","U","580352218",NA,0.042775993644455,"580352218",580352218,32.19,8.79,1.87,60.15,55.64,1.7,0.6,535,12507.0151367332
"NEUQUEN","58","Confluencia","035","18","11","U","580351811",NA,0.289472575369727,"580351811",580351811,12.5,3.59,0.36,69.63,65.68,1.5,94.4,557,1924.18918886729
"NEUQUEN","58","Confluencia","035","29","02","U","580352902",NA,0.102447711659893,"580352902",580352902,58.72,12.58,1.64,63.94,59.16,0.3,1.4,1097,10707.901447734
"NEUQUEN","58","Confluencia","035","07","06","U","580350706",NA,0.101416535270235,"580350706",580350706,54.13,10.23,0.95,66.98,62.37,1,1.5,1154,11378.8150711819
"NEUQUEN","58","Confluencia","035","22","17","U","580352217",NA,0.195320689200887,"580352217",580352217,53.93,11.47,2.2,61.35,54.61,1.7,0.2,1317,6742.75728489502
"NEUQUEN","58","Confluencia","035","29","04","U","580352904",NA,0.128281052850835,"580352904",580352904,16.37,4.33,0.56,69.46,63.45,0,8.7,1062,8278.69725418366
"NEUQUEN","58","Confluencia","035","09","12","U","580350912",NA,0.103837678490153,"580350912",580350912,66.84,12.95,1.33,61.61,57.39,0.6,1.2,981,9447.43771494305
"NEUQUEN","58","Confluencia","035","08","15","U","580350815",NA,0.0715154063112401,"580350815",580350815,57.38,11.27,1.39,68.95,64.21,2.6,2.6,932,13032.1569585142
"NEUQUEN","58","Confluencia","035","07","05","U","580350705",NA,0.086008399424155,"580350705",580350705,27.7,5.81,0.59,71.94,66.18,0.9,9.2,1015,11801.1729877041
"NEUQUEN","58","Confluencia","035","26","10","U","580352610",NA,0.157399377094935,"580352610",580352610,38.3,6.87,1.02,64.47,58.35,0.7,1,786,4993.66652211035
"NEUQUEN","58","Confluencia","035","26","09","U","580352609",NA,0.189391399803028,"580352609",580352609,34.64,7.39,1.31,63.26,58.07,0,0.3,839,4429.97940177106
"NEUQUEN","58","Confluencia","035","07","07","U","580350707",NA,0.0691862205870301,"580350707",580350707,35.76,7.31,0.41,72.17,65.5,1.7,0.9,739,10681.317663109
"NEUQUEN","58","Confluencia","035","09","21","U","580350921",NA,0.0630261373181119,"580350921",580350921,45.98,6.73,1.01,63.48,56.64,0.5,2.6,594,9424.6613433075
"NEUQUEN","58","Confluencia","035","37","07","U","580353707",NA,0.173966359511659,"580353707",580353707,23.91,5.98,1.63,71.83,66.2,14.5,82.4,184,1057.67575131483
"NEUQUEN","58","Confluencia","035","37","08","U","580353708",NA,0.176200052492274,"580353708",580353708,57.98,7.33,1.91,67.03,60.27,1.2,10.2,941,5340.5205429281
"NEUQUEN","58","Confluencia","035","38","06","U","580353806",NA,0.2123479372297,"580353806",580353806,33.85,6.73,1.83,65.31,61.22,2.7,34.5,654,3079.85096786015
"NEUQUEN","58","Confluencia","035","29","09","U","580352909",NA,0.0539803146754131,"580352909",580352909,32.7,6.83,0.53,68.14,63.07,1.3,1.3,761,14097.7318227198
"NEUQUEN","58","Confluencia","035","07","16","U","580350716",NA,0.0636868160970081,"580350716",580350716,63.08,11.08,1.35,69.16,63.31,0.4,2.4,740,11619.3593172067
"NEUQUEN","58","Confluencia","035","29","10","U","580352910",NA,0.0670069584540576,"580352910",580352910,44.51,10.4,1.93,65.68,60.43,0.4,4.5,779,11625.6582595688
"NEUQUEN","58","Confluencia","035","18","10","U","580351810",NA,0.346355219863027,"580351810",580351810,15.02,4.47,0.56,74.17,71.46,2,97.2,716,2067.2418342162
"NEUQUEN","58","Confluencia","035","22","21","U","580352221",NA,1.143213548538,"580352221",580352221,17.13,4.44,0.48,65.24,59.4,2.3,7.3,833,728.647767571755
"NEUQUEN","58","Confluencia","035","22","19","U","580352219",NA,0.181511244634912,"580352219",580352219,48.13,11.12,1.98,54.52,50.47,0.4,2.3,809,4457.02414540325
"NEUQUEN","58","Confluencia","035","26","12","U","580352612",NA,0.137001544841897,"580352612",580352612,70.97,15.52,4.94,57.65,53.22,1,2.1,567,4138.63946318512
"NEUQUEN","58","Confluencia","035","09","22","U","580350922",NA,0.0778518747249395,"580350922",580350922,46.15,10.36,1.73,67.18,63.46,4.7,7.5,579,7437.2004790595
"NEUQUEN","58","Confluencia","035","29","05","U","580352905",NA,0.151611364603847,"580352905",580352905,77.98,13.79,1.95,61.43,56.78,2.3,4.1,1233,8132.63572438495
"NEUQUEN","58","Confluencia","035","26","11","U","580352611",NA,0.141148598090049,"580352611",580352611,53.01,10.19,1.68,61.96,56.49,0.9,1.5,952,6744.66493384972
"NEUQUEN","58","Confluencia","035","22","20","U","580352220",NA,0.228894888064046,"580352220",580352220,40.98,9.4,2.51,57.53,52.77,1.5,2.3,798,3486.3163906776
"NEUQUEN","58","Confluencia","035","10","10","U","580351010",NA,3.03926603722149,"580351010",580351010,17.33,4.67,0.36,68.84,63.28,5.9,95.6,835,274.737383886065
"NEUQUEN","58","Confluencia","035","18","09","U","580351809",NA,0.353720841691139,"580351809",580351809,14.15,4.36,0.29,78.24,74.9,5.3,98.5,344,972.518323645664
"NEUQUEN","58","Confluencia","035","07","15","U","580350715",NA,0.08649575234624,"580350715",580350715,25.11,5.85,0.51,72.4,66.49,1.3,3.1,975,11272.2298327102
"NEUQUEN","58","Confluencia","035","07","17","U","580350717",NA,0.051647973592768,"580350717",580350717,110.29,16.16,2.59,61,58.75,0,2.2,464,8983.89554754907
"NEUQUEN","58","Confluencia","035","24","20","U","580352420",NA,0.676222992709562,"580352420",580352420,13.51,3.25,0.65,65.35,63.1,2.8,19.6,462,683.206582711436
"NEUQUEN","58","Confluencia","035","09","13","U","580350913",NA,0.0408038648372884,"580350913",580350913,61.68,10.53,1.59,65.85,59.1,0.9,2.3,627,15366.19147476
"NEUQUEN","58","Confluencia","035","09","14","U","580350914",NA,0.0772928121974263,"580350914",580350914,58.82,10.81,0.27,65.37,61.47,0.3,1,1110,14360.9731415227
"NEUQUEN","58","Confluencia","035","29","06","U","580352906",NA,0.0913911227706093,"580352906",580352906,94.08,16.56,4.27,56.21,51.32,2.7,7.5,960,10504.3025065967
"NEUQUEN","58","Confluencia","035","06","19","U","580350619",NA,0.281004936841862,"580350619",580350619,129.75,20.63,3.02,63.73,59.26,1.2,2.1,761,2708.13747456778
"NEUQUEN","58","Confluencia","035","29","08","U","580352908",NA,0.0693684137396477,"580352908",580352908,46.99,10.13,1.3,64.9,58.15,0.4,0.7,849,12238.9997728138
"NEUQUEN","58","Confluencia","035","37","10","U","580353710",NA,0.0995670060585067,"580353710",580353710,25,4.24,0.75,64.16,58.26,1.2,5.6,801,8044.83364227427
"NEUQUEN","58","Confluencia","035","37","09","U","580353709",NA,0.0989015863397643,"580353709",580353709,34.71,7.71,1.18,70.1,66.28,0.7,18.5,765,7734.96187788067
"NEUQUEN","58","Confluencia","035","29","07","U","580352907",NA,0.0595972433273448,"580352907",580352907,63.47,13.05,2.34,63.55,58.19,1,3.4,812,13624.7912598909
"NEUQUEN","58","Confluencia","035","24","13","U","580352413",NA,0.331175333752277,"580352413",580352413,9.13,2.35,0.22,68.41,63.76,0.4,8.9,895,2702.4959554188
"NEUQUEN","58","Confluencia","035","38","08","U","580353808",NA,0.33607085635516,"580353808",580353808,41.76,8.72,0.98,66.36,60.4,0.7,18.8,814,2422.10826856037
"NEUQUEN","58","Confluencia","035","06","01","U","580350601",NA,0.354749522440527,"580350601",580350601,34.54,7.46,0.89,72.75,68.19,3.5,34.1,898,2531.36352044152
"NEUQUEN","58","Confluencia","035","26","13","U","580352613",NA,0.212517470631175,"580352613",580352613,46.12,10.41,1.86,61.44,56.34,0.6,0.6,970,4564.33062712025
"NEUQUEN","58","Confluencia","035","09","23","U","580350923",NA,0.0755550208568051,"580350923",580350923,52.15,10.98,0.9,61,54.09,0,1.6,774,10244.1901441191
"NEUQUEN","58","Confluencia","035","06","02","U","580350602",NA,0.0989489592511342,"580350602",580350602,234.09,22.1,3,66.04,62.26,0.7,1.5,466,4709.4987509397
"NEUQUEN","58","Confluencia","035","09","17","U","580350917",NA,0.0847786396349967,"580350917",580350917,64.15,12.39,1.82,59.56,53.78,2.9,1.8,823,9707.63394580662
"NEUQUEN","58","Confluencia","035","09","16","U","580350916",NA,0.0825965168732591,"580350916",580350916,50.46,10.17,1.29,67.5,62.6,0.6,0.6,1082,13099.8260091316
"NEUQUEN","58","Confluencia","035","09","15","U","580350915",NA,0.0876654018674269,"580350915",580350915,45.25,9.87,1.18,64.5,58.25,0.6,2.8,1013,11555.2997924075
"NEUQUEN","58","Confluencia","035","10","02","U","580351002",NA,0.144519285970056,"580351002",580351002,61.39,10.09,1.56,66.59,61.93,0.3,1.6,961,6649.63152529771
"NEUQUEN","58","Confluencia","035","38","12","U","580353812",NA,0.202352308069423,"580353812",580353812,19.84,4.69,0.28,67.37,62.19,1.5,95.1,1066,5268.03973807048
"NEUQUEN","58","Confluencia","035","10","01","U","580351001",NA,0.107376032927519,"580351001",580351001,50.85,7.54,1.26,65.66,60.89,1.8,2.9,796,7413.19993203063
"NEUQUEN","58","Confluencia","035","29","14","U","580352914",NA,0.108741501070774,"580352914",580352914,50.94,8.37,1.03,67.52,61.44,0.8,2.5,968,8901.84511403773
"NEUQUEN","58","Confluencia","035","07","09","U","580350709",NA,0.0915857521589557,"580350709",580350709,48.63,10.53,2.01,63.89,57.5,0.7,4.5,845,9226.32593040698
"NEUQUEN","58","Confluencia","035","07","08","U","580350708",NA,0.0579821015454773,"580350708",580350708,46.95,10.25,1.33,64.68,60.86,2.5,2.1,751,12952.2728563221
"NEUQUEN","58","Confluencia","035","07","18","U","580350718",NA,0.0572965782336453,"580350718",580350718,59.48,12.8,1.13,64.54,59.75,0,5.2,711,12409.1179948071
"NEUQUEN","58","Confluencia","035","29","11","U","580352911",NA,0.0877590752169937,"580352911",580352911,60.18,12.79,2.4,68.03,62.02,0.3,1.9,1040,11850.6262449609
"NEUQUEN","58","Confluencia","035","18","12","U","580351812",NA,0.406352250219889,"580351812",580351812,10.26,2.84,0.24,75.48,72.26,3.3,95.4,423,1040.96876483667
"NEUQUEN","58","Confluencia","035","26","14","U","580352614",NA,0.121169208453353,"580352614",580352614,23.04,6.35,0.6,63.12,59.58,0.4,0.7,834,6882.93676789241
"NEUQUEN","58","Confluencia","035","04","03","U","580350403",NA,0.0616679043371826,"580350403",580350403,70.73,11.35,1.96,71.72,67.13,0.8,1.1,511,8286.32017728374
"NEUQUEN","58","Confluencia","035","04","01","U","580350401",NA,0.0306248141178712,"580350401",580350401,85.51,10.87,2.39,76.67,71.88,1,2.4,543,17730.7198636393
"NEUQUEN","58","Confluencia","035","05","01","U","580350501",NA,0.0413217391384456,"580350501",580350501,111.29,11,1.44,80.18,74.51,1.8,0.8,627,15173.6111081695
"NEUQUEN","58","Confluencia","035","05","05","U","580350505",NA,0.0409992112901062,"580350505",580350505,80.56,7.87,1.49,77.73,71.15,1.9,0.9,737,17975.955556439
"NEUQUEN","58","Confluencia","035","05","02","U","580350502",NA,0.0429993329972401,"580350502",580350502,142.25,20.36,4.44,61.43,58.89,1.7,0.9,496,11535.0626492703
"NEUQUEN","58","Confluencia","035","05","03","U","580350503",NA,0.0592232108803582,"580350503",580350503,130.21,19.23,4.62,60.28,56.21,2.3,1.3,650,10975.42653189
"NEUQUEN","58","Confluencia","035","05","04","U","580350504",NA,0.0614542829230241,"580350504",580350504,77.33,14.32,2.22,64.72,61.43,1.3,1.3,810,13180.5296795112
"NEUQUEN","58","Confluencia","035","04","05","U","580350405",NA,0.0495790166035061,"580350405",580350405,66.67,7.66,2.03,74.26,69.3,4.7,2.5,836,16861.9722066226
"NEUQUEN","58","Confluencia","035","38","07","U","580353807",NA,0.177105465685725,"580353807",580353807,46.98,8.94,0.64,66.41,61.43,1,22.2,783,4421.09449851445
"NEUQUEN","58","Confluencia","035","38","16","U","580353816",NA,0.75215919644906,"580353816",580353816,52.69,11.04,2.26,63.35,59.63,5.3,94.3,797,1059.61610755095
"NEUQUEN","58","Confluencia","035","10","15","U","580351015",NA,0.140810692869902,"580351015",580351015,62.33,10.06,1.99,69.82,64.77,0.6,0.8,905,6427.06872294245
"NEUQUEN","58","Confluencia","035","04","04","U","580350404",NA,0.0567920101811662,"580350404",580350404,75,11.14,0.7,69.65,65.04,3.1,3.7,431,7589.09569541758
"NEUQUEN","58","Confluencia","035","07","10","U","580350710",NA,0.0960149190910067,"580350710",580350710,71.36,13.17,2.24,65.33,59.72,2.2,5.5,1116,11623.1936720398
"NEUQUEN","58","Confluencia","035","18","13","U","580351813",NA,0.822654558327439,"580351813",580351813,16.44,4.44,0.37,73.63,68.66,12.2,93.9,270,328.20580311248
"NEUQUEN","58","Confluencia","035","04","06","U","580350406",NA,0.122147522094637,"580350406",580350406,57.76,10.47,0.78,65.42,60.37,3.1,2.7,640,5239.5659692887
"NEUQUEN","58","Confluencia","035","04","07","U","580350407",NA,0.249891576496229,"580350407",580350407,41.15,9.74,1.46,65.02,60.44,2.7,21.8,1027,4109.78238802499
"NEUQUEN","58","Confluencia","035","37","11","U","580353711",NA,0.150828876559438,"580353711",580353711,6.63,2.36,0.18,72.58,66.4,5.8,81.3,551,3653.14661601198
"NEUQUEN","58","Confluencia","035","29","12","U","580352912",NA,0.0785581782823554,"580352912",580352912,26.71,6.66,1.71,68.23,65.32,1.9,28.5,586,7459.43977842494
"NEUQUEN","58","Confluencia","035","37","12","U","580353712",NA,0.216226906843822,"580353712",580353712,50,10.39,1.32,64.33,58.83,4.5,53.1,1059,4897.63284069406
"NEUQUEN","58","Confluencia","035","22","23","U","580352223",NA,1.06638377948683,"580352223",580352223,6.76,2.42,0.16,62.56,59.9,7.7,20.9,619,580.466443608018
"NEUQUEN","58","Confluencia","035","26","17","U","580352617",NA,0.51243839864994,"580352617",580352617,6.47,2.31,0.39,70.62,66.93,0.4,0.8,778,1518.23126847969
"NEUQUEN","58","Confluencia","035","10","14","U","580351014",NA,0.170304021802869,"580351014",580351014,18.59,3.36,0.69,71.03,64.69,2.3,1.3,864,5073.28007203554
"NEUQUEN","58","Confluencia","035","04","02","U","580350402",NA,0.0680720305319186,"580350402",580350402,85.12,14.88,5.2,69.78,64.42,1.6,3.1,692,10165.7023390176
"NEUQUEN","58","Confluencia","035","38","14","U","580353814",NA,0.0941717804275751,"580353814",580353814,37.09,8.26,1.33,65.13,59.78,0.4,96.1,678,7199.60902216807
"NEUQUEN","58","Confluencia","035","05","06","U","580350506",NA,0.0738751287819482,"580350506",580350506,126.98,18.78,4.46,67.4,62.19,1.9,1.9,426,5766.48740955014
"NEUQUEN","58","Confluencia","035","07","12","U","580350712",NA,0.0580876443829355,"580350712",580350712,78.99,14.33,2.44,65.87,62.2,0.4,2.5,656,11293.2794395208
"NEUQUEN","58","Confluencia","035","29","13","U","580352913",NA,0.0795325864680335,"580352913",580352913,36.49,7.31,1.08,67.44,62.13,3,38.2,739,9291.78884804691
"NEUQUEN","58","Confluencia","035","18","14","U","580351814",NA,0.146519674581193,"580351814",580351814,23.62,6.55,0.76,66.57,62.61,10.7,96.3,916,6251.7201366865
"NEUQUEN","58","Confluencia","035","26","15","U","580352615",NA,0.0559400563535383,"580352615",580352615,15.91,3.73,0.36,69.34,64.3,0,1.2,563,10064.3445269677
"NEUQUEN","58","Confluencia","035","38","13","U","580353813",NA,0.138864731554091,"580353813",580353813,23.18,5.92,1.18,69.8,65.65,3.6,95.9,591,4255.94024764878
"NEUQUEN","58","Confluencia","035","09","18","U","580350918",NA,0.0941611798543105,"580350918",580350918,20.5,4.26,0.26,69.22,61.77,2.7,3.8,1150,12213.1010017007
"NEUQUEN","58","Confluencia","035","10","12","U","580351012",NA,0.139447539437942,"580351012",580351012,48.5,9.63,0.77,68.78,63.92,0.8,2,1173,8411.76549064905
"NEUQUEN","58","Confluencia","035","29","15","U","580352915",NA,0.114956588749795,"580352915",580352915,65.08,12.71,2.07,65.19,60.76,4.1,4.1,968,8420.56997800158
"NEUQUEN","58","Confluencia","035","18","16","U","580351816",NA,0.483990864079678,"580351816",580351816,53.3,10.42,1.66,66.63,62.57,2,53.4,1084,2239.71169799094
"NEUQUEN","58","Confluencia","035","04","10","U","580350410",NA,0.0686665209177584,"580350410",580350410,100,15.82,2.28,61.58,56.95,2,1.2,613,8927.20341451678
"NEUQUEN","58","Confluencia","035","04","09","U","580350409",NA,0.111677510565687,"580350409",580350409,84.11,13.85,2.77,64.23,58.76,9.4,9.8,650,5820.33031276857
"NEUQUEN","58","Confluencia","035","07","13","U","580350713",NA,0.0511257670241948,"580350713",580350713,82.76,13.89,1.5,63.8,59.7,1,1.3,864,16899.5019593764
"NEUQUEN","58","Confluencia","035","07","20","U","580350720",NA,0.053482535615705,"580350720",580350720,65.05,12.52,1.68,69.02,64.69,1.6,2.6,535,10003.265436856
"NEUQUEN","58","Confluencia","035","07","11","U","580350711",NA,0.0539759743096009,"580350711",580350711,64.18,13.03,1.52,63.2,58.36,0.9,3,660,12227.6625562015
"NEUQUEN","58","Confluencia","035","38","11","U","580353811",NA,0.519937319932356,"580353811",580353811,19.33,4.82,0.63,75.35,72.3,0,90.5,477,917.418276614684
"NEUQUEN","58","Confluencia","035","07","19","U","580350719",NA,0.0514475647858828,"580350719",580350719,71.09,13.62,1.95,64.38,59.67,0.8,2,668,12984.0936646879
"NEUQUEN","58","Confluencia","035","26","16","U","580352616",NA,0.0686128554958305,"580352616",580352616,17.24,3.72,0.15,64.62,57.36,0.5,1.4,672,9794.08297678029
"NEUQUEN","58","Confluencia","035","04","08","U","580350408",NA,0.0942407822235581,"580350408",580350408,52.6,10.48,1.61,71.49,68.23,1.5,3.4,868,9210.44986597129
"NEUQUEN","58","Confluencia","035","06","03","U","580350603",NA,0.0765162773951478,"580350603",580350603,182.61,24.85,5.92,61.04,57.21,0.9,1.3,507,6626.04111516997
"NEUQUEN","58","Confluencia","035","04","11","U","580350411",NA,0.0531559352421239,"580350411",580350411,118.31,16.63,2.57,63.39,56.52,1.8,2.3,505,9500.35019983635
"NEUQUEN","58","Confluencia","035","06","18","U","580350618",NA,0.0615362681544982,"580350618",580350618,168.97,21.63,4.19,57.25,52,1.3,2.1,453,7361.5123826271
"NEUQUEN","58","Confluencia","035","06","17","U","580350617",NA,0.168554412770488,"580350617",580350617,117.78,17.88,4.55,66.87,62.1,2.9,1.4,593,3518.1517365995
"NEUQUEN","58","Confluencia","035","05","09","U","580350509",NA,0.0583554680378735,"580350509",580350509,116.28,15.29,4.89,72.76,68.28,0.6,0,327,5603.58799260718
"NEUQUEN","58","Confluencia","035","05","08","U","580350508",NA,0.0284858291833922,"580350508",580350508,176.36,20.64,8.3,68.35,65.71,3.1,1.2,470,16499.4319447095
"NEUQUEN","58","Confluencia","035","05","07","U","580350507",NA,0.0127367376256617,"580350507",580350507,100,15.56,5.93,68.51,63.85,0,1.5,405,31797.7814965754
"NEUQUEN","58","Confluencia","035","05","12","U","580350512",NA,0.130111487194844,"580350512",580350512,103.96,15.63,4.46,70.19,61.35,2,0.8,672,5164.80146748051
"NEUQUEN","58","Confluencia","035","28","02","U","580352802",NA,0.0535401637598005,"580352802",580352802,114.29,14.73,2.03,68.63,65.68,1.8,0.7,543,10141.9189234475
"NEUQUEN","58","Confluencia","035","05","14","U","580350514",NA,0.0577357761687413,"580350514",580350514,156,20.31,5.21,64.44,59.53,1,2.2,576,9976.48318291514
"NEUQUEN","58","Confluencia","035","07","14","U","580350714",NA,0.074056962399628,"580350714",580350714,63.91,12.96,2.44,57.52,54.14,0.9,1.8,656,8858.0462760554
"NEUQUEN","58","Confluencia","035","28","01","U","580352801",NA,0.0618519092681445,"580352801",580352801,169.23,16.54,4.01,70.03,66.21,1.3,1.7,399,6450.89221531107
"NEUQUEN","58","Confluencia","035","37","13","U","580353713",NA,0.223305453414069,"580353713",580353713,23.53,5.54,1.11,70.5,67.27,4.3,7.9,361,1616.61972191341
"NEUQUEN","58","Confluencia","035","38","15","U","580353815",NA,0.111417693577865,"580353815",580353815,47.31,9.31,1.3,67.53,62.79,4.7,96,849,7619.97464439227
"NEUQUEN","58","Confluencia","035","38","09","U","580353809",NA,0.222982705552144,"580353809",580353809,26.72,6.47,1.67,68.55,64.78,8.2,5.3,479,2148.14865939452
"NEUQUEN","58","Confluencia","035","32","03","U","580353203",NA,0.0730934668968171,"580353203",580353203,40.16,8.84,1.21,70.55,63.96,1.8,1.4,577,7894.00235748191
"NEUQUEN","58","Confluencia","035","10","03","U","580351003",NA,0.0960046792594567,"580351003",580351003,98.31,16,3.17,64.02,59.81,0.7,2.3,725,7551.71524546899
"NEUQUEN","58","Confluencia","035","37","16","U","580353716",NA,0.151952691224078,"580353716",580353716,87.37,15.87,5.35,63.82,60.14,2.2,6.3,523,3441.86072511711
"NEUQUEN","58","Confluencia","035","10","05","U","580351005",NA,0.0691886743226182,"580351005",580351005,72.09,14.49,2.34,65.39,59.85,0,1.2,642,9278.97529885359
"NEUQUEN","58","Confluencia","035","26","18","M","580352618",NA,3.9561156731093,"580352618",580352618,10.2,3.5,0.7,80.85,78.72,13.5,15.4,143,36.1465669398917
"NEUQUEN","58","Confluencia","035","05","13","U","580350513",NA,0.0146359224980474,"580350513",580350513,155.88,24.04,4.76,55.03,48.94,2.4,1.9,441,30131.3429378186
"NEUQUEN","58","Confluencia","035","24","22","U","580352422",NA,0.18179274801898,"580352422",580352422,3,1.01,0.18,75.9,71.35,0.8,2.5,1089,5990.33796379108
"NEUQUEN","58","Confluencia","035","24","21","U","580352421",NA,0.140557597221905,"580352421",580352421,5.57,1.46,0.18,68.12,64.86,0.3,2.8,1097,7804.6297153765
"NEUQUEN","58","Confluencia","035","10","13","U","580351013",NA,0.083470224463338,"580351013",580351013,60.95,8.1,1.14,63.83,59.51,1.8,0,790,9464.45280432887
"NEUQUEN","58","Confluencia","035","10","16","U","580351016",NA,0.0811271334399208,"580351016",580351016,46.84,8.54,1.27,62.78,58.47,0.3,3,867,10686.9300471717
"NEUQUEN","58","Confluencia","035","32","02","U","580353202",NA,0.10674344350658,"580353202",580353202,44.95,8.03,1.31,68.48,64.01,0.4,8.4,610,5714.63670236943
"NEUQUEN","58","Confluencia","035","32","04","U","580353204",NA,0.188496112207361,"580353204",580353204,69.72,12.96,2.09,67.09,62.82,3.3,2.7,764,4053.13399333955
"NEUQUEN","58","Confluencia","035","06","05","U","580350605",NA,0.100456592064265,"580350605",580350605,98.69,17.38,3.45,65.89,61.76,1.4,0.8,869,8650.502492102
"NEUQUEN","58","Confluencia","035","32","05","U","580353205",NA,0.0964511001495849,"580353205",580353205,60.84,14.12,4.06,63.69,58.92,0.9,6.1,616,6386.65602615888
"NEUQUEN","58","Confluencia","035","32","06","U","580353206",NA,0.0769659587265132,"580353206",580353206,64.33,13.48,4.41,61.9,56.91,0,1.9,749,9731.57500267693
"NEUQUEN","58","Confluencia","035","32","07","U","580353207",NA,0.115317631362956,"580353207",580353207,65.33,12.58,2.18,67.03,62.32,1.5,0,779,6755.25494924657
"NEUQUEN","58","Confluencia","035","06","07","U","580350607",NA,0.093466948028315,"580350607",580350607,100,16.93,2.7,64.58,58.81,2.3,2.7,703,7521.37536134198
"NEUQUEN","58","Confluencia","035","06","06","U","580350606",NA,0.150443625005474,"580350606",580350606,62.6,10.59,0.83,63.62,57.59,3,3.4,727,4832.37491767131
"NEUQUEN","58","Confluencia","035","04","13","U","580350413",NA,0.101699766814008,"580350413",580350413,125,15.37,3.62,66.8,63.11,0.8,1.2,553,5437.57392297018
"NEUQUEN","58","Confluencia","035","06","04","U","580350604",NA,0.0863494801721712,"580350604",580350604,161.54,21.69,5.16,58.9,53.23,0.4,1.6,581,6728.4713103258
"NEUQUEN","58","Confluencia","035","10","19","U","580351019",NA,0.0796790142168847,"580351019",580351019,103.6,18.05,2.35,65.28,60.75,1.6,2,637,7994.57681876056
"NEUQUEN","58","Confluencia","035","05","15","U","580350515",NA,0.0287231218566969,"580350515",580350515,97.67,11.51,4.38,77.09,73.37,2.2,0.4,365,12707.5323434907
"NEUQUEN","58","Confluencia","035","28","05","U","580352805",NA,0.101045735495965,"580352805",580352805,113.24,13.3,3.11,71.68,66.8,2.1,0.3,579,5730.0785348148
"NEUQUEN","58","Confluencia","035","28","04","U","580352804",NA,0.0284923391230777,"580352804",580352804,100,12.24,3.7,73.25,70.13,1.6,1.6,433,15197.0674688933
"NEUQUEN","58","Confluencia","035","28","03","U","580352803",NA,0.0509875725693451,"580352803",580352803,156.1,16.54,3.36,72.41,66.38,0.5,1,387,7590.08480887504
"NEUQUEN","58","Confluencia","035","04","12","U","580350412",NA,0.0580069410635307,"580350412",580350412,97.59,14.34,3.36,64.14,60.86,2.4,0.8,565,9740.21366479568
"NEUQUEN","58","Confluencia","035","27","01","U","580352701",NA,0.104396622980326,"580352701",580352701,100.78,17.79,5.38,62.05,56.11,1.4,0,725,6944.66908318123
"NEUQUEN","58","Confluencia","035","27","02","U","580352702",NA,0.123134003330834,"580352702",580352702,163.54,22.62,3.89,61.03,57.05,1.3,1,694,5636.13608935765
"NEUQUEN","58","Confluencia","035","32","01","U","580353201",NA,0.0888085068080835,"580353201",580353201,91.18,13.27,1.28,60.69,55.1,0.4,0.7,701,7893.38797819078
"NEUQUEN","58","Confluencia","035","27","03","U","580352703",NA,0.103416250684842,"580352703",580352703,54.11,11.67,3.64,67.13,62,1.6,3.2,1071,10356.206040227
"NEUQUEN","58","Confluencia","035","18","15","U","580351815",NA,1.11948066553357,"580351815",580351815,26.44,6.95,0.6,68.02,65.18,30.7,93,331,295.672815253345
"NEUQUEN","58","Confluencia","035","37","14","U","580353714",NA,0.293261455162403,"580353714",580353714,90.57,16.46,2.74,62.21,57.52,2.4,11.7,875,2983.68566546
"NEUQUEN","58","Confluencia","035","06","12","U","580350612",NA,0.143122297065124,"580350612",580350612,135,19.12,4.82,65.3,61.05,2,2.3,706,4932.8442491302
"NEUQUEN","58","Confluencia","035","37","15","U","580353715",NA,0.180423060958042,"580353715",580353715,73.37,14.11,3.64,61.42,57.24,1.5,3.6,879,4871.88275895847
"NEUQUEN","58","Confluencia","035","06","13","U","580350613",NA,0.0569957653076202,"580350613",580350613,120,14.32,3.47,74.82,70.42,1.1,1.1,461,8088.32020259522
"NEUQUEN","58","Confluencia","035","04","15","U","580350415",NA,0.0803768882812057,"580350415",580350415,134.09,15.67,2.12,67.31,60.6,1.6,1.6,753,9368.36466429955
"NEUQUEN","58","Confluencia","035","10","22","U","580351022",NA,0.154742478108406,"580351022",580351022,33.57,5.96,0.99,64.39,59.64,1.6,1.6,806,5208.65382183779
"NEUQUEN","58","Confluencia","035","04","14","U","580350414",NA,0.078258095486518,"580350414",580350414,63.13,10.98,1.65,69.15,62.05,4.1,3.5,1029,13148.7994130559
"NEUQUEN","58","Confluencia","035","05","10","U","580350510",NA,0.0430609397009811,"580350510",580350510,155.32,17.76,5.11,69.86,65.21,0.9,0.9,411,9544.61288708559
"NEUQUEN","58","Confluencia","035","28","11","U","580352811",NA,0.180022386155445,"580352811",580352811,216.33,21.5,6.9,68.23,64.65,1.4,1.4,493,2738.54830240005
"NEUQUEN","58","Confluencia","035","32","08","U","580353208",NA,0.115028104423955,"580353208",580353208,83.47,14.41,3.71,67.86,63.27,1.3,1.9,701,6094.16284403287
"NEUQUEN","58","Confluencia","035","38","10","U","580353810",NA,0.606933094969954,"580353810",580353810,41.41,9.69,0.95,63.06,60.66,4.7,74.7,423,696.94667090273
"NEUQUEN","58","Confluencia","035","06","22","U","580350622",NA,0.0580352488782182,"580350622",580350622,130.43,15.68,3.48,69.47,59.88,1.6,1,574,9890.54085396424
"NEUQUEN","58","Confluencia","035","27","04","U","580352704",NA,0.164947190006638,"580352704",580352704,80.88,13.84,2.27,63.73,59.22,1.8,2.3,1192,7226.55535963984
"NEUQUEN","58","Confluencia","035","05","11","U","580350511",NA,0.0328295700580332,"580350511",580350511,124.07,16.5,3.94,73.37,69.97,2.2,1.7,406,12366.8996968985
"NEUQUEN","58","Confluencia","035","28","08","U","580352808",NA,0.0714021161417169,"580352808",580352808,139.56,17.33,3.96,68.72,63.79,1.6,1.6,733,10265.8021863829
"NEUQUEN","58","Confluencia","035","24","23","U","580352423",NA,0.138621377385933,"580352423",580352423,23.65,5.04,1.44,69.16,63.99,0.4,4.9,694,5006.44282351811
"NEUQUEN","58","Confluencia","035","14","02","U","580351402",NA,0.810327024780825,"580351402",580351402,81,13.68,2.87,68.27,63.25,0.4,13.5,592,730.569241671438
"NEUQUEN","58","Confluencia","035","28","10","U","580352810",NA,0.0579116902314574,"580352810",580352810,150,15.73,4.03,72.36,67.87,1.7,2,496,8564.76469634407
"NEUQUEN","58","Confluencia","035","10","07","U","580351007",NA,0.070240277037024,"580351007",580351007,83.2,15.5,1.79,64.08,61.01,1.1,2.2,671,9552.9235974726
"NEUQUEN","58","Confluencia","035","10","20","U","580351020",NA,0.104619280552648,"580351020",580351020,81.05,13.37,2.78,65.02,59.05,2.1,3.8,576,5505.67731834226
"NEUQUEN","58","Confluencia","035","10","04","U","580351004",NA,0.135208248780109,"580351004",580351004,57.86,11.04,1.44,70.09,66.42,0.8,1.9,833,6160.8667186772
"NEUQUEN","58","Confluencia","035","10","17","U","580351017",NA,0.132801287029684,"580351017",580351017,75,12.95,2.31,66.15,62.18,2.6,3.1,996,7499.92731454007
"NEUQUEN","58","Confluencia","035","32","14","U","580353214",NA,0.140270811053813,"580353214",580353214,72.61,13.29,1.86,64.89,60.39,0.8,3.1,858,6116.73942393363
"NEUQUEN","58","Confluencia","035","32","13","U","580353213",NA,0.14216188287875,"580353213",580353213,40.12,8.78,0.89,70.47,65.97,1.3,4.2,786,5528.90820017049
"NEUQUEN","58","Confluencia","035","27","05","U","580352705",NA,0.0908205664398074,"580352705",580352705,65.79,13.13,1.23,67.39,61.77,0.9,0,571,6287.1222057224
"NEUQUEN","58","Confluencia","035","38","17","U","580353817",NA,0.281601707740188,"580353817",580353817,60.71,11.92,2.1,65.81,62.05,2.3,92.8,713,2531.94487249996
"NEUQUEN","58","Confluencia","035","32","12","U","580353212",NA,0.142931719369945,"580353212",580353212,157.45,19.68,3.46,60.6,55.79,1.6,4.4,752,5261.25343845914
"NEUQUEN","58","Confluencia","035","32","10","U","580353210",NA,0.079314490719101,"580353210",580353210,85.86,15.63,2.57,61.81,58.94,1.9,3.8,544,6858.77189739038
"NEUQUEN","58","Confluencia","035","06","08","U","580350608",NA,0.0719106300400719,"580350608",580350608,116,16.86,3.1,64.19,59.46,2.8,0.9,516,7175.57334308518
"NEUQUEN","58","Confluencia","035","06","09","U","580350609",NA,0.0583802065236121,"580350609",580350609,96.1,15.91,2.15,67.43,61.32,3.3,1,465,7965.02834932467
"NEUQUEN","58","Confluencia","035","10","09","U","580351009",NA,0.0982050411066599,"580351009",580351009,61.86,10.33,1.55,66.39,61.89,1.3,3.5,581,5916.1932366484
"NEUQUEN","58","Confluencia","035","06","21","U","580350621",NA,0.0584618777431603,"580350621",580350621,175.61,18.23,2.78,70.42,66.48,1.4,0.5,395,6756.53973578043
"NEUQUEN","58","Confluencia","035","10","06","U","580351006",NA,0.0524748391369916,"580351006",580351006,96.4,13.44,2.39,61.83,55.3,0.9,0.6,796,15169.1746576288
"NEUQUEN","58","Confluencia","035","37","17","U","580353717",NA,0.226290878253026,"580353717",580353717,70.47,13.41,4.54,62.22,57.57,1.2,11.9,1014,4480.95834807005
"NEUQUEN","58","Confluencia","035","06","11","U","580350611",NA,0.11456310936226,"580350611",580350611,121.7,19.05,3.25,67.42,63.59,1.8,0.9,677,5909.40664729395
"NEUQUEN","58","Confluencia","035","18","17","U","580351817",NA,0.249461746904697,"580351817",580351817,40.73,9.04,1.34,65.91,61.48,2.7,69.4,1117,4477.64041525265
"NEUQUEN","58","Confluencia","035","28","06","U","580352806",NA,0.0723464885296896,"580352806",580352806,111.49,18.69,4.43,69.04,65.14,2.5,3.6,519,7173.81051309784
"NEUQUEN","58","Confluencia","035","28","07","U","580352807",NA,0.069818937480581,"580352807",580352807,51.66,10.84,2.79,60.87,54.98,4,13.1,1291,18490.6852866254
"NEUQUEN","58","Confluencia","035","27","08","U","580352708",NA,0.102881775503419,"580352708",580352708,114.94,17.97,4.37,58.52,53.16,2,1.5,985,9574.09604548731
"NEUQUEN","58","Confluencia","035","27","06","U","580352706",NA,0.0649043401370696,"580352706",580352706,112.37,19.64,2.7,52.03,48.82,0.9,1.4,555,8551.04602909315
"NEUQUEN","58","Confluencia","035","27","07","U","580352707",NA,0.108322601585742,"580352707",580352707,131.34,19.09,3.69,57.32,53.57,1,1.1,922,8511.61241054755
"NEUQUEN","58","Confluencia","035","10","18","U","580351018",NA,0.932493849515726,"580351018",580351018,43.75,9.8,2.38,65.55,59.05,12.5,89.5,714,765.688696360628
"NEUQUEN","58","Confluencia","035","10","21","U","580351021",NA,0.165072090615403,"580351021",580351021,129.41,20.79,4.16,58.57,53.45,1.4,15.7,529,3204.66044882477
"NEUQUEN","58","Confluencia","035","32","11","U","580353211",NA,0.0650266106583905,"580353211",580353211,54.1,10.38,1.57,67.55,61.89,1.6,2.4,636,9780.6112537704
"NEUQUEN","58","Confluencia","035","32","09","U","580353209",NA,0.100416731387533,"580353209",580353209,95.16,15.59,3.83,59.87,54.86,2.5,2.9,757,7538.5843528261
"NEUQUEN","58","Confluencia","035","27","13","U","580352713",NA,0.266237829922396,"580352713",580352713,72.17,13.64,3.39,62.77,57.94,1,1.2,1122,4214.27713832795
"NEUQUEN","58","Confluencia","035","32","15","U","580353215",NA,0.121423250494549,"580353215",580353215,59.76,10.44,1.86,67.73,64.53,2.3,2.6,967,7963.87838458837
"NEUQUEN","58","Confluencia","035","10","08","U","580351008",NA,0.223856474210758,"580351008",580351008,55.44,10.65,1.29,67.27,61.47,1.6,4.3,1005,4489.48373525175
"NEUQUEN","58","Confluencia","035","06","14","U","580350614",NA,0.0579157919681503,"580350614",580350614,162.16,17.29,6.05,65.5,61.98,1.1,1.1,347,5991.45739370751
"NEUQUEN","58","Confluencia","035","06","23","U","580350623",NA,0.028562548969388,"580350623",580350623,78.69,10.62,1.55,74.3,70.48,2,1.6,452,15824.9181641468
"NEUQUEN","58","Confluencia","035","06","15","U","580350615",NA,0.0577556175823882,"580350615",580350615,154,19.69,6.39,65.41,61.92,0.9,1.4,391,6769.90423385638
"NEUQUEN","58","Confluencia","035","28","09","U","580352809",NA,0.0865012363540679,"580352809",580352809,167.19,21.66,8.7,65.97,62.96,2.5,1.4,494,5710.90103241939
"NEUQUEN","58","Confluencia","035","28","12","U","580352812",NA,0.120888421079397,"580352812",580352812,192.75,22.39,7.41,64.92,60.04,3.2,6.5,594,4913.62195565341
"NEUQUEN","58","Confluencia","035","33","06","U","580353306",NA,0.227691541019379,"580353306",580353306,82.55,15.13,3.69,65.88,59.05,2,3.4,813,3570.62013090247
"NEUQUEN","58","Confluencia","035","27","09","U","580352709",NA,0.0765217677451144,"580352709",580352709,83.75,12.88,4.04,68.46,65.77,2.3,1.4,520,6795.45200435075
"NEUQUEN","58","Confluencia","035","06","20","U","580350620",NA,0.0644994322999194,"580350620",580350620,73.26,14.22,4.29,69.34,63.26,1.6,4.2,443,6868.27750576269
"NEUQUEN","58","Confluencia","035","06","10","U","580350610",NA,0.115329329598966,"580350610",580350610,64.06,10.75,2.23,73.24,69.64,2,2.6,763,6615.83660161017
"NEUQUEN","58","Confluencia","035","18","04","U","580351804",NA,0.658749356313873,"580351804",580351804,11.27,3.72,0.32,80.14,75.65,7.9,97.7,618,938.141334145824
"NEUQUEN","58","Confluencia","035","27","10","U","580352710",NA,0.0900396172456145,"580352710",580352710,86.32,15.71,4.98,64.72,62.62,3.1,4,522,5797.44801197969
"NEUQUEN","58","Confluencia","035","33","07","U","580353307",NA,0.138753262869621,"580353307",580353307,57.72,11.23,1.7,67.36,59.84,3.3,4.4,766,5520.59089752557
"NEUQUEN","58","Confluencia","035","27","14","U","580352714",NA,0.201020209993284,"580352714",580352714,81.51,14.88,3.37,61.3,57.59,0.4,2.5,652,3243.45497411322
"NEUQUEN","58","Confluencia","035","19","11","M","580351911",NA,11.3693589003119,"580351911",580351911,22.96,6.33,0.67,70.98,67.52,17.9,74.3,1200,105.546848377448
"NEUQUEN","58","Confluencia","035","19","07","U","580351907",NA,0.297825582281145,"580351907",580351907,63.51,13.3,2.26,63.77,60.26,2,14.1,1060,3559.13011864564
"NEUQUEN","58","Confluencia","035","12","01","U","580351201",NA,0.161603849975221,"580351201",580351201,69.54,12.41,2.72,71.55,67.28,2.5,2.3,846,5235.02379509968
"NEUQUEN","58","Confluencia","035","19","14","M","580351914",NA,9.91691842001667,"580351914",580351914,20.65,5.39,0.99,71.97,69.8,20,86,1410,142.181264409114
"NEUQUEN","58","Confluencia","035","19","06","U","580351906",NA,0.237417464412298,"580351906",580351906,102.53,16.91,4.38,64.3,60.15,1.6,15.1,479,2017.54323838692
"NEUQUEN","58","Confluencia","035","06","16","U","580350616",NA,0.125066208523026,"580350616",580350616,77.55,13.82,4.18,71.33,67.83,3.1,5.4,550,4397.67069374891
"NEUQUEN","58","Confluencia","035","06","24","U","580350624",NA,0.0573669158645552,"580350624",580350624,139.22,22.4,7.57,66.04,61.19,0.6,1.3,317,5525.83305591058
"NEUQUEN","58","Confluencia","035","28","15","U","580352815",NA,0.0464212749459994,"580352815",580352815,200,24.77,9.06,63.92,57.39,1.1,1.6,331,7130.35133966147
"NEUQUEN","58","Confluencia","035","19","01","M","580351901",NA,24.9637340289254,"580351901",580351901,44,9.71,0.96,69.6,66.06,84.8,97.7,1246,49.9124048732559
"NEUQUEN","58","Confluencia","035","19","17","U","580351917",NA,0.663530016430512,"580351917",580351917,26.74,7.37,0.64,70.56,64.5,7.3,95.4,312,470.212337459
"NEUQUEN","58","Confluencia","035","28","14","U","580352814",NA,0.0957867659385875,"580352814",580352814,167.65,15.12,3.98,70.14,65.51,0.9,2.6,377,3935.82554234798
"NEUQUEN","58","Confluencia","035","19","04","U","580351904",NA,0.194983509716206,"580351904",580351904,85.47,15.12,2.67,61.73,57.94,1.8,12.2,1012,5190.18250042243
"NEUQUEN","58","Confluencia","035","10","11","U","580351011",NA,0.482825476099405,"580351011",580351011,99.33,16.06,2.8,64.55,59.47,2,31.8,928,1922.01954109178
"NEUQUEN","58","Confluencia","035","28","13","U","580352813",NA,0.0284765702477247,"580352813",580352813,110.2,17.25,4.47,71.48,68.89,3.6,3,313,10991.4922084063
"NEUQUEN","58","Confluencia","035","19","20","U","580351920",NA,0.27359324963918,"580351920",580351920,18.44,5.27,0.96,67.47,63.1,1.9,85,626,2288.06814797361
"NEUQUEN","58","Confluencia","035","11","03","U","580351103",NA,0.22063287254546,"580351103",580351103,56.62,12.79,1.41,60.7,55.43,4.7,3.6,1204,5457.02907327159
"NEUQUEN","58","Confluencia","035","12","10","U","580351210",NA,0.119310730817472,"580351210",580351210,91.87,16.33,4.48,62.15,58.16,0.8,4.5,692,5799.98123604371
"NEUQUEN","58","Confluencia","035","33","09","U","580353309",NA,1.00800788926797,"580353309",580353309,59.38,10.44,2.75,65.36,54.9,22.6,58.1,182,180.554142420622
"NEUQUEN","58","Confluencia","035","33","08","U","580353308",NA,0.572230391521576,"580353308",580353308,41.18,10.77,1.54,69.39,63.27,4,12,65,113.59061133954
"NEUQUEN","58","Confluencia","035","19","09","U","580351909",NA,0.279861948350748,"580351909",580351909,32.12,6.77,1.62,69.09,62.97,0.5,18.4,1299,4641.57420347827
"NEUQUEN","58","Confluencia","035","19","19","U","580351919",NA,0.206749987675264,"580351919",580351919,13.53,4.14,0.3,71.43,66.67,0.8,89.4,676,3269.64952985521
"NEUQUEN","58","Confluencia","035","19","08","U","580351908",NA,0.274402616926126,"580351908",580351908,72.43,13.99,2.35,64.73,60.11,3.6,30.4,1108,4037.8623659347
"NEUQUEN","58","Confluencia","035","12","06","U","580351206",NA,0.10076437121369,"580351206",580351206,110.24,18.72,3.74,61.05,57.71,1.4,0,748,7423.25874702008
"NEUQUEN","58","Confluencia","035","12","07","U","580351207",NA,0.11472120859489,"580351207",580351207,82.01,16.17,2.13,58.72,55.09,1.6,1.2,705,6145.33274740448
"NEUQUEN","58","Confluencia","035","19","21","U","580351921",NA,0.0940094437302425,"580351921",580351921,12.88,3.34,0.45,70.38,65.32,2.7,86.2,898,9552.23182233463
"NEUQUEN","58","Confluencia","035","12","12","U","580351212",NA,0.169250577011846,"580351212",580351212,102.73,16.74,4.74,65.27,60.56,1.4,2.5,675,3988.16956442492
"NEUQUEN","58","Confluencia","035","12","13","U","580351213",NA,0.151503200649797,"580351213",580351213,72.59,12.52,2.94,68.29,63.26,2.4,4.1,783,5168.20764605445
"NEUQUEN","58","Confluencia","035","12","09","U","580351209",NA,0.129591229535363,"580351209",580351209,95.18,16.58,3.15,64.63,60.25,1,4.1,953,7353.89272419814
"NEUQUEN","58","Confluencia","035","13","06","U","580351306",NA,0.0549184509728923,"580351306",580351306,103.23,16.16,2.27,68.93,63.61,6.4,2.1,396,7210.69136118688
"NEUQUEN","58","Confluencia","035","13","05","U","580351305",NA,0.112181062202595,"580351305",580351305,92.19,14.36,4.38,67.51,61.3,4.6,1,411,3663.71998918808
"NEUQUEN","58","Confluencia","035","12","11","U","580351211",NA,0.0710859548886695,"580351211",580351211,80.68,13.63,4.22,61.96,58.09,0.9,0.9,521,7329.15525740574
"NEUQUEN","58","Confluencia","035","13","04","U","580351304",NA,0.0785180134081247,"580351304",580351304,111.32,15.28,3.11,66.47,58.16,0,1.8,386,4916.0693609711
"NEUQUEN","58","Confluencia","035","34","02","U","580353402",NA,0.141981454033719,"580353402",580353402,74.29,11.72,2.93,69.27,64.24,4.4,2.9,887,6247.29480365335
"NEUQUEN","58","Confluencia","035","34","03","U","580353403",NA,0.113224950647336,"580353403",580353403,56.1,10.31,3.14,70.71,66.61,2.5,4.2,669,5908.5916679597
"NEUQUEN","58","Confluencia","035","34","06","U","580353406",NA,0.14495600868246,"580353406",580353406,71.34,12.39,2.33,69.72,64.38,2.1,6.1,944,6512.32059008968
"NEUQUEN","58","Confluencia","035","34","04","U","580353404",NA,0.247193611788884,"580353404",580353404,72.16,13,2.87,64.86,59.46,3.6,6.1,977,3952.36751034816
"NEUQUEN","58","Confluencia","035","14","05","U","580351405",NA,0.198180044715453,"580351405",580351405,63.27,11.18,1.35,64.98,61.85,1.2,4.9,1109,5595.9216357646
"NEUQUEN","58","Confluencia","035","14","07","U","580351407",NA,1.16135524675013,"580351407",580351407,12.77,3.99,0.89,80.57,77.39,6.6,50,451,388.339400249882
"NEUQUEN","58","Confluencia","035","14","06","U","580351406",NA,0.241832583462477,"580351406",580351406,21.14,6.03,0.93,72.05,69.88,0,32,431,1782.22468547906
"NEUQUEN","58","Confluencia","035","13","07","U","580351307",NA,0.086510361609738,"580351307",580351307,110.34,15.95,4.82,68.98,66.28,2.5,1.8,602,6958.70400722306
"NEUQUEN","58","Confluencia","035","12","08","U","580351208",NA,0.0798416141707725,"580351208",580351208,68.53,12.65,2.45,68.02,63.49,2.9,2.3,775,9706.71758141512
"NEUQUEN","58","Confluencia","035","11","04","U","580351104",NA,0.186000525061506,"580351104",580351104,17.51,4.48,0.87,70.15,65.3,1.6,3.9,692,3720.41960511226
"NEUQUEN","58","Confluencia","035","19","12","U","580351912",NA,0.249115696686184,"580351912",580351912,36.94,7.55,1.1,69.57,67.73,6.5,96.3,543,2179.71009945643
"NEUQUEN","58","Confluencia","035","19","18","U","580351918",NA,1.08768495663036,"580351918",580351918,37.5,9.06,0.67,71.98,66.38,12,44.4,298,273.976391953789
"NEUQUEN","58","Confluencia","035","13","17","U","580351317",NA,0.0749559430195116,"580351317",580351317,64.62,10.74,2.05,67.47,62.05,0.7,4.6,391,5216.39758302046
"NEUQUEN","58","Confluencia","035","13","09","U","580351309",NA,0.115633660155229,"580351309",580351309,65.96,11.63,2.38,65.42,60.18,2.6,3.8,800,6918.40074011375
"NEUQUEN","58","Confluencia","035","12","16","U","580351216",NA,0.0854659823400283,"580351216",580351216,49.47,10.59,2.03,67.8,61.86,2.2,2.5,888,10390.0987935419
"NEUQUEN","58","Confluencia","035","12","18","U","580351218",NA,0.0718488341703434,"580351218",580351218,60.34,12.26,2.8,67.18,63.02,4,1.8,571,7947.24098996847
"NEUQUEN","58","Confluencia","035","12","15","U","580351215",NA,0.0570641299127258,"580351215",580351215,75.31,13.5,3.54,63.68,60,2.9,3.5,452,7920.91285175629
"NEUQUEN","58","Confluencia","035","33","10","U","580353310",NA,0.076594180186484,"580353310",580353310,53.51,11.1,1.23,66.62,57.82,7.2,6.8,892,11645.7934248822
"NEUQUEN","58","Confluencia","035","13","08","U","580351308",NA,0.0665925789068788,"580351308",580351308,90.48,14.45,5.51,62.05,59.38,2.6,3.1,526,7898.7780415524
"NEUQUEN","58","Confluencia","035","34","12","U","580353412",NA,0.171201441825822,"580353412",580353412,87.93,13.39,2.36,69.11,63.91,1.8,1.2,381,2225.44854725946
"NEUQUEN","58","Confluencia","035","34","11","U","580353411",NA,0.085325074396342,"580353411",580353411,18.85,4.85,0.67,66.67,59.4,6.1,93.9,742,8696.1541522173
"NEUQUEN","58","Confluencia","035","34","10","U","580353410",NA,0.062427254366219,"580353410",580353410,71.25,14.36,2.27,72.05,65.53,2,4.8,397,6359.4018995464
"NEUQUEN","58","Confluencia","035","19","10","U","580351910",NA,0.136924547831172,"580351910",580351910,34.15,8.53,1.32,66.31,64.33,1.3,61.9,985,7193.74294530815
"NEUQUEN","58","Confluencia","035","34","09","U","580353409",NA,0.0761111934174746,"580353409",580353409,72.04,13.37,2.2,65.06,60.72,2,5.9,501,6582.47463355336
"NEUQUEN","58","Confluencia","035","34","07","U","580353407",NA,0.224917738847166,"580353407",580353407,20.65,4.41,0.54,71.11,65.83,1.5,0.8,1293,5748.76844586547
"NEUQUEN","58","Confluencia","035","14","08","U","580351408",NA,0.332323628519878,"580351408",580351408,17.58,4.88,1.18,75.23,72.3,4,36.9,594,1787.41428241378
"NEUQUEN","58","Confluencia","035","33","11","U","580353311",NA,0.255203747177936,"580353311",580353311,19.25,5.32,0.81,71.02,64.09,9,6.3,864,3385.53022655108
"NEUQUEN","58","Confluencia","035","12","14","U","580351214",NA,0.0870925804520368,"580351214",580351214,83.76,13.69,2.79,64.09,57.17,2.1,3.6,716,8221.13659147248
"NEUQUEN","58","Confluencia","035","13","13","U","580351313",NA,0.0654482540565913,"580351313",580351313,101.43,14.98,3.59,64.16,59.81,2.5,8.8,474,7242.36279229305
"NEUQUEN","58","Confluencia","035","34","14","U","580353414",NA,0.0746626640756354,"580353414",580353414,13.41,3.35,0.42,70.81,66.49,4.2,20.9,716,9589.79978633862
"NEUQUEN","58","Confluencia","035","19","13","U","580351913",NA,0.080335095380865,"580351913",580351913,17.88,4.46,0.42,74.28,69.57,1.7,91.3,717,8925.11543803783
"NEUQUEN","58","Confluencia","035","33","13","U","580353313",NA,0.911000101464775,"580353313",580353313,23.93,6.3,1.78,63.91,58.6,18.7,18.1,619,679.473030798488
"NEUQUEN","58","Confluencia","035","33","12","U","580353312",NA,0.114549735141221,"580353312",580353312,43.3,11.23,3.07,68.01,61.51,0.9,6.9,748,6529.91470541452
"NEUQUEN","58","Confluencia","035","11","02","M","580351102",NA,0.623019411668938,"580351102",580351102,4.82,1.67,0.42,70.66,64.07,3.9,87.8,239,383.615655505451
"NEUQUEN","58","Confluencia","035","15","01","U","580351501",NA,0.0668200357650188,"580351501",580351501,64.6,13.64,3.18,65.73,61.97,3.1,1.5,535,8006.58056935791
"NEUQUEN","58","Confluencia","035","15","16","U","580351516",NA,0.0785728942101513,"580351516",580351516,118.6,17.74,3.13,63.71,59.27,2.5,2.5,575,7318.04531041078
"NEUQUEN","58","Confluencia","035","15","02","U","580351502",NA,0.0852054940459605,"580351502",580351502,104.81,16.59,4.72,66.07,60.71,3.2,3.3,657,7710.77038348735
"NEUQUEN","58","Confluencia","035","15","03","U","580351503",NA,0.0775068035317163,"580351503",580351503,71.13,11.4,2.31,69.2,62.18,0.8,0.8,605,7805.76636414157
"NEUQUEN","58","Confluencia","035","13","18","U","580351318",NA,0.0765164252921191,"580351318",580351318,75.82,11.79,2.05,62.57,58.02,1.8,3.1,585,7645.41727827231
"NEUQUEN","58","Confluencia","035","13","12","U","580351312",NA,0.111399138668384,"580351312",580351312,94.44,14.46,4.13,67.61,62.64,2.5,2.8,823,7387.84886344523
"NEUQUEN","58","Confluencia","035","13","11","U","580351311",NA,0.0862640169778243,"580351311",580351311,130.77,16.61,4.89,63.17,59.67,1.8,3.2,614,7117.68384444513
"NEUQUEN","58","Confluencia","035","13","10","U","580351310",NA,0.119416837475546,"580351310",580351310,68.12,12.87,2.89,68.07,62.66,2.9,1.8,1212,10149.3225379394
"NEUQUEN","58","Confluencia","035","34","13","U","580353413",NA,0.0690181004656889,"580353413",580353413,55.24,11.69,1.92,67.03,61.51,2.2,6.6,676,9794.53209286833
"NEUQUEN","58","Confluencia","035","34","15","U","580353415",NA,0.176184231040776,"580353415",580353415,42.47,8.15,2.07,68.41,61.93,2.4,4.9,1350,7662.43376053081
"NEUQUEN","58","Confluencia","035","14","09","U","580351409",NA,0.114249555271391,"580351409",580351409,18.07,3.95,0.53,67.49,61.39,0.9,4.1,760,6652.10466854492
"NEUQUEN","58","Confluencia","035","15","17","U","580351517",NA,0.0864991589147653,"580351517",580351517,51.3,8.98,1.37,69.27,64.73,4.5,1.5,657,7595.44957711549
"NEUQUEN","58","Confluencia","035","34","08","U","580353408",NA,0.0913318332934119,"580353408",580353408,44.2,10.77,1.75,68.35,63.83,0.8,3.5,743,8135.17010671454
"NEUQUEN","58","Confluencia","035","15","04","U","580351504",NA,0.108275433840316,"580351504",580351504,68.46,12.27,2.77,67.29,62.23,2,4.9,831,7674.87111827744
"NEUQUEN","58","Confluencia","035","33","14","U","580353314",NA,0.0836877377205305,"580353314",580353314,7.54,2.04,0.36,68.91,62.53,8.1,5.4,1126,13454.7788083387
"NEUQUEN","58","Confluencia","035","34","17","U","580353417",NA,0.0984285539481267,"580353417",580353417,69.57,13.33,1.83,68.83,64.17,1.6,1.6,600,6095.79208403497
"NEUQUEN","58","Confluencia","035","34","16","U","580353416",NA,0.0820933679547537,"580353416",580353416,76.42,12.52,1.73,66.61,62.36,2.8,4.3,751,9148.12022834681
"NEUQUEN","58","Confluencia","035","13","15","U","580351315",NA,0.109345125904243,"580351315",580351315,76.13,12.83,2.17,67.31,63.33,4.9,3.1,920,8413.72665120592
"NEUQUEN","58","Confluencia","035","15","05","U","580351505",NA,0.0823135962001694,"580351505",580351505,84.07,16.46,2.43,63.08,55.06,2.2,2.7,577,7009.77756574815
"NEUQUEN","58","Confluencia","035","33","15","U","580353315",NA,0.0948598585976995,"580353315",580353315,18.32,4.13,0.6,71.7,65.53,10.4,13.1,1162,12249.6492950515
"NEUQUEN","58","Confluencia","035","13","14","U","580351314",NA,0.131796835877623,"580351314",580351314,108.47,16.52,3.48,64.77,60.27,2.3,4.1,775,5880.26256350805
"NEUQUEN","58","Confluencia","035","15","18","U","580351518",NA,0.0829930790690024,"580351518",580351518,74.42,12.78,2.13,65.09,60.82,1.3,1,751,9048.94731493937
"NEUQUEN","58","Confluencia","035","15","07","U","580351507",NA,0.161915732391468,"580351507",580351507,69.78,13.08,2.27,63.35,58.92,1.6,8.6,971,5996.94659474095
"NEUQUEN","58","Confluencia","035","15","13","U","580351513",NA,0.180858423834371,"580351513",580351513,86.49,13.94,2.4,67.22,61.99,3,2.8,918,5075.79343299319
"NEUQUEN","58","Confluencia","035","11","05","U","580351105",NA,0.897375533059431,"580351105",580351105,9.51,3.01,0.17,64.36,59.85,10.9,27.2,1163,1296.00145887082
"NEUQUEN","58","Confluencia","035","13","16","U","580351316",NA,0.104209505302791,"580351316",580351316,80.77,11.86,1.69,70.24,65.43,1.8,3.1,531,5095.50446916651
"NEUQUEN","58","Confluencia","035","13","19","U","580351319",NA,0.141081613270897,"580351319",580351319,94.05,16.12,2.65,68.2,61.89,4,2.7,490,3473.16697505527
"NEUQUEN","58","Confluencia","035","34","18","U","580353418",NA,0.0597766343515869,"580353418",580353418,101.47,14.84,3.44,65.17,61.44,2.5,2,465,7778.95920444466
"NEUQUEN","58","Confluencia","035","14","10","U","580351410",NA,0.0580644608270638,"580351410",580351410,56.84,11.44,1.27,66.58,63.5,2.6,5.3,472,8128.8966310353
"NEUQUEN","58","Confluencia","035","14","13","U","580351413",NA,0.135757768778216,"580351413",580351413,30.51,6.28,1.4,65.13,59.51,2.9,10.4,860,6334.8124217109
"NEUQUEN","58","Confluencia","035","14","14","U","580351414",NA,0.227057493098386,"580351414",580351414,15.86,4.85,0.49,67.43,63.98,2.1,18.6,1217,5359.87596530305
"NEUQUEN","58","Confluencia","035","15","06","U","580351506",NA,0.149399917126156,"580351506",580351506,110,18.5,2.39,62.37,58.7,2,3.2,1130,7563.59187967829
"NEUQUEN","58","Confluencia","035","14","16","U","580351416",NA,0.134655406377926,"580351416",580351416,34.9,8.29,1.11,67.14,61.75,2.3,6.3,808,6000.5017379863
"NEUQUEN","58","Confluencia","035","14","17","U","580351417",NA,0.697354703911111,"580351417",580351417,18.6,5.11,0.96,76.24,73.43,2.4,47.1,626,897.678034562729
"NEUQUEN","58","Confluencia","035","15","08","U","580351508",NA,0.264348215588454,"580351508",580351508,46.15,10.71,0.19,67.15,64.63,2.7,1.3,1064,4024.99406939999
"NEUQUEN","58","Confluencia","035","15","14","U","580351514",NA,0.240439875681792,"580351514",580351514,85.71,13.87,1.73,65.15,62.41,3.2,3.7,519,2158.54378783187
"NEUQUEN","58","Confluencia","035","15","20","U","580351520",NA,0.423918564308041,"580351520",580351520,89.01,14.7,1.63,67.16,62.5,0.9,2.8,551,1299.77794414216
"NEUQUEN","58","Confluencia","035","14","15","U","580351415",NA,0.0873871472344399,"580351415",580351415,24.3,6.28,0.82,66.67,62.21,1,3.5,971,11111.4738348767
"NEUQUEN","58","Confluencia","035","14","11","U","580351411",NA,0.114534463645383,"580351411",580351411,57.49,11.5,2.16,67.06,62.5,2.2,1.9,835,7290.38206862604
"NEUQUEN","58","Confluencia","035","14","12","U","580351412",NA,0.0923504004049003,"580351412",580351412,29.66,5.68,0.49,69.57,62.85,3.6,5.7,616,6670.24720303556
"NEUQUEN","58","Confluencia","035","11","06","U","580351106",NA,0.530198147807227,"580351106",580351106,8.38,2.97,0.4,77.31,74.63,2.5,2.5,505,952.474093107567
"NEUQUEN","58","Confluencia","035","15","09","U","580351509",NA,0.0938596943683121,"580351509",580351509,83.82,12.49,1.97,65.06,60.74,1.1,1.9,913,9727.28503054062
"NEUQUEN","58","Confluencia","035","11","07","U","580351107",NA,0.155403708811305,"580351107",580351107,13.73,3.7,0.3,72.22,66.97,0.5,0,1324,8519.74518579624
"NEUQUEN","58","Confluencia","035","15","10","U","580351510",NA,0.0624955454123209,"580351510",580351510,75.24,13.32,1.85,68.61,64.39,2.7,5.1,593,9488.6762902479
"NEUQUEN","58","Confluencia","035","15","19","U","580351519",NA,0.0656482831059435,"580351519",580351519,60.77,12.56,1.75,68.29,63.42,2.1,1.7,629,9581.36253136913
"NEUQUEN","58","Confluencia","035","14","18","U","580351418",NA,0.514428204547949,"580351418",580351418,57.69,10.45,1.39,71.31,67.93,7.5,12.1,287,557.900981055655
"NEUQUEN","58","Confluencia","035","20","06","M","580352006",NA,44.7440365829998,"580352006",580352006,94.62,15.36,2.62,61.11,58.64,94.5,98.4,573,12.8061758338922
"NEUQUEN","58","Confluencia","035","15","11","U","580351511",NA,0.129084645017747,"580351511",580351511,72.9,14.53,2.79,65.52,61.74,0.2,4.4,1074,8320.1220397077
"NEUQUEN","58","Confluencia","035","15","12","U","580351512",NA,0.200330206394838,"580351512",580351512,59.85,10.5,1.79,62.6,58.78,1.4,1,781,3898.56334726027
"NEUQUEN","58","Confluencia","035","15","15","U","580351515",NA,0.375075998628869,"580351515",580351515,115.2,17.82,1.98,61.37,58.66,2.2,3.2,808,2154.23008391295
"NEUQUEN","58","Confluencia","035","11","09","U","580351109",NA,0.154395306452628,"580351109",580351109,17.05,4.25,0.97,75.13,71.86,1,36.9,518,3355.0242679102
"NEUQUEN","58","Confluencia","035","11","08","U","580351108",NA,0.0951413101756822,"580351108",580351108,9.79,2.95,0.64,75.04,70.97,0.8,40.8,780,8198.3314982703
"NEUQUEN","58","Confluencia","035","11","10","U","580351110",NA,0.228932775456727,"580351110",580351110,37.25,6.33,1.11,66.32,60.7,1,5.5,901,3935.65315495992
"NEUQUEN","58","Confluencia","035","11","12","U","580351112",NA,1.32929628855795,"580351112",580351112,10.59,3.01,0.48,68.07,66.13,7.8,5.7,831,625.142797097169
"NEUQUEN","58","Confluencia","035","11","11","U","580351111",NA,0.217250593059112,"580351111",580351111,16.07,3.85,0.53,70.66,66.67,0.6,3.2,936,4308.38869906018
"NEUQUEN","58","Confluencia","035","11","13","U","580351113",NA,0.451541493284404,"580351113",580351113,4.67,1.74,0.23,80.69,78.52,2.7,2.7,863,1911.23077908687
"NEUQUEN","58","Confluencia","035","20","07","M","580352007",NA,53.2137875009176,"580352007",580352007,68.25,14.22,2.17,61.49,57.09,67.7,94.3,1013,19.0364198372937
"NEUQUEN","58","Confluencia","035","20","10","U","580352010",NA,0.587320108382158,"580352010",580352010,53.53,11.39,2.45,64.75,59.5,3.7,57.3,1264,2152.14834629421
"NEUQUEN","58","Confluencia","035","20","08","U","580352008",NA,0.223834834217276,"580352008",580352008,54.61,11.83,2.3,67.12,61.54,2.1,47.9,651,2908.39449666746
"NEUQUEN","58","Confluencia","035","20","09","U","580352009",NA,0.269883701087594,"580352009",580352009,78.66,15.11,2.93,59.71,54.86,2.3,30.6,854,3164.32595432217
"NEUQUEN","58","Confluencia","035","20","11","U","580352011",NA,0.163841526719874,"580352011",580352011,93.9,16.44,1.6,62.42,57.45,3.7,5,937,5718.94084948333
"NEUQUEN","58","Confluencia","035","20","16","U","580352016",NA,0.23466931328652,"580352016",580352016,41.92,9.72,2.22,61.25,56.04,0.7,65.2,854,3639.1635022058
"NEUQUEN","58","Confluencia","035","20","12","U","580352012",NA,0.412821905385178,"580352012",580352012,56.3,10.19,1.48,64.34,58.31,3.3,47.2,1491,3611.72694702052
"NEUQUEN","58","Confluencia","035","20","17","U","580352017",NA,0.384052344979754,"580352017",580352017,5.56,1.8,0.22,72.71,67.9,1.4,71.7,890,2317.39243786395
"NEUQUEN","58","Confluencia","035","20","15","U","580352015",NA,0.345804707983924,"580352015",580352015,10.18,3.45,0.37,68.64,63.98,0.8,58.8,812,2348.14616820587
"NEUQUEN","58","Confluencia","035","20","13","U","580352013",NA,0.507178277413675,"580352013",580352013,7.98,2.7,0.99,74.33,67.49,28.1,90.1,705,1390.0437605394
"NEUQUEN","58","Confluencia","035","20","14","U","580352014",NA,0.161518440029364,"580352014",580352014,9.71,2.85,0.57,70.25,62.78,0.7,65.2,1052,6513.1882143534
"NEUQUEN","58","Confluencia","035","20","05","U","580352005",NA,0.0626857298591509,"580352005",580352005,200,19.05,3.17,55.17,55.17,4.2,91.7,63,1005.01342397313
"NEUQUEN","58","Confluencia","035","20","01","M","580352001",NA,116.71992633156,"580352001",580352001,0,0,0,73.68,73.68,10,50,42,0.359835730881915
"NEUQUEN","58","Confluencia","035","20","18","U","580352018",NA,0.882164509500123,"580352018",580352018,25.76,6.91,0.95,75.68,72.07,1.6,28.2,738,836.578656307752
"NEUQUEN","58","Confluencia","035","20","02","U","580352002",NA,1.64176088132845,"580352002",580352002,96.77,15.46,1.55,67.75,65.11,0.8,4.1,582,354.497422017431
"NEUQUEN","58","Confluencia","035","20","03","U","580352003",NA,0.360308776151646,"580352003",580352003,83.72,16.51,0.46,63.84,63.28,2.2,91.2,218,605.036608678798
"NEUQUEN","58","Confluencia","035","02","09","U","580350209",NA,0.204409403785439,"580350209",580350209,24.09,6.24,0.95,67.84,64.57,1.2,94,529,2587.94355936418
"NEUQUEN","58","Confluencia","035","14","01","M","580351401",NA,5.69933409855543,"580351401",580351401,9.66,3.12,0.37,73.44,67.71,4.3,67.8,545,95.6252064847605
